feature_id,text_id,duplicate_group,source,split,direction,fraction,sign,dose,interaction_norm,beyond_gain_norm
28027,3,3,fineweb-edu-sample,check,learned,0.005,-1,-0.1,0.0012702693091925816,0.00019361814305202896
28027,3,3,fineweb-edu-sample,check,learned,0.005,-1,0.1,0.0013947533745972225,0.0001937943039708643
28027,3,3,fineweb-edu-sample,check,learned,0.005,1,-0.1,0.0011581551022734674,0.0002851725850206074
28027,3,3,fineweb-edu-sample,check,learned,0.005,1,0.1,0.0012128184626514801,0.0002875253743592214
28027,3,3,fineweb-edu-sample,check,learned,0.01,-1,-0.1,0.0025993784450171805,0.0002891916665228843
28027,3,3,fineweb-edu-sample,check,learned,0.01,-1,0.1,0.0029004234757439703,0.0002838559983974527
28027,3,3,fineweb-edu-sample,check,learned,0.01,1,-0.1,0.00213764503861507,0.0006269087914513787
28027,3,3,fineweb-edu-sample,check,learned,0.01,1,0.1,0.00219003646140625,0.0006229829296499912
28027,3,3,fineweb-edu-sample,check,random_0,0.005,-1,-0.1,0.0007258520412522373,0.00020489151812494663
28027,3,3,fineweb-edu-sample,check,random_0,0.005,-1,0.1,0.0007346091572892406,0.00020564619174638765
28027,3,3,fineweb-edu-sample,check,random_0,0.005,1,-0.1,0.0008223954011054594,0.00023587236971394065
28027,3,3,fineweb-edu-sample,check,random_0,0.005,1,0.1,0.0008300879325905263,0.00024860155650934846
28027,3,3,fineweb-edu-sample,check,random_0,0.01,-1,-0.1,0.001341729124630143,0.0003680798215013702
28027,3,3,fineweb-edu-sample,check,random_0,0.01,-1,0.1,0.001344595899675666,0.00037772326043047455
28027,3,3,fineweb-edu-sample,check,random_0,0.01,1,-0.1,0.0017102050692438654,0.0005164498809476386
28027,3,3,fineweb-edu-sample,check,random_0,0.01,1,0.1,0.0017464157501584914,0.0005295650511342605
28027,3,3,fineweb-edu-sample,check,random_1,0.005,-1,-0.1,0.000261970923755327,1.2786420919581832e-05
28027,3,3,fineweb-edu-sample,check,random_1,0.005,-1,0.1,0.00021887409912985206,9.204037354141043e-05
28027,3,3,fineweb-edu-sample,check,random_1,0.005,1,-0.1,0.0003426679685262884,7.964259249087619e-05
28027,3,3,fineweb-edu-sample,check,random_1,0.005,1,0.1,0.0002860153582730486,1.0981290033968458e-05
28027,3,3,fineweb-edu-sample,check,random_1,0.01,-1,-0.1,0.0004544087994204032,0.00011787804065893867
28027,3,3,fineweb-edu-sample,check,random_1,0.01,-1,0.1,0.0004228274687738847,0.0002942011226655869
28027,3,3,fineweb-edu-sample,check,random_1,0.01,1,-0.1,0.0007686224518127486,0.0002556504561056356
28027,3,3,fineweb-edu-sample,check,random_1,0.01,1,0.1,0.0006435592300797808,0.00013088155839947608
28027,3,3,fineweb-edu-sample,check,random_2,0.005,-1,-0.1,0.0009733661504808136,9.155792656549392e-05
28027,3,3,fineweb-edu-sample,check,random_2,0.005,-1,0.1,0.0010008070769725005,0.00010243596718325264
28027,3,3,fineweb-edu-sample,check,random_2,0.005,1,-0.1,0.0010180520508721615,0.00013087289127258037
28027,3,3,fineweb-edu-sample,check,random_2,0.005,1,0.1,0.0010580854298610015,0.00013390268111143194
28027,3,3,fineweb-edu-sample,check,random_2,0.01,-1,-0.1,0.0018750790476356803,0.00015431534769811244
28027,3,3,fineweb-edu-sample,check,random_2,0.01,-1,0.1,0.0019184910634746743,0.00017638562026417643
28027,3,3,fineweb-edu-sample,check,random_2,0.01,1,-0.1,0.0020446522131971137,0.00029196907296135695
28027,3,3,fineweb-edu-sample,check,random_2,0.01,1,0.1,0.002133167641094072,0.0002965317873073066
28027,3,3,fineweb-edu-sample,check,approx_spectrum_matched,0.005,-1,-0.1,0.000918015591803929,0.0001584505170761709
28027,3,3,fineweb-edu-sample,check,approx_spectrum_matched,0.005,-1,0.1,0.0009906578863146055,0.00018407745714683923
28027,3,3,fineweb-edu-sample,check,approx_spectrum_matched,0.005,1,-0.1,0.000979260829963154,0.0001527182615728807
28027,3,3,fineweb-edu-sample,check,approx_spectrum_matched,0.005,1,0.1,0.0010590188564614119,0.00017315026503096493
28027,3,3,fineweb-edu-sample,check,approx_spectrum_matched,0.01,-1,-0.1,0.001767046372097672,0.00032768207400265246
28027,3,3,fineweb-edu-sample,check,approx_spectrum_matched,0.01,-1,0.1,0.0018969565349757447,0.00037598850059722974
28027,3,3,fineweb-edu-sample,check,approx_spectrum_matched,0.01,1,-0.1,0.001995546772133537,0.00029354223478883615
28027,3,3,fineweb-edu-sample,check,approx_spectrum_matched,0.01,1,0.1,0.002169328320332661,0.0003402977910420805
28027,3,3,fineweb-edu-sample,check,leading_pc,0.005,-1,-0.1,0.002467144086245335,0.0004727702224346722
28027,3,3,fineweb-edu-sample,check,leading_pc,0.005,-1,0.1,0.0027085509073975244,0.0005123592544770934
28027,3,3,fineweb-edu-sample,check,leading_pc,0.005,1,-0.1,0.002186171864455232,0.0003079506152607408
28027,3,3,fineweb-edu-sample,check,leading_pc,0.005,1,0.1,0.0023983713261465467,0.0003331636484725412
28027,3,3,fineweb-edu-sample,check,leading_pc,0.01,-1,-0.1,0.005259904042881449,0.0011673298428824792
28027,3,3,fineweb-edu-sample,check,leading_pc,0.01,-1,0.1,0.005760400324087317,0.001243748281504742
28027,3,3,fineweb-edu-sample,check,leading_pc,0.01,1,-0.1,0.004133255162816183,0.0004926388236820699
28027,3,3,fineweb-edu-sample,check,leading_pc,0.01,1,0.1,0.004538069687496892,0.0005419654991566823
28027,3,3,fineweb-edu-sample,check,shuffled_labels,0.005,-1,-0.1,0.0004640932624317494,0.00037749982324747664
28027,3,3,fineweb-edu-sample,check,shuffled_labels,0.005,-1,0.1,0.0005243119452259336,0.0004352312598756506
28027,3,3,fineweb-edu-sample,check,shuffled_labels,0.005,1,-0.1,0.00041565330552300955,0.0003419436246114047
28027,3,3,fineweb-edu-sample,check,shuffled_labels,0.005,1,0.1,0.0004692118826739628,0.0003910901908978997
28027,3,3,fineweb-edu-sample,check,shuffled_labels,0.01,-1,-0.1,0.0010034758164448327,0.0008121422724499993
28027,3,3,fineweb-edu-sample,check,shuffled_labels,0.01,-1,0.1,0.0011161249450748693,0.0009193572682294472
28027,3,3,fineweb-edu-sample,check,shuffled_labels,0.01,1,-0.1,0.0007959285657292735,0.0006594323658889061
28027,3,3,fineweb-edu-sample,check,shuffled_labels,0.01,1,0.1,0.000917820492478173,0.0007620577914384913
28027,173,173,fineweb-edu-sample,fit,learned,0.005,-1,-0.1,0.0008033567002593423,0.0008016532984309653
28027,173,173,fineweb-edu-sample,fit,learned,0.005,-1,0.1,0.0008107577941403747,0.0008089254209140524
28027,173,173,fineweb-edu-sample,fit,learned,0.005,1,-0.1,0.0008250678776726635,0.0008250662317910936
28027,173,173,fineweb-edu-sample,fit,learned,0.005,1,0.1,0.000819347361664658,0.000819237236505198
28027,173,173,fineweb-edu-sample,fit,learned,0.01,-1,-0.1,0.0016001828783868003,0.0015927806394079075
28027,173,173,fineweb-edu-sample,fit,learned,0.01,-1,0.1,0.0016085746568139077,0.0015983621306339406
28027,173,173,fineweb-edu-sample,fit,learned,0.01,1,-0.1,0.0016502049249227315,0.0016498003142113263
28027,173,173,fineweb-edu-sample,fit,learned,0.01,1,0.1,0.001653978196647349,0.0016538400910542897
28027,173,173,fineweb-edu-sample,fit,random_0,0.005,-1,-0.1,0.0003510570887530127,0.00020710742345794196
28027,173,173,fineweb-edu-sample,fit,random_0,0.005,-1,0.1,0.0003568934210571765,0.0002155020533075206
28027,173,173,fineweb-edu-sample,fit,random_0,0.005,1,-0.1,0.0003816461155305146,0.0002092984701651858
28027,173,173,fineweb-edu-sample,fit,random_0,0.005,1,0.1,0.00038027098180519703,0.00020760855369371837
28027,173,173,fineweb-edu-sample,fit,random_0,0.01,-1,-0.1,0.0006822520005906447,0.000416789604087661
28027,173,173,fineweb-edu-sample,fit,random_0,0.01,-1,0.1,0.0006782984691638162,0.00042576002714778333
28027,173,173,fineweb-edu-sample,fit,random_0,0.01,1,-0.1,0.0008030273278717371,0.00042350393766938944
28027,173,173,fineweb-edu-sample,fit,random_0,0.01,1,0.1,0.0008067346318140687,0.00043142406446675384
28027,173,173,fineweb-edu-sample,fit,random_1,0.005,-1,-0.1,0.0005611652175604253,0.0005423732427485387
28027,173,173,fineweb-edu-sample,fit,random_1,0.005,-1,0.1,0.0005670449967865828,0.0005497592875088112
28027,173,173,fineweb-edu-sample,fit,random_1,0.005,1,-0.1,0.0006522916210230821,0.0006159140512405112
28027,173,173,fineweb-edu-sample,fit,random_1,0.005,1,0.1,0.0006447221036423033,0.0006099883301395288
28027,173,173,fineweb-edu-sample,fit,random_1,0.01,-1,-0.1,0.0010451996409866673,0.0010189527313292674
28027,173,173,fineweb-edu-sample,fit,random_1,0.01,-1,0.1,0.001027409257644224,0.0010050872390284964
28027,173,173,fineweb-edu-sample,fit,random_1,0.01,1,-0.1,0.0014110261728736842,0.0013125281088745423
28027,173,173,fineweb-edu-sample,fit,random_1,0.01,1,0.1,0.0013698270110951585,0.0012802057029097764
28027,173,173,fineweb-edu-sample,fit,random_2,0.005,-1,-0.1,0.0001874885869153738,0.0001530899832656932
28027,173,173,fineweb-edu-sample,fit,random_2,0.005,-1,0.1,0.00019358414111660008,0.00015514663377779456
28027,173,173,fineweb-edu-sample,fit,random_2,0.005,1,-0.1,0.00021446012932164565,0.00017533679654220172
28027,173,173,fineweb-edu-sample,fit,random_2,0.005,1,0.1,0.00020748060927305048,0.00016886560652405985
28027,173,173,fineweb-edu-sample,fit,random_2,0.01,-1,-0.1,0.0003459370603558675,0.0002764570944462917
28027,173,173,fineweb-edu-sample,fit,random_2,0.01,-1,0.1,0.0003644374406784763,0.00028734166452174025
28027,173,173,fineweb-edu-sample,fit,random_2,0.01,1,-0.1,0.00044335189685154955,0.0003624993697370334
28027,173,173,fineweb-edu-sample,fit,random_2,0.01,1,0.1,0.00043943719909539446,0.00034935668916149875
28027,173,173,fineweb-edu-sample,fit,approx_spectrum_matched,0.005,-1,-0.1,0.0003760274460384604,0.0002714113018376811
28027,173,173,fineweb-edu-sample,fit,approx_spectrum_matched,0.005,-1,0.1,0.0003826563974394471,0.0002676631257863274
28027,173,173,fineweb-edu-sample,fit,approx_spectrum_matched,0.005,1,-0.1,0.000329095029713033,0.00026077832513690837
28027,173,173,fineweb-edu-sample,fit,approx_spectrum_matched,0.005,1,0.1,0.0003300653582714246,0.00026257905880056385
28027,173,173,fineweb-edu-sample,fit,approx_spectrum_matched,0.01,-1,-0.1,0.0008320960068072085,0.0005414676260974802
28027,173,173,fineweb-edu-sample,fit,approx_spectrum_matched,0.01,-1,0.1,0.0008260603397126584,0.0005440692556528188
28027,173,173,fineweb-edu-sample,fit,approx_spectrum_matched,0.01,1,-0.1,0.0006199154481080688,0.0005209648967917951
28027,173,173,fineweb-edu-sample,fit,approx_spectrum_matched,0.01,1,0.1,0.0006173522129043886,0.0005121550808500133
28027,173,173,fineweb-edu-sample,fit,leading_pc,0.005,-1,-0.1,0.0016153695376924003,0.0016093050706082652
28027,173,173,fineweb-edu-sample,fit,leading_pc,0.005,-1,0.1,0.001585200650208818,0.0015800496909680664
28027,173,173,fineweb-edu-sample,fit,leading_pc,0.005,1,-0.1,0.0016223289577540394,0.0016080891880737764
28027,173,173,fineweb-edu-sample,fit,leading_pc,0.005,1,0.1,0.001585609674815081,0.0015726539829926218
28027,173,173,fineweb-edu-sample,fit,leading_pc,0.01,-1,-0.1,0.003215729023063913,0.003211428160506152
28027,173,173,fineweb-edu-sample,fit,leading_pc,0.01,-1,0.1,0.003139523986062268,0.003135995554193545
28027,173,173,fineweb-edu-sample,fit,leading_pc,0.01,1,-0.1,0.0032282936678849745,0.003192372139561277
28027,173,173,fineweb-edu-sample,fit,leading_pc,0.01,1,0.1,0.0031664012720634604,0.0031326878804538855
28027,173,173,fineweb-edu-sample,fit,shuffled_labels,0.005,-1,-0.1,0.0008460345008676499,0.0008447020152659745
28027,173,173,fineweb-edu-sample,fit,shuffled_labels,0.005,-1,0.1,0.0008308064777139118,0.000829445748158151
28027,173,173,fineweb-edu-sample,fit,shuffled_labels,0.005,1,-0.1,0.0007577271031240225,0.0007574687386661784
28027,173,173,fineweb-edu-sample,fit,shuffled_labels,0.005,1,0.1,0.0007577060977015831,0.0007572534502571915
28027,173,173,fineweb-edu-sample,fit,shuffled_labels,0.01,-1,-0.1,0.0017768419694546601,0.0017725948574331292
28027,173,173,fineweb-edu-sample,fit,shuffled_labels,0.01,-1,0.1,0.0017483951467283736,0.0017445567552644506
28027,173,173,fineweb-edu-sample,fit,shuffled_labels,0.01,1,-0.1,0.0014396695403338323,0.001439436447959461
28027,173,173,fineweb-edu-sample,fit,shuffled_labels,0.01,1,0.1,0.0014375291985693102,0.0014373977396813574
28027,258,258,fineweb-edu-sample,check,learned,0.005,-1,-0.1,0.0013139960837779722,0.0013138961584389615
28027,258,258,fineweb-edu-sample,check,learned,0.005,-1,0.1,0.0012794258056346053,0.0012772517313742438
28027,258,258,fineweb-edu-sample,check,learned,0.005,1,-0.1,0.0013016178410729339,0.0012492774099392653
28027,258,258,fineweb-edu-sample,check,learned,0.005,1,0.1,0.001246752279656001,0.0011720065351490364
28027,258,258,fineweb-edu-sample,check,learned,0.01,-1,-0.1,0.002742680329718905,0.0027204199374667062
28027,258,258,fineweb-edu-sample,check,learned,0.01,-1,0.1,0.002640475376444551,0.002627175158451177
28027,258,258,fineweb-edu-sample,check,learned,0.01,1,-0.1,0.002605469659937602,0.0023787408873825787
28027,258,258,fineweb-edu-sample,check,learned,0.01,1,0.1,0.0025203225741423753,0.002220711321534479
28027,258,258,fineweb-edu-sample,check,random_0,0.005,-1,-0.1,0.0008327720703057739,0.0008321630627009215
28027,258,258,fineweb-edu-sample,check,random_0,0.005,-1,0.1,0.0008808855084819452,0.0008806738068848327
28027,258,258,fineweb-edu-sample,check,random_0,0.005,1,-0.1,0.0009790131399562449,0.0009629388151529945
28027,258,258,fineweb-edu-sample,check,random_0,0.005,1,0.1,0.001015257194592209,0.0009967277453313565
28027,258,258,fineweb-edu-sample,check,random_0,0.01,-1,-0.1,0.001525169446044759,0.0015092359198756546
28027,258,258,fineweb-edu-sample,check,random_0,0.01,-1,0.1,0.001604275320894312,0.0015946592777384022
28027,258,258,fineweb-edu-sample,check,random_0,0.01,1,-0.1,0.002131471764566059,0.002055633384926202
28027,258,258,fineweb-edu-sample,check,random_0,0.01,1,0.1,0.002188352433201315,0.002104898755070737
28027,258,258,fineweb-edu-sample,check,random_1,0.005,-1,-0.1,0.0016989137318493125,0.0012264430805909144
28027,258,258,fineweb-edu-sample,check,random_1,0.005,-1,0.1,0.0016471173722358912,0.0011405752181915555
28027,258,258,fineweb-edu-sample,check,random_1,0.005,1,-0.1,0.001552622224746253,0.0011232039319902217
28027,258,258,fineweb-edu-sample,check,random_1,0.005,1,0.1,0.0015193184247943392,0.0010528597288102788
28027,258,258,fineweb-edu-sample,check,random_1,0.01,-1,-0.1,0.0034812775837165418,0.0025258395195799387
28027,258,258,fineweb-edu-sample,check,random_1,0.01,-1,0.1,0.0034126995893860846,0.0023973450769084843
28027,258,258,fineweb-edu-sample,check,random_1,0.01,1,-0.1,0.002914854104143328,0.0021026603070865603
28027,258,258,fineweb-edu-sample,check,random_1,0.01,1,0.1,0.0028733630290098127,0.001975904391163447
28027,258,258,fineweb-edu-sample,check,random_2,0.005,-1,-0.1,0.0008308210167445288,0.000519905955938373
28027,258,258,fineweb-edu-sample,check,random_2,0.005,-1,0.1,0.0008355250097702897,0.0005108732347466119
28027,258,258,fineweb-edu-sample,check,random_2,0.005,1,-0.1,0.0010688649520236657,0.0007648663574733751
28027,258,258,fineweb-edu-sample,check,random_2,0.005,1,0.1,0.0010850007016063666,0.0007527661238757525
28027,258,258,fineweb-edu-sample,check,random_2,0.01,-1,-0.1,0.001392913491307529,0.0007629965866857034
28027,258,258,fineweb-edu-sample,check,random_2,0.01,-1,0.1,0.0014219728586986496,0.0007199004128799201
28027,258,258,fineweb-edu-sample,check,random_2,0.01,1,-0.1,0.002380226901544138,0.0017373013864313564
28027,258,258,fineweb-edu-sample,check,random_2,0.01,1,0.1,0.002420139868931959,0.001741435691769939
28027,258,258,fineweb-edu-sample,check,approx_spectrum_matched,0.005,-1,-0.1,0.0007925865551993499,0.000581619510468905
28027,258,258,fineweb-edu-sample,check,approx_spectrum_matched,0.005,-1,0.1,0.0007688537480295158,0.0005847060491265246
28027,258,258,fineweb-edu-sample,check,approx_spectrum_matched,0.005,1,-0.1,0.0009132014223638803,0.00039711169573486166
28027,258,258,fineweb-edu-sample,check,approx_spectrum_matched,0.005,1,0.1,0.0008470863144496337,0.00039765642159707775
28027,258,258,fineweb-edu-sample,check,approx_spectrum_matched,0.01,-1,-0.1,0.0015799169409244063,0.0013549227970514701
28027,258,258,fineweb-edu-sample,check,approx_spectrum_matched,0.01,-1,0.1,0.0015185561900729384,0.0013496544859282688
28027,258,258,fineweb-edu-sample,check,approx_spectrum_matched,0.01,1,-0.1,0.0019945578507943856,0.0006602249490356883
28027,258,258,fineweb-edu-sample,check,approx_spectrum_matched,0.01,1,0.1,0.0018744861702497358,0.000658032193725674
28027,258,258,fineweb-edu-sample,check,leading_pc,0.005,-1,-0.1,0.0029631216957443527,0.0005117979962989413
28027,258,258,fineweb-edu-sample,check,leading_pc,0.005,-1,0.1,0.0028732231210200293,0.0006690276267354116
28027,258,258,fineweb-edu-sample,check,leading_pc,0.005,1,-0.1,0.0028409911866677396,3.9150165305661625e-05
28027,258,258,fineweb-edu-sample,check,leading_pc,0.005,1,0.1,0.0027515386933501364,5.561138991172761e-05
28027,258,258,fineweb-edu-sample,check,leading_pc,0.01,-1,-0.1,0.006126429082989369,0.001803252509743754
28027,258,258,fineweb-edu-sample,check,leading_pc,0.01,-1,0.1,0.006001217379165499,0.002181031248964971
28027,258,258,fineweb-edu-sample,check,leading_pc,0.01,1,-0.1,0.0056393078173500545,0.0005018431854842587
28027,258,258,fineweb-edu-sample,check,leading_pc,0.01,1,0.1,0.005467732343100747,0.0003070690197940309
28027,258,258,fineweb-edu-sample,check,shuffled_labels,0.005,-1,-0.1,0.0012886540741958376,0.0012779382487639259
28027,258,258,fineweb-edu-sample,check,shuffled_labels,0.005,-1,0.1,0.0013650251557377029,0.001357593343630553
28027,258,258,fineweb-edu-sample,check,shuffled_labels,0.005,1,-0.1,0.0013228416752260061,0.0013218625666066852
28027,258,258,fineweb-edu-sample,check,shuffled_labels,0.005,1,0.1,0.0013930972829575212,0.0013911342603103703
28027,258,258,fineweb-edu-sample,check,shuffled_labels,0.01,-1,-0.1,0.0025736205032831855,0.0025158312251193572
28027,258,258,fineweb-edu-sample,check,shuffled_labels,0.01,-1,0.1,0.00268914297074427,0.0026444450737686336
28027,258,258,fineweb-edu-sample,check,shuffled_labels,0.01,1,-0.1,0.00264394140054296,0.0026241666976524673
28027,258,258,fineweb-edu-sample,check,shuffled_labels,0.01,1,0.1,0.0028117426386879713,0.0027910371205070897
28027,757,757,fineweb-edu-sample,fit,learned,0.005,-1,-0.1,0.0003876530666449566,0.0003143345243808554
28027,757,757,fineweb-edu-sample,fit,learned,0.005,-1,0.1,0.00039246218381399815,0.0003373699273573209
28027,757,757,fineweb-edu-sample,fit,learned,0.005,1,-0.1,0.0005037874278774232,0.0003331622269582747
28027,757,757,fineweb-edu-sample,fit,learned,0.005,1,0.1,0.0004965670075020537,0.00034805535750220384
28027,757,757,fineweb-edu-sample,fit,learned,0.01,-1,-0.1,0.0007153188359720602,0.0006419419436358293
28027,757,757,fineweb-edu-sample,fit,learned,0.01,-1,0.1,0.0007316024736609883,0.000682104458862043
28027,757,757,fineweb-edu-sample,fit,learned,0.01,1,-0.1,0.0011440817046517071,0.0006860498225375047
28027,757,757,fineweb-edu-sample,fit,learned,0.01,1,0.1,0.0011149909892603272,0.0007142446153342264
28027,757,757,fineweb-edu-sample,fit,random_0,0.005,-1,-0.1,0.0010694113811528458,0.0006574396203226758
28027,757,757,fineweb-edu-sample,fit,random_0,0.005,-1,0.1,0.001082485991012624,0.0006698559810486268
28027,757,757,fineweb-edu-sample,fit,random_0,0.005,1,-0.1,0.0009934869864136346,0.0007144330634219127
28027,757,757,fineweb-edu-sample,fit,random_0,0.005,1,0.1,0.0009929248511610252,0.000715974498114861
28027,757,757,fineweb-edu-sample,fit,random_0,0.01,-1,-0.1,0.0022173662583678403,0.001251931407460224
28027,757,757,fineweb-edu-sample,fit,random_0,0.01,-1,0.1,0.002221345172184694,0.0012729202425379859
28027,757,757,fineweb-edu-sample,fit,random_0,0.01,1,-0.1,0.0018851458986289284,0.0014563528598061633
28027,757,757,fineweb-edu-sample,fit,random_0,0.01,1,0.1,0.0018909647720122334,0.0014669022079630404
28027,757,757,fineweb-edu-sample,fit,random_1,0.005,-1,-0.1,0.00021041868042478951,0.00020047003333519093
28027,757,757,fineweb-edu-sample,fit,random_1,0.005,-1,0.1,0.0002245538524037611,0.00021127406600913832
28027,757,757,fineweb-edu-sample,fit,random_1,0.005,1,-0.1,0.00022795260070915653,0.0002267735623589056
28027,757,757,fineweb-edu-sample,fit,random_1,0.005,1,0.1,0.00022984342442732735,0.00022831429939172704
28027,757,757,fineweb-edu-sample,fit,random_1,0.01,-1,-0.1,0.00044785341973840886,0.00038571467043552654
28027,757,757,fineweb-edu-sample,fit,random_1,0.01,-1,0.1,0.00046379590153363174,0.000395342886405004
28027,757,757,fineweb-edu-sample,fit,random_1,0.01,1,-0.1,0.0004956354698252214,0.0004720076418368027
28027,757,757,fineweb-edu-sample,fit,random_1,0.01,1,0.1,0.0004906614968871154,0.0004728841689613869
28027,757,757,fineweb-edu-sample,fit,random_2,0.005,-1,-0.1,6.869765649205018e-05,6.442270087185415e-05
28027,757,757,fineweb-edu-sample,fit,random_2,0.005,-1,0.1,8.639178720471115e-05,7.307288213727739e-05
28027,757,757,fineweb-edu-sample,fit,random_2,0.005,1,-0.1,5.736531360229714e-05,6.782050734505851e-06
28027,757,757,fineweb-edu-sample,fit,random_2,0.005,1,0.1,7.535385057741797e-05,1.879558991152245e-05
28027,757,757,fineweb-edu-sample,fit,random_2,0.01,-1,-0.1,0.00016703191153664724,0.000167031592252462
28027,757,757,fineweb-edu-sample,fit,random_2,0.01,-1,0.1,0.00019278202554237937,0.00018769335805440872
28027,757,757,fineweb-edu-sample,fit,random_2,0.01,1,-0.1,0.00015615597914556272,4.346158616998413e-05
28027,757,757,fineweb-edu-sample,fit,random_2,0.01,1,0.1,0.00018088916740834605,7.099641286569801e-06
28027,757,757,fineweb-edu-sample,fit,approx_spectrum_matched,0.005,-1,-0.1,0.0003568733521185662,0.00024850114013298604
28027,757,757,fineweb-edu-sample,fit,approx_spectrum_matched,0.005,-1,0.1,0.0003576596563834987,0.0002607472245767586
28027,757,757,fineweb-edu-sample,fit,approx_spectrum_matched,0.005,1,-0.1,0.000334734250972797,0.0002265984726794015
28027,757,757,fineweb-edu-sample,fit,approx_spectrum_matched,0.005,1,0.1,0.0003471783860143605,0.00024306503479776823
28027,757,757,fineweb-edu-sample,fit,approx_spectrum_matched,0.01,-1,-0.1,0.0007372204723799135,0.0005003102408949327
28027,757,757,fineweb-edu-sample,fit,approx_spectrum_matched,0.01,-1,0.1,0.0007371908634474371,0.0005313261499451863
28027,757,757,fineweb-edu-sample,fit,approx_spectrum_matched,0.01,1,-0.1,0.0006589641097115804,0.0004186656033349046
28027,757,757,fineweb-edu-sample,fit,approx_spectrum_matched,0.01,1,0.1,0.0006561322614061063,0.00043910499205725633
28027,757,757,fineweb-edu-sample,fit,leading_pc,0.005,-1,-0.1,0.0010874714400123326,0.00010163064446455484
28027,757,757,fineweb-edu-sample,fit,leading_pc,0.005,-1,0.1,0.001081505043957098,0.00010026853024678941
28027,757,757,fineweb-edu-sample,fit,leading_pc,0.005,1,-0.1,0.000975488676762749,0.00016333691048455812
28027,757,757,fineweb-edu-sample,fit,leading_pc,0.005,1,0.1,0.0009735838952651701,0.00017013476977244786
28027,757,757,fineweb-edu-sample,fit,leading_pc,0.01,-1,-0.1,0.002271333106725571,0.00012212384761735157
28027,757,757,fineweb-edu-sample,fit,leading_pc,0.01,-1,0.1,0.0022662212063713667,0.00012186407976011049
28027,757,757,fineweb-edu-sample,fit,leading_pc,0.01,1,-0.1,0.001855826696264433,0.0003813502592146892
28027,757,757,fineweb-edu-sample,fit,leading_pc,0.01,1,0.1,0.0018474961391468714,0.00039079124782244153
28027,757,757,fineweb-edu-sample,fit,shuffled_labels,0.005,-1,-0.1,0.0005707270699298723,9.845803166269224e-05
28027,757,757,fineweb-edu-sample,fit,shuffled_labels,0.005,-1,0.1,0.000586712228497842,9.719060182111945e-05
28027,757,757,fineweb-edu-sample,fit,shuffled_labels,0.005,1,-0.1,0.0005601543926700521,0.00010268410832212512
28027,757,757,fineweb-edu-sample,fit,shuffled_labels,0.005,1,0.1,0.0005546917766692448,9.935784374508964e-05
28027,757,757,fineweb-edu-sample,fit,shuffled_labels,0.01,-1,-0.1,0.0011666617969509274,0.0001889681195204815
28027,757,757,fineweb-edu-sample,fit,shuffled_labels,0.01,-1,0.1,0.0011956238904461702,0.00017878310732005861
28027,757,757,fineweb-edu-sample,fit,shuffled_labels,0.01,1,-0.1,0.001084865316847043,0.00019888051162334785
28027,757,757,fineweb-edu-sample,fit,shuffled_labels,0.01,1,0.1,0.0011024632873528127,0.00018978139814827968
28027,831,831,fineweb-edu-sample,check,learned,0.005,-1,-0.1,0.0013836631224813309,0.00060263462013428
28027,831,831,fineweb-edu-sample,check,learned,0.005,-1,0.1,0.0013573496990657062,0.0005693584530503684
28027,831,831,fineweb-edu-sample,check,learned,0.005,1,-0.1,0.001435869454630302,0.0005665092487547535
28027,831,831,fineweb-edu-sample,check,learned,0.005,1,0.1,0.0013975700347081637,0.0005454180313442434
28027,831,831,fineweb-edu-sample,check,learned,0.01,-1,-0.1,0.002705657274971257,0.001240843557653299
28027,831,831,fineweb-edu-sample,check,learned,0.01,-1,0.1,0.002677705077431392,0.0012199144689816867
28027,831,831,fineweb-edu-sample,check,learned,0.01,1,-0.1,0.002938164986830975,0.0011260179385559886
28027,831,831,fineweb-edu-sample,check,learned,0.01,1,0.1,0.0028309071618269504,0.001076929041985181
28027,831,831,fineweb-edu-sample,check,random_0,0.005,-1,-0.1,0.000202826400075748,0.00020204495256892423
28027,831,831,fineweb-edu-sample,check,random_0,0.005,-1,0.1,0.00020247619749193225,0.00020144578120912264
28027,831,831,fineweb-edu-sample,check,random_0,0.005,1,-0.1,0.00028772934559122103,0.0002861770150119237
28027,831,831,fineweb-edu-sample,check,random_0,0.005,1,0.1,0.00027472659507903627,0.00027058855567546126
28027,831,831,fineweb-edu-sample,check,random_0,0.01,-1,-0.1,0.0003342204162232884,0.0003342038491338418
28027,831,831,fineweb-edu-sample,check,random_0,0.01,-1,0.1,0.00032955278192644616,0.00032884505481238946
28027,831,831,fineweb-edu-sample,check,random_0,0.01,1,-0.1,0.0006510689315342557,0.0006460054841269522
28027,831,831,fineweb-edu-sample,check,random_0,0.01,1,0.1,0.0006392890889016353,0.0006284490894137964
28027,831,831,fineweb-edu-sample,check,random_1,0.005,-1,-0.1,0.001148908952727076,0.001116726466919857
28027,831,831,fineweb-edu-sample,check,random_1,0.005,-1,0.1,0.001110258186955758,0.0010944762420644321
28027,831,831,fineweb-edu-sample,check,random_1,0.005,1,-0.1,0.0011310665090471807,0.0011225871524696946
28027,831,831,fineweb-edu-sample,check,random_1,0.005,1,0.1,0.0011117974743189423,0.001109290747737811
28027,831,831,fineweb-edu-sample,check,random_1,0.01,-1,-0.1,0.002302554753378627,0.002202757704238158
28027,831,831,fineweb-edu-sample,check,random_1,0.01,-1,0.1,0.002233874006415145,0.002175832687284618
28027,831,831,fineweb-edu-sample,check,random_1,0.01,1,-0.1,0.0022584723017008675,0.0022497218912956862
28027,831,831,fineweb-edu-sample,check,random_1,0.01,1,0.1,0.0021994610524967775,0.0021984657994578998
28027,831,831,fineweb-edu-sample,check,random_2,0.005,-1,-0.1,0.002165875838581418,0.0013976773978134145
28027,831,831,fineweb-edu-sample,check,random_2,0.005,-1,0.1,0.0021263257620322286,0.0014309309335972956
28027,831,831,fineweb-edu-sample,check,random_2,0.005,1,-0.1,0.002255625709566198,0.0013435459888652822
28027,831,831,fineweb-edu-sample,check,random_2,0.005,1,0.1,0.0022222088720683917,0.001392079993712083
28027,831,831,fineweb-edu-sample,check,random_2,0.01,-1,-0.1,0.004221999896178282,0.0028140832659689628
28027,831,831,fineweb-edu-sample,check,random_2,0.01,-1,0.1,0.004111161779724646,0.0028417556338831964
28027,831,831,fineweb-edu-sample,check,random_2,0.01,1,-0.1,0.004627651488703208,0.0025988316165725402
28027,831,831,fineweb-edu-sample,check,random_2,0.01,1,0.1,0.0045323938018056375,0.0026997969710522663
28027,831,831,fineweb-edu-sample,check,approx_spectrum_matched,0.005,-1,-0.1,0.0008862432937643988,0.00044198103848855277
28027,831,831,fineweb-edu-sample,check,approx_spectrum_matched,0.005,-1,0.1,0.0007924203292674617,0.0004063075994024841
28027,831,831,fineweb-edu-sample,check,approx_spectrum_matched,0.005,1,-0.1,0.0006533242029972883,0.0003733820720223672
28027,831,831,fineweb-edu-sample,check,approx_spectrum_matched,0.005,1,0.1,0.0005494424825103888,0.000318570738148794
28027,831,831,fineweb-edu-sample,check,approx_spectrum_matched,0.01,-1,-0.1,0.002096688934167195,0.0009723761719943749
28027,831,831,fineweb-edu-sample,check,approx_spectrum_matched,0.01,-1,0.1,0.0018940716216953165,0.0009278829937020445
28027,831,831,fineweb-edu-sample,check,approx_spectrum_matched,0.01,1,-0.1,0.0010711829428915016,0.0006416265592189004
28027,831,831,fineweb-edu-sample,check,approx_spectrum_matched,0.01,1,0.1,0.000928896683759377,0.0005715162661891351
28027,831,831,fineweb-edu-sample,check,leading_pc,0.005,-1,-0.1,0.0029095959964947275,0.0014598860926129142
28027,831,831,fineweb-edu-sample,check,leading_pc,0.005,-1,0.1,0.0028713865134941626,0.0016026999964892737
28027,831,831,fineweb-edu-sample,check,leading_pc,0.005,1,-0.1,0.0029352371559930677,0.0011634752048041716
28027,831,831,fineweb-edu-sample,check,leading_pc,0.005,1,0.1,0.0028952625964102866,0.001332707231500941
28027,831,831,fineweb-edu-sample,check,leading_pc,0.01,-1,-0.1,0.005704767390631579,0.003032448302422088
28027,831,831,fineweb-edu-sample,check,leading_pc,0.01,-1,0.1,0.00563208595467929,0.0032545670481910543
28027,831,831,fineweb-edu-sample,check,leading_pc,0.01,1,-0.1,0.005947889357010357,0.0019367473043158
28027,831,831,fineweb-edu-sample,check,leading_pc,0.01,1,0.1,0.0058177010130884416,0.002278424497697473
28027,831,831,fineweb-edu-sample,check,shuffled_labels,0.005,-1,-0.1,0.0012156060887244075,0.0008973248768665947
28027,831,831,fineweb-edu-sample,check,shuffled_labels,0.005,-1,0.1,0.0011084207694877638,0.000876199104085291
28027,831,831,fineweb-edu-sample,check,shuffled_labels,0.005,1,-0.1,0.0011598706117387882,0.0008628442801713709
28027,831,831,fineweb-edu-sample,check,shuffled_labels,0.005,1,0.1,0.0010386328800926043,0.0008297491805903529
28027,831,831,fineweb-edu-sample,check,shuffled_labels,0.01,-1,-0.1,0.002478466495000777,0.0018067536463156114
28027,831,831,fineweb-edu-sample,check,shuffled_labels,0.01,-1,0.1,0.0022954959120543026,0.001789549906274234
28027,831,831,fineweb-edu-sample,check,shuffled_labels,0.01,1,-0.1,0.002214369333522421,0.0016518311564412416
28027,831,831,fineweb-edu-sample,check,shuffled_labels,0.01,1,0.1,0.002040505336114733,0.0016278179938227287
2966,1007,1007,fineweb-edu-sample,check,learned,0.005,-1,-0.1,6.015145299432219e-05,2.2003858556657442e-05
2966,1007,1007,fineweb-edu-sample,check,learned,0.005,-1,0.1,5.848014579617302e-05,1.807004450721817e-05
2966,1007,1007,fineweb-edu-sample,check,learned,0.005,1,-0.1,5.8293220699315484e-05,2.1717559856588737e-05
2966,1007,1007,fineweb-edu-sample,check,learned,0.005,1,0.1,6.428111545259507e-05,1.986990775476393e-05
2966,1007,1007,fineweb-edu-sample,check,learned,0.01,-1,-0.1,0.00011541035442049615,3.777790248622955e-05
2966,1007,1007,fineweb-edu-sample,check,learned,0.01,-1,0.1,0.0001168367808208756,4.2526284984100804e-05
2966,1007,1007,fineweb-edu-sample,check,learned,0.01,1,-0.1,0.00012121046742109315,3.9579668124260285e-05
2966,1007,1007,fineweb-edu-sample,check,learned,0.01,1,0.1,0.0001139830330129282,3.476869795745301e-05
2966,1007,1007,fineweb-edu-sample,check,random_0,0.005,-1,-0.1,3.072918603080373e-05,2.570657993353009e-05
2966,1007,1007,fineweb-edu-sample,check,random_0,0.005,-1,0.1,3.612965915587352e-05,3.507310924578073e-05
2966,1007,1007,fineweb-edu-sample,check,random_0,0.005,1,-0.1,4.077445664678945e-05,3.845532578836058e-05
2966,1007,1007,fineweb-edu-sample,check,random_0,0.005,1,0.1,4.676895078750316e-05,4.231764983248706e-05
2966,1007,1007,fineweb-edu-sample,check,random_0,0.01,-1,-0.1,7.523759049726876e-05,4.744893731532161e-05
2966,1007,1007,fineweb-edu-sample,check,random_0,0.01,-1,0.1,7.753700634145285e-05,5.795828502393431e-05
2966,1007,1007,fineweb-edu-sample,check,random_0,0.01,1,-0.1,0.00011728643299340098,9.584243490882265e-05
2966,1007,1007,fineweb-edu-sample,check,random_0,0.01,1,0.1,0.0001170856140330604,9.470859685094295e-05
2966,1007,1007,fineweb-edu-sample,check,random_1,0.005,-1,-0.1,0.00017668473658936695,0.00014146875412173848
2966,1007,1007,fineweb-edu-sample,check,random_1,0.005,-1,0.1,0.00017778354043523895,0.00014644703393213698
2966,1007,1007,fineweb-edu-sample,check,random_1,0.005,1,-0.1,0.0001728500168554118,0.00014693604484883763
2966,1007,1007,fineweb-edu-sample,check,random_1,0.005,1,0.1,0.00017938522630669287,0.00015073315607367865
2966,1007,1007,fineweb-edu-sample,check,random_1,0.01,-1,-0.1,0.00036351289122803606,0.000282614013255604
2966,1007,1007,fineweb-edu-sample,check,random_1,0.01,-1,0.1,0.0003598490718731947,0.0002850213814452594
2966,1007,1007,fineweb-edu-sample,check,random_1,0.01,1,-0.1,0.0003417139639302119,0.00029294161892245204
2966,1007,1007,fineweb-edu-sample,check,random_1,0.01,1,0.1,0.0003492912740722346,0.00030005263396568445
2966,1007,1007,fineweb-edu-sample,check,random_2,0.005,-1,-0.1,0.00014370213838850755,0.0001280307497822937
2966,1007,1007,fineweb-edu-sample,check,random_2,0.005,-1,0.1,0.00015005225160178722,0.00013465368694588406
2966,1007,1007,fineweb-edu-sample,check,random_2,0.005,1,-0.1,0.00014823501397615002,0.0001386638158732308
2966,1007,1007,fineweb-edu-sample,check,random_2,0.005,1,0.1,0.00014784797271550937,0.00013896753375857972
2966,1007,1007,fineweb-edu-sample,check,random_2,0.01,-1,-0.1,0.0002919334008371327,0.00026077584725371075
2966,1007,1007,fineweb-edu-sample,check,random_2,0.01,-1,0.1,0.00029177797796926374,0.00025952112506875784
2966,1007,1007,fineweb-edu-sample,check,random_2,0.01,1,-0.1,0.00029539436552310287,0.0002798451441346641
2966,1007,1007,fineweb-edu-sample,check,random_2,0.01,1,0.1,0.00030290984300342875,0.0002874211057595926
2966,1007,1007,fineweb-edu-sample,check,approx_spectrum_matched,0.005,-1,-0.1,0.00015658856011790308,0.00015577579900351765
2966,1007,1007,fineweb-edu-sample,check,approx_spectrum_matched,0.005,-1,0.1,0.00015738226935739594,0.00015601008514999805
2966,1007,1007,fineweb-edu-sample,check,approx_spectrum_matched,0.005,1,-0.1,0.00015468350466110533,0.0001515996703273188
2966,1007,1007,fineweb-edu-sample,check,approx_spectrum_matched,0.005,1,0.1,0.00016013566276805162,0.00015496802958066277
2966,1007,1007,fineweb-edu-sample,check,approx_spectrum_matched,0.01,-1,-0.1,0.0003189028307043111,0.0003183416112716566
2966,1007,1007,fineweb-edu-sample,check,approx_spectrum_matched,0.01,-1,0.1,0.00032170927727212366,0.00032110546102302083
2966,1007,1007,fineweb-edu-sample,check,approx_spectrum_matched,0.01,1,-0.1,0.00030565819757520375,0.0002941065390268654
2966,1007,1007,fineweb-edu-sample,check,approx_spectrum_matched,0.01,1,0.1,0.00031205558515130864,0.0003010213171729757
2966,1007,1007,fineweb-edu-sample,check,leading_pc,0.005,-1,-0.1,0.0001771936118899466,0.00012459798328206065
2966,1007,1007,fineweb-edu-sample,check,leading_pc,0.005,-1,0.1,0.0001688434524258268,0.00012106943822195332
2966,1007,1007,fineweb-edu-sample,check,leading_pc,0.005,1,-0.1,0.00011914919292067857,9.16539074700224e-05
2966,1007,1007,fineweb-edu-sample,check,leading_pc,0.005,1,0.1,0.00011842949450924701,9.428012466038047e-05
2966,1007,1007,fineweb-edu-sample,check,leading_pc,0.01,-1,-0.1,0.0003850497697345018,0.0002653459184325632
2966,1007,1007,fineweb-edu-sample,check,leading_pc,0.01,-1,0.1,0.00039157941755920127,0.00027399984449638567
2966,1007,1007,fineweb-edu-sample,check,leading_pc,0.01,1,-0.1,0.00016510757726378102,0.00014011052603676692
2966,1007,1007,fineweb-edu-sample,check,leading_pc,0.01,1,0.1,0.0001604583606811743,0.00013426890211592793
2966,1007,1007,fineweb-edu-sample,check,shuffled_labels,0.005,-1,-0.1,7.147469300289815e-05,6.592647507211723e-05
2966,1007,1007,fineweb-edu-sample,check,shuffled_labels,0.005,-1,0.1,7.783554189562065e-05,7.404615556723011e-05
2966,1007,1007,fineweb-edu-sample,check,shuffled_labels,0.005,1,-0.1,5.7616453044865476e-05,5.543655833121449e-05
2966,1007,1007,fineweb-edu-sample,check,shuffled_labels,0.005,1,0.1,6.200533427109003e-05,6.073159228088868e-05
2966,1007,1007,fineweb-edu-sample,check,shuffled_labels,0.01,-1,-0.1,0.0001619394029596275,0.00015076951681314329
2966,1007,1007,fineweb-edu-sample,check,shuffled_labels,0.01,-1,0.1,0.00016457791190550153,0.000147162554485658
2966,1007,1007,fineweb-edu-sample,check,shuffled_labels,0.01,1,-0.1,0.00010645756656430044,0.00010495439826061521
2966,1007,1007,fineweb-edu-sample,check,shuffled_labels,0.01,1,0.1,0.00010652268900565033,0.0001059057233837923
1645,1090,1090,fineweb-edu-sample,fit,learned,0.005,-1,-0.1,0.0006018591690061917,0.0005305521561364731
1645,1090,1090,fineweb-edu-sample,fit,learned,0.005,-1,0.1,0.0003825280291345258,0.00036404930883466094
1645,1090,1090,fineweb-edu-sample,fit,learned,0.005,1,-0.1,8.635888231408517e-05,4.086858613251057e-05
1645,1090,1090,fineweb-edu-sample,fit,learned,0.005,1,0.1,0.00022728732132342483,0.0001607569773926378
1645,1090,1090,fineweb-edu-sample,fit,learned,0.01,-1,-0.1,0.00226005627126012,0.0019394910604371538
1645,1090,1090,fineweb-edu-sample,fit,learned,0.01,-1,0.1,0.0017275581231996052,0.0015658812867872939
1645,1090,1090,fineweb-edu-sample,fit,learned,0.01,1,-0.1,0.0005229686397225136,0.00041550183999293586
1645,1090,1090,fineweb-edu-sample,fit,learned,0.01,1,0.1,0.000771612697277863,0.0006304093324329509
1645,1090,1090,fineweb-edu-sample,fit,random_0,0.005,-1,-0.1,0.001529910082375165,0.0012414412452884831
1645,1090,1090,fineweb-edu-sample,fit,random_0,0.005,-1,0.1,0.0014452902014484626,0.001213904362791099
1645,1090,1090,fineweb-edu-sample,fit,random_0,0.005,1,-0.1,0.0014116109922419399,0.0011901948086549398
1645,1090,1090,fineweb-edu-sample,fit,random_0,0.005,1,0.1,0.0013465902454100323,0.0011766516717326987
1645,1090,1090,fineweb-edu-sample,fit,random_0,0.01,-1,-0.1,0.0031834148656759804,0.0025350183811667184
1645,1090,1090,fineweb-edu-sample,fit,random_0,0.01,-1,0.1,0.0029939245398771675,0.0024652659568974275
1645,1090,1090,fineweb-edu-sample,fit,random_0,0.01,1,-0.1,0.002708740158425412,0.002329143180676335
1645,1090,1090,fineweb-edu-sample,fit,random_0,0.01,1,0.1,0.002592411154297082,0.002306822231376968
1645,1090,1090,fineweb-edu-sample,fit,random_1,0.005,-1,-0.1,0.002316350646943771,0.0022331911739943548
1645,1090,1090,fineweb-edu-sample,fit,random_1,0.005,-1,0.1,0.0023056050470369833,0.00226017391402453
1645,1090,1090,fineweb-edu-sample,fit,random_1,0.005,1,-0.1,0.0021688814829601303,0.0020733150414936987
1645,1090,1090,fineweb-edu-sample,fit,random_1,0.005,1,0.1,0.002138315879509292,0.002081368784824243
1645,1090,1090,fineweb-edu-sample,fit,random_1,0.01,-1,-0.1,0.004792556963891941,0.004636010066910498
1645,1090,1090,fineweb-edu-sample,fit,random_1,0.01,-1,0.1,0.004761616022199691,0.004679673413905142
1645,1090,1090,fineweb-edu-sample,fit,random_1,0.01,1,-0.1,0.004181475197368978,0.003973837366505726
1645,1090,1090,fineweb-edu-sample,fit,random_1,0.01,1,0.1,0.0041375054705182915,0.004010787487774612
1645,1090,1090,fineweb-edu-sample,fit,random_2,0.005,-1,-0.1,0.0002641682160026267,3.7740133617717464e-06
1645,1090,1090,fineweb-edu-sample,fit,random_2,0.005,-1,0.1,0.00023845719978335509,1.585505703779618e-05
1645,1090,1090,fineweb-edu-sample,fit,random_2,0.005,1,-0.1,0.0003675251590057253,0.0002648594768451267
1645,1090,1090,fineweb-edu-sample,fit,random_2,0.005,1,0.1,0.00032846431921567006,0.0002547230835889689
1645,1090,1090,fineweb-edu-sample,fit,random_2,0.01,-1,-0.1,0.0005919360529873403,0.000266457708021161
1645,1090,1090,fineweb-edu-sample,fit,random_2,0.01,-1,0.1,0.0005454566910314493,0.00022551606180200726
1645,1090,1090,fineweb-edu-sample,fit,random_2,0.01,1,-0.1,0.0009238831611696724,0.0007811618513410267
1645,1090,1090,fineweb-edu-sample,fit,random_2,0.01,1,0.1,0.0008386052826373539,0.0007528815078507063
1645,1090,1090,fineweb-edu-sample,fit,approx_spectrum_matched,0.005,-1,-0.1,0.0008368546466705305,0.0006715520763610443
1645,1090,1090,fineweb-edu-sample,fit,approx_spectrum_matched,0.005,-1,0.1,0.0007978305044920443,0.0006615284608904962
1645,1090,1090,fineweb-edu-sample,fit,approx_spectrum_matched,0.005,1,-0.1,0.0006630000159745481,0.0005076095701378847
1645,1090,1090,fineweb-edu-sample,fit,approx_spectrum_matched,0.005,1,0.1,0.0006273888757183808,0.0004966467689949738
1645,1090,1090,fineweb-edu-sample,fit,approx_spectrum_matched,0.01,-1,-0.1,0.0018349423091656534,0.0014974637041447398
1645,1090,1090,fineweb-edu-sample,fit,approx_spectrum_matched,0.01,-1,0.1,0.0017544043738851908,0.0014781086266123563
1645,1090,1090,fineweb-edu-sample,fit,approx_spectrum_matched,0.01,1,-0.1,0.0011542122903886193,0.0008532195440003417
1645,1090,1090,fineweb-edu-sample,fit,approx_spectrum_matched,0.01,1,0.1,0.0010852813720703125,0.0008234475061955287
1645,1090,1090,fineweb-edu-sample,fit,leading_pc,0.005,-1,-0.1,0.002737558296853696,0.0007796908313365282
1645,1090,1090,fineweb-edu-sample,fit,leading_pc,0.005,-1,0.1,0.0026332176208168937,0.000887903184164992
1645,1090,1090,fineweb-edu-sample,fit,leading_pc,0.005,1,-0.1,0.002265870168963839,0.0006046370335840511
1645,1090,1090,fineweb-edu-sample,fit,leading_pc,0.005,1,0.1,0.00219013647851406,0.0006957965640037413
1645,1090,1090,fineweb-edu-sample,fit,leading_pc,0.01,-1,-0.1,0.006023114595479843,0.001771039297153552
1645,1090,1090,fineweb-edu-sample,fit,leading_pc,0.01,-1,0.1,0.005795653738226115,0.0020146155955196436
1645,1090,1090,fineweb-edu-sample,fit,leading_pc,0.01,1,-0.1,0.004138096159493777,0.0010586144557422842
1645,1090,1090,fineweb-edu-sample,fit,leading_pc,0.01,1,0.1,0.0040009392790099465,0.0012339912827258063
1645,1090,1090,fineweb-edu-sample,fit,shuffled_labels,0.005,-1,-0.1,0.0021221476342007917,0.0011605070807407204
1645,1090,1090,fineweb-edu-sample,fit,shuffled_labels,0.005,-1,0.1,0.0020534131728430515,0.0012288364953374064
1645,1090,1090,fineweb-edu-sample,fit,shuffled_labels,0.005,1,-0.1,0.002120230619465902,0.0010908069941574095
1645,1090,1090,fineweb-edu-sample,fit,shuffled_labels,0.005,1,0.1,0.002056369795293329,0.001172698281918119
1645,1090,1090,fineweb-edu-sample,fit,shuffled_labels,0.01,-1,-0.1,0.004264905568309563,0.002408260622203362
1645,1090,1090,fineweb-edu-sample,fit,shuffled_labels,0.01,-1,0.1,0.004127339737350647,0.0025448870135530086
1645,1090,1090,fineweb-edu-sample,fit,shuffled_labels,0.01,1,-0.1,0.004260829223012827,0.002143622095389826
1645,1090,1090,fineweb-edu-sample,fit,shuffled_labels,0.01,1,0.1,0.004132205113923784,0.0023012203780466748
1645,1506,1506,fineweb-edu-sample,check,learned,0.005,-1,-0.1,0.007668754644170834,0.0030577263179520885
1645,1506,1506,fineweb-edu-sample,check,learned,0.005,-1,0.1,0.007492219386538918,0.0027034672091933235
1645,1506,1506,fineweb-edu-sample,check,learned,0.005,1,-0.1,0.004565817181928014,0.0017488571195676868
1645,1506,1506,fineweb-edu-sample,check,learned,0.005,1,0.1,0.0045115333561113035,0.0016064980116888591
1645,1506,1506,fineweb-edu-sample,check,learned,0.01,-1,-0.1,0.01887990003427469,0.007282550309493688
1645,1506,1506,fineweb-edu-sample,check,learned,0.01,-1,0.1,0.01840768405949642,0.006378817226631157
1645,1506,1506,fineweb-edu-sample,check,learned,0.01,1,-0.1,0.006678117747295189,0.0023863201872203646
1645,1506,1506,fineweb-edu-sample,check,learned,0.01,1,0.1,0.006648429622627138,0.002188865383271794
1645,1506,1506,fineweb-edu-sample,check,random_0,0.005,-1,-0.1,0.005698277261495006,0.005039421690465744
1645,1506,1506,fineweb-edu-sample,check,random_0,0.005,-1,0.1,0.00563253687710624,0.005145420902038122
1645,1506,1506,fineweb-edu-sample,check,random_0,0.005,1,-0.1,0.00594557332513679,0.0053111590246052555
1645,1506,1506,fineweb-edu-sample,check,random_0,0.005,1,0.1,0.005868341161249279,0.005405067336206827
1645,1506,1506,fineweb-edu-sample,check,random_0,0.01,-1,-0.1,0.010951810421747471,0.009630278805328825
1645,1506,1506,fineweb-edu-sample,check,random_0,0.01,-1,0.1,0.010813606490281012,0.009828061673841128
1645,1506,1506,fineweb-edu-sample,check,random_0,0.01,1,-0.1,0.011888766436952832,0.010686005262152147
1645,1506,1506,fineweb-edu-sample,check,random_0,0.01,1,0.1,0.011751137283186268,0.010879666863407826
1645,1506,1506,fineweb-edu-sample,check,random_1,0.005,-1,-0.1,0.004102429825511947,0.00397614060206219
1645,1506,1506,fineweb-edu-sample,check,random_1,0.005,-1,0.1,0.004014610491997592,0.003872372953606118
1645,1506,1506,fineweb-edu-sample,check,random_1,0.005,1,-0.1,0.0037484679748176837,0.003638651015838804
1645,1506,1506,fineweb-edu-sample,check,random_1,0.005,1,0.1,0.003679054082038089,0.0035693503080881264
1645,1506,1506,fineweb-edu-sample,check,random_1,0.01,-1,-0.1,0.008566341737153602,0.008287712531538908
1645,1506,1506,fineweb-edu-sample,check,random_1,0.01,-1,0.1,0.008409041252473952,0.00808571592964485
1645,1506,1506,fineweb-edu-sample,check,random_1,0.01,1,-0.1,0.007150893415178987,0.006938262685197559
1645,1506,1506,fineweb-edu-sample,check,random_1,0.01,1,0.1,0.007013879517865768,0.006813100726086274
1645,1506,1506,fineweb-edu-sample,check,random_2,0.005,-1,-0.1,0.0012725205214571423,0.0010397421074371872
1645,1506,1506,fineweb-edu-sample,check,random_2,0.005,-1,0.1,0.0010701365801151091,0.0007888520523737771
1645,1506,1506,fineweb-edu-sample,check,random_2,0.005,1,-0.1,0.0011652433838508134,0.0004528266720037651
1645,1506,1506,fineweb-edu-sample,check,random_2,0.005,1,0.1,0.0011643535450236232,0.00024947825042223034
1645,1506,1506,fineweb-edu-sample,check,random_2,0.01,-1,-0.1,0.002959906809444099,0.002725149607878018
1645,1506,1506,fineweb-edu-sample,check,random_2,0.01,-1,0.1,0.0024401011648140366,0.0021748419845587013
1645,1506,1506,fineweb-edu-sample,check,random_2,0.01,1,-0.1,0.002542514507627847,0.0004033509937392931
1645,1506,1506,fineweb-edu-sample,check,random_2,0.01,1,0.1,0.002633408098118603,5.596561855997725e-05
1645,1506,1506,fineweb-edu-sample,check,approx_spectrum_matched,0.005,-1,-0.1,0.0016230461004263386,0.0007783546215604002
1645,1506,1506,fineweb-edu-sample,check,approx_spectrum_matched,0.005,-1,0.1,0.0014899130873644807,0.000666895861597863
1645,1506,1506,fineweb-edu-sample,check,approx_spectrum_matched,0.005,1,-0.1,0.0017032960357620099,0.0009709520984749936
1645,1506,1506,fineweb-edu-sample,check,approx_spectrum_matched,0.005,1,0.1,0.001588777476249377,0.0008354368732612837
1645,1506,1506,fineweb-edu-sample,check,approx_spectrum_matched,0.01,-1,-0.1,0.0031416131284130915,0.001402277345820894
1645,1506,1506,fineweb-edu-sample,check,approx_spectrum_matched,0.01,-1,0.1,0.002890486795725626,0.0011839676309231878
1645,1506,1506,fineweb-edu-sample,check,approx_spectrum_matched,0.01,1,-0.1,0.0035029604602484117,0.0021327378084903016
1645,1506,1506,fineweb-edu-sample,check,approx_spectrum_matched,0.01,1,0.1,0.0032796610506535557,0.0018948527567062808
1645,1506,1506,fineweb-edu-sample,check,leading_pc,0.005,-1,-0.1,0.005265900157656124,0.004992790472267278
1645,1506,1506,fineweb-edu-sample,check,leading_pc,0.005,-1,0.1,0.005010329403401152,0.004682947144530314
1645,1506,1506,fineweb-edu-sample,check,leading_pc,0.005,1,-0.1,0.005167123309906732,0.004659632945963023
1645,1506,1506,fineweb-edu-sample,check,leading_pc,0.005,1,0.1,0.004911393100686191,0.004301974046139378
1645,1506,1506,fineweb-edu-sample,check,leading_pc,0.01,-1,-0.1,0.010960424411009608,0.010654928437323045
1645,1506,1506,fineweb-edu-sample,check,leading_pc,0.01,-1,0.1,0.010492903078989431,0.010092857042933568
1645,1506,1506,fineweb-edu-sample,check,leading_pc,0.01,1,-0.1,0.010374613016656436,0.009187848465225724
1645,1506,1506,fineweb-edu-sample,check,leading_pc,0.01,1,0.1,0.009921515378046994,0.008476978656221556
1645,1506,1506,fineweb-edu-sample,check,shuffled_labels,0.005,-1,-0.1,0.004136319936635725,3.945990028965335e-05
1645,1506,1506,fineweb-edu-sample,check,shuffled_labels,0.005,-1,0.1,0.003984249762948204,0.00020366506231596086
1645,1506,1506,fineweb-edu-sample,check,shuffled_labels,0.005,1,-0.1,0.0047526177998912945,0.0007285260926307818
1645,1506,1506,fineweb-edu-sample,check,shuffled_labels,0.005,1,0.1,0.004583439774656546,0.0004140462048046048
1645,1506,1506,fineweb-edu-sample,check,shuffled_labels,0.01,-1,-0.1,0.007767103559217426,0.0005417781389333768
1645,1506,1506,fineweb-edu-sample,check,shuffled_labels,0.01,-1,0.1,0.007524660435508234,0.0009221100876353753
1645,1506,1506,fineweb-edu-sample,check,shuffled_labels,0.01,1,-0.1,0.010216212445101477,0.002203651507801026
1645,1506,1506,fineweb-edu-sample,check,shuffled_labels,0.01,1,0.1,0.009805530604195829,0.0014687677222731755
1645,1760,1760,fineweb-edu-sample,check,learned,0.005,-1,-0.1,0.0036387094864182607,0.0022062282731964674
1645,1760,1760,fineweb-edu-sample,check,learned,0.005,-1,0.1,0.0035328156208249183,0.002291585754111969
1645,1760,1760,fineweb-edu-sample,check,learned,0.005,1,-0.1,0.0024635459517779487,0.0017654595596683534
1645,1760,1760,fineweb-edu-sample,check,learned,0.005,1,0.1,0.0024519121655664678,0.0019145360657720047
1645,1760,1760,fineweb-edu-sample,check,learned,0.01,-1,-0.1,0.008127223057685228,0.004674946421866807
1645,1760,1760,fineweb-edu-sample,check,learned,0.01,-1,0.1,0.007957485426718218,0.004840322556244794
1645,1760,1760,fineweb-edu-sample,check,learned,0.01,1,-0.1,0.003663487046416915,0.002851806567440942
1645,1760,1760,fineweb-edu-sample,check,learned,0.01,1,0.1,0.0037558789716592975,0.003108080430482834
1645,1760,1760,fineweb-edu-sample,check,random_0,0.005,-1,-0.1,0.0036533293379087868,0.0030683093112842024
1645,1760,1760,fineweb-edu-sample,check,random_0,0.005,-1,0.1,0.003712953120149853,0.0030703800181101186
1645,1760,1760,fineweb-edu-sample,check,random_0,0.005,1,-0.1,0.0036090637513363816,0.0033248665841227715
1645,1760,1760,fineweb-edu-sample,check,random_0,0.005,1,0.1,0.003679775436250349,0.0033394732616481397
1645,1760,1760,fineweb-edu-sample,check,random_0,0.01,-1,-0.1,0.007221728419598455,0.005670732903993869
1645,1760,1760,fineweb-edu-sample,check,random_0,0.01,-1,0.1,0.007343047698395625,0.005647624697851428
1645,1760,1760,fineweb-edu-sample,check,random_0,0.01,1,-0.1,0.007069798366959242,0.0067072644165914255
1645,1760,1760,fineweb-edu-sample,check,random_0,0.01,1,0.1,0.007183297479909418,0.006737738322927136
1645,1760,1760,fineweb-edu-sample,check,random_1,0.005,-1,-0.1,0.00128933170087839,0.0012367729411455206
1645,1760,1760,fineweb-edu-sample,check,random_1,0.005,-1,0.1,0.0009109487198599861,0.0008763459917054333
1645,1760,1760,fineweb-edu-sample,check,random_1,0.005,1,-0.1,0.0008124086407248908,0.0007327168253694912
1645,1760,1760,fineweb-edu-sample,check,random_1,0.005,1,0.1,0.00045676519855162196,0.0003479986729947006
1645,1760,1760,fineweb-edu-sample,check,random_1,0.01,-1,-0.1,0.003068486200838023,0.0029260309768591227
1645,1760,1760,fineweb-edu-sample,check,random_1,0.01,-1,0.1,0.0023411377953711076,0.0022611859255324144
1645,1760,1760,fineweb-edu-sample,check,random_1,0.01,1,-0.1,0.0012146724665672653,0.0009365110389785534
1645,1760,1760,fineweb-edu-sample,check,random_1,0.01,1,0.1,0.0007259360267430568,0.00017146557271158043
1645,1760,1760,fineweb-edu-sample,check,random_2,0.005,-1,-0.1,0.0012209635183021332,0.0006445715181353138
1645,1760,1760,fineweb-edu-sample,check,random_2,0.005,-1,0.1,0.0013256973683681012,0.0005998666048561435
1645,1760,1760,fineweb-edu-sample,check,random_2,0.005,1,-0.1,0.0010834183324983995,0.0003007808428905877
1645,1760,1760,fineweb-edu-sample,check,random_2,0.005,1,0.1,0.0011248265140892024,0.0002701375102007383
1645,1760,1760,fineweb-edu-sample,check,random_2,0.01,-1,-0.1,0.002508995512824665,0.001644108822642578
1645,1760,1760,fineweb-edu-sample,check,random_2,0.01,-1,0.1,0.002738889710758106,0.0015995146617189904
1645,1760,1760,fineweb-edu-sample,check,random_2,0.01,1,-0.1,0.0019750431618228083,0.00036371808790412817
1645,1760,1760,fineweb-edu-sample,check,random_2,0.01,1,0.1,0.0020738854732783455,0.0003384128161853799
1645,1760,1760,fineweb-edu-sample,check,approx_spectrum_matched,0.005,-1,-0.1,0.001684401934460984,0.0004979677642693438
1645,1760,1760,fineweb-edu-sample,check,approx_spectrum_matched,0.005,-1,0.1,0.0015204378998136209,0.0002784991201267659
1645,1760,1760,fineweb-edu-sample,check,approx_spectrum_matched,0.005,1,-0.1,0.0018287828378602295,2.0763183469471033e-06
1645,1760,1760,fineweb-edu-sample,check,approx_spectrum_matched,0.005,1,0.1,0.0017636095619636407,0.000189691468181058
1645,1760,1760,fineweb-edu-sample,check,approx_spectrum_matched,0.01,-1,-0.1,0.0034746019129381664,0.0015367704109086522
1645,1760,1760,fineweb-edu-sample,check,approx_spectrum_matched,0.01,-1,0.1,0.003083508334991278,0.0011202513690232645
1645,1760,1760,fineweb-edu-sample,check,approx_spectrum_matched,0.01,1,-0.1,0.003969712507740663,0.0004034799675103411
1645,1760,1760,fineweb-edu-sample,check,approx_spectrum_matched,0.01,1,0.1,0.003910288368201009,0.0007767844932596333
1645,1760,1760,fineweb-edu-sample,check,leading_pc,0.005,-1,-0.1,0.00353709678731425,0.003527527378460496
1645,1760,1760,fineweb-edu-sample,check,leading_pc,0.005,-1,0.1,0.003343605010756416,0.0033298388193677073
1645,1760,1760,fineweb-edu-sample,check,leading_pc,0.005,1,-0.1,0.003223811154333786,0.003223026151984823
1645,1760,1760,fineweb-edu-sample,check,leading_pc,0.005,1,0.1,0.003056586448340158,0.0030545518785745707
1645,1760,1760,fineweb-edu-sample,check,leading_pc,0.01,-1,-0.1,0.007307106693478931,0.007238733222454615
1645,1760,1760,fineweb-edu-sample,check,leading_pc,0.01,-1,0.1,0.0068718139115452395,0.0067889367609537355
1645,1760,1760,fineweb-edu-sample,check,leading_pc,0.01,1,-0.1,0.006072100995302898,0.006071034054073179
1645,1760,1760,fineweb-edu-sample,check,leading_pc,0.01,1,0.1,0.005772393789831409,0.005766770200433748
1645,1760,1760,fineweb-edu-sample,check,shuffled_labels,0.005,-1,-0.1,0.002660953008194384,0.0014170048611596505
1645,1760,1760,fineweb-edu-sample,check,shuffled_labels,0.005,-1,0.1,0.002881165814735945,0.0015098203312189438
1645,1760,1760,fineweb-edu-sample,check,shuffled_labels,0.005,1,-0.1,0.0028149368409240384,0.0007625870963760475
1645,1760,1760,fineweb-edu-sample,check,shuffled_labels,0.005,1,0.1,0.003001021630081732,0.0008563009290697312
1645,1760,1760,fineweb-edu-sample,check,shuffled_labels,0.01,-1,-0.1,0.005207151899719219,0.003376485226122116
1645,1760,1760,fineweb-edu-sample,check,shuffled_labels,0.01,-1,0.1,0.005674794705519772,0.0036097043177611317
1645,1760,1760,fineweb-edu-sample,check,shuffled_labels,0.01,1,-0.1,0.005830593738544768,0.0008484714158335175
1645,1760,1760,fineweb-edu-sample,check,shuffled_labels,0.01,1,0.1,0.00613633587141536,0.0010254958925148543
1645,1958,1958,fineweb-edu-sample,fit,learned,0.005,-1,-0.1,0.004850458474827967,0.0035355007497263036
1645,1958,1958,fineweb-edu-sample,fit,learned,0.005,-1,0.1,0.004607088518565359,0.004305990116109839
1645,1958,1958,fineweb-edu-sample,fit,learned,0.005,1,-0.1,0.001688436813568162,0.0016812588824344384
1645,1958,1958,fineweb-edu-sample,fit,learned,0.005,1,0.1,0.002556168523556097,0.0022713287196103804
1645,1958,1958,fineweb-edu-sample,fit,learned,0.01,-1,-0.1,0.016434743352617912,0.010221913880164957
1645,1958,1958,fineweb-edu-sample,fit,learned,0.01,-1,0.1,0.015282447303525886,0.012081313517616795
1645,1958,1958,fineweb-edu-sample,fit,learned,0.01,1,-0.1,0.002498400019051999,0.0023364565500065713
1645,1958,1958,fineweb-edu-sample,fit,learned,0.01,1,0.1,0.0047098355348289414,0.0034049763539467483
1645,1958,1958,fineweb-edu-sample,fit,random_0,0.005,-1,-0.1,0.0020275082884229512,0.0020275049017216126
1645,1958,1958,fineweb-edu-sample,fit,random_0,0.005,-1,0.1,0.002378850928701007,0.002321637234534746
1645,1958,1958,fineweb-edu-sample,fit,random_0,0.005,1,-0.1,0.002743613315904517,0.002743609376093017
1645,1958,1958,fineweb-edu-sample,fit,random_0,0.005,1,0.1,0.0031290439451033877,0.0030745475568074165
1645,1958,1958,fineweb-edu-sample,fit,random_0,0.01,-1,-0.1,0.003484470722694315,0.0034838083052895936
1645,1958,1958,fineweb-edu-sample,fit,random_0,0.01,-1,0.1,0.004143187112853803,0.004012090590831484
1645,1958,1958,fineweb-edu-sample,fit,random_0,0.01,1,-0.1,0.0063724352977120435,0.006372001098519914
1645,1958,1958,fineweb-edu-sample,fit,random_0,0.01,1,0.1,0.007175270020240594,0.007056410449670377
1645,1958,1958,fineweb-edu-sample,fit,random_1,0.005,-1,-0.1,0.006332389489708904,0.0033977634565685545
1645,1958,1958,fineweb-edu-sample,fit,random_1,0.005,-1,0.1,0.006586493688157113,0.0031853669234780412
1645,1958,1958,fineweb-edu-sample,fit,random_1,0.005,1,-0.1,0.006918122705856961,0.003750834504877503
1645,1958,1958,fineweb-edu-sample,fit,random_1,0.005,1,0.1,0.007190300619620251,0.0035275314400269224
1645,1958,1958,fineweb-edu-sample,fit,random_1,0.01,-1,-0.1,0.012180474990457452,0.006477164884446864
1645,1958,1958,fineweb-edu-sample,fit,random_1,0.01,-1,0.1,0.012646096363881783,0.006057476158734394
1645,1958,1958,fineweb-edu-sample,fit,random_1,0.01,1,-0.1,0.014502710276445563,0.007888242546044982
1645,1958,1958,fineweb-edu-sample,fit,random_1,0.01,1,0.1,0.015054608590254289,0.007439588183989382
1645,1958,1958,fineweb-edu-sample,fit,random_2,0.005,-1,-0.1,0.0003788152366793532,0.00032843250106589296
1645,1958,1958,fineweb-edu-sample,fit,random_2,0.005,-1,0.1,0.000518964686598408,0.0002001498495224606
1645,1958,1958,fineweb-edu-sample,fit,random_2,0.005,1,-0.1,0.0005465344343543893,0.0003183744312533624
1645,1958,1958,fineweb-edu-sample,fit,random_2,0.005,1,0.1,0.0007219409060143367,0.00023099152906886687
1645,1958,1958,fineweb-edu-sample,fit,random_2,0.01,-1,-0.1,0.000669541349286243,0.0006583268842203587
1645,1958,1958,fineweb-edu-sample,fit,random_2,0.01,-1,0.1,0.0008159218842503346,0.0003876693536884134
1645,1958,1958,fineweb-edu-sample,fit,random_2,0.01,1,-0.1,0.0012876214703626395,0.0006406118141832359
1645,1958,1958,fineweb-edu-sample,fit,random_2,0.01,1,0.1,0.001631689934919955,0.0004934420453011103
1645,1958,1958,fineweb-edu-sample,fit,approx_spectrum_matched,0.005,-1,-0.1,0.0019847724521038015,0.001963501376321063
1645,1958,1958,fineweb-edu-sample,fit,approx_spectrum_matched,0.005,-1,0.1,0.0021981613747335785,0.0021950685751836074
1645,1958,1958,fineweb-edu-sample,fit,approx_spectrum_matched,0.005,1,-0.1,0.001840911600204496,0.0018365379883342834
1645,1958,1958,fineweb-edu-sample,fit,approx_spectrum_matched,0.005,1,0.1,0.0020783284364994602,0.0020540294458975612
1645,1958,1958,fineweb-edu-sample,fit,approx_spectrum_matched,0.01,-1,-0.1,0.0041311720596299345,0.00400035308584727
1645,1958,1958,fineweb-edu-sample,fit,approx_spectrum_matched,0.01,-1,0.1,0.0045142364914568895,0.0044582118995025125
1645,1958,1958,fineweb-edu-sample,fit,approx_spectrum_matched,0.01,1,-0.1,0.0035769945064051726,0.0035188809819909606
1645,1958,1958,fineweb-edu-sample,fit,approx_spectrum_matched,0.01,1,0.1,0.004036422234908641,0.0039050626075449978
1645,1958,1958,fineweb-edu-sample,fit,leading_pc,0.005,-1,-0.1,0.005925116207888577,0.0027670632892640486
1645,1958,1958,fineweb-edu-sample,fit,leading_pc,0.005,-1,0.1,0.005581936020162702,0.0021282215535005193
1645,1958,1958,fineweb-edu-sample,fit,leading_pc,0.005,1,-0.1,0.006023016821713477,0.00235060558784831
1645,1958,1958,fineweb-edu-sample,fit,leading_pc,0.005,1,0.1,0.005856256121350931,0.0018421066358034735
1645,1958,1958,fineweb-edu-sample,fit,leading_pc,0.01,-1,-0.1,0.012381843878837962,0.006913345962512067
1645,1958,1958,fineweb-edu-sample,fit,leading_pc,0.01,-1,0.1,0.011494837794135926,0.005467342896564292
1645,1958,1958,fineweb-edu-sample,fit,leading_pc,0.01,1,-0.1,0.012328109507288148,0.004762052077789313
1645,1958,1958,fineweb-edu-sample,fit,leading_pc,0.01,1,0.1,0.01211526781437631,0.0038181774181553236
1645,1958,1958,fineweb-edu-sample,fit,shuffled_labels,0.005,-1,-0.1,0.0028021488454618155,0.0019668523853251106
1645,1958,1958,fineweb-edu-sample,fit,shuffled_labels,0.005,-1,0.1,0.0036158573025371274,0.0022814168842479705
1645,1958,1958,fineweb-edu-sample,fit,shuffled_labels,0.005,1,-0.1,0.004083610733491242,0.003052777228765799
1645,1958,1958,fineweb-edu-sample,fit,shuffled_labels,0.005,1,0.1,0.004983497228914087,0.003465877556973434
1645,1958,1958,fineweb-edu-sample,fit,shuffled_labels,0.01,-1,-0.1,0.004278777022155766,0.002949230864275137
1645,1958,1958,fineweb-edu-sample,fit,shuffled_labels,0.01,-1,0.1,0.005886881967149112,0.0035455312302740062
1645,1958,1958,fineweb-edu-sample,fit,shuffled_labels,0.01,1,-0.1,0.009595519261102844,0.007450705878431526
1645,1958,1958,fineweb-edu-sample,fit,shuffled_labels,0.01,1,0.1,0.011526972432335953,0.00846016514222075
1645,2050,2050,fineweb-edu-sample,fit,learned,0.005,-1,-0.1,0.002233189439150382,0.001102067379012119
1645,2050,2050,fineweb-edu-sample,fit,learned,0.005,-1,0.1,0.0020882223042740203,0.0011073128539432816
1645,2050,2050,fineweb-edu-sample,fit,learned,0.005,1,-0.1,0.0017320482127139384,0.0005083038845241797
1645,2050,2050,fineweb-edu-sample,fit,learned,0.005,1,0.1,0.0015648134068984858,0.0005222626140470108
1645,2050,2050,fineweb-edu-sample,fit,learned,0.01,-1,-0.1,0.004977200309421186,0.0029244648092522168
1645,2050,2050,fineweb-edu-sample,fit,learned,0.01,-1,0.1,0.0047377239708939626,0.0029010653230015578
1645,2050,2050,fineweb-edu-sample,fit,learned,0.01,1,-0.1,0.0030140835656836734,0.0006016252346074066
1645,2050,2050,fineweb-edu-sample,fit,learned,0.01,1,0.1,0.0026979141328016447,0.0006303278453972353
1645,2050,2050,fineweb-edu-sample,fit,random_0,0.005,-1,-0.1,0.001064653513256141,0.0007093687139711121
1645,2050,2050,fineweb-edu-sample,fit,random_0,0.005,-1,0.1,0.0009059830715468922,0.0006088367524955831
1645,2050,2050,fineweb-edu-sample,fit,random_0,0.005,1,-0.1,0.001370103766702909,0.0008647410374941038
1645,2050,2050,fineweb-edu-sample,fit,random_0,0.005,1,0.1,0.0012223359452894862,0.0007823053053038964
1645,2050,2050,fineweb-edu-sample,fit,random_0,0.01,-1,-0.1,0.0018201755650254703,0.0012488269467189877
1645,2050,2050,fineweb-edu-sample,fit,random_0,0.01,-1,0.1,0.0015214397259563724,0.0010781542454815537
1645,2050,2050,fineweb-edu-sample,fit,random_0,0.01,1,-0.1,0.003029095427506725,0.0019003893363050818
1645,2050,2050,fineweb-edu-sample,fit,random_0,0.01,1,0.1,0.0027283902177107147,0.0017167015872099239
1645,2050,2050,fineweb-edu-sample,fit,random_1,0.005,-1,-0.1,0.000519532191979412,0.00014838583411649932
1645,2050,2050,fineweb-edu-sample,fit,random_1,0.005,-1,0.1,0.0005237602006706231,0.00013927204537281015
1645,2050,2050,fineweb-edu-sample,fit,random_1,0.005,1,-0.1,0.0003738114409084721,4.7464697279944984e-05
1645,2050,2050,fineweb-edu-sample,fit,random_1,0.005,1,0.1,0.0003816377746458263,7.547608295082501e-05
1645,2050,2050,fineweb-edu-sample,fit,random_1,0.01,-1,-0.1,0.001138816519435912,0.0003209464480961115
1645,2050,2050,fineweb-edu-sample,fit,random_1,0.01,-1,0.1,0.0011728648145885915,0.0003234732980923384
1645,2050,2050,fineweb-edu-sample,fit,random_1,0.01,1,-0.1,0.0006084929793495981,6.058694053177268e-05
1645,2050,2050,fineweb-edu-sample,fit,random_1,0.01,1,0.1,0.0006116651763790551,2.0375546116538463e-05
1645,2050,2050,fineweb-edu-sample,fit,random_2,0.005,-1,-0.1,0.0018880880749639266,0.0013992007503722849
1645,2050,2050,fineweb-edu-sample,fit,random_2,0.005,-1,0.1,0.0019132097907751098,0.0014447918699515333
1645,2050,2050,fineweb-edu-sample,fit,random_2,0.005,1,-0.1,0.0018754392790122035,0.00141059044506239
1645,2050,2050,fineweb-edu-sample,fit,random_2,0.005,1,0.1,0.0019043854106746342,0.001452265986697105
1645,2050,2050,fineweb-edu-sample,fit,random_2,0.01,-1,-0.1,0.003736078898445432,0.0027865343884210603
1645,2050,2050,fineweb-edu-sample,fit,random_2,0.01,-1,0.1,0.0038124951026313704,0.0028990518264549936
1645,2050,2050,fineweb-edu-sample,fit,random_2,0.01,1,-0.1,0.003702664329172322,0.0028270807304786524
1645,2050,2050,fineweb-edu-sample,fit,random_2,0.01,1,0.1,0.003734220413792773,0.0028962062478591647
1645,2050,2050,fineweb-edu-sample,fit,approx_spectrum_matched,0.005,-1,-0.1,0.0015825247583535415,0.001186950942701195
1645,2050,2050,fineweb-edu-sample,fit,approx_spectrum_matched,0.005,-1,0.1,0.0016108925571160938,0.0012013266336965776
1645,2050,2050,fineweb-edu-sample,fit,approx_spectrum_matched,0.005,1,-0.1,0.001640586221487135,0.0011347557329643326
1645,2050,2050,fineweb-edu-sample,fit,approx_spectrum_matched,0.005,1,0.1,0.0016701958488250434,0.0011660626956061391
1645,2050,2050,fineweb-edu-sample,fit,approx_spectrum_matched,0.01,-1,-0.1,0.0031212792991987866,0.0024203574104784188
1645,2050,2050,fineweb-edu-sample,fit,approx_spectrum_matched,0.01,-1,0.1,0.003168149284100342,0.0024425759213227488
1645,2050,2050,fineweb-edu-sample,fit,approx_spectrum_matched,0.01,1,-0.1,0.003354410963041617,0.0022179937413812664
1645,2050,2050,fineweb-edu-sample,fit,approx_spectrum_matched,0.01,1,0.1,0.003385176336465052,0.002272608868065448
1645,2050,2050,fineweb-edu-sample,fit,leading_pc,0.005,-1,-0.1,0.0022581244271760764,0.0003636566708530628
1645,2050,2050,fineweb-edu-sample,fit,leading_pc,0.005,-1,0.1,0.002096763976184726,0.000466112818572003
1645,2050,2050,fineweb-edu-sample,fit,leading_pc,0.005,1,-0.1,0.002083659714259449,0.00022975293844941828
1645,2050,2050,fineweb-edu-sample,fit,leading_pc,0.005,1,0.1,0.0019221903806568195,0.0002913270983787204
1645,2050,2050,fineweb-edu-sample,fit,leading_pc,0.01,-1,-0.1,0.004728060754248286,0.0009169583407641291
1645,2050,2050,fineweb-edu-sample,fit,leading_pc,0.01,-1,0.1,0.004397283713854533,0.0011791579442238167
1645,2050,2050,fineweb-edu-sample,fit,leading_pc,0.01,1,-0.1,0.004024086750750687,0.0003776864530666022
1645,2050,2050,fineweb-edu-sample,fit,leading_pc,0.01,1,0.1,0.003708065931480713,0.0004964804031978316
1645,2050,2050,fineweb-edu-sample,fit,shuffled_labels,0.005,-1,-0.1,0.0012566757207938283,0.0011249502402709203
1645,2050,2050,fineweb-edu-sample,fit,shuffled_labels,0.005,-1,0.1,0.001229623614333325,0.001086586153505818
1645,2050,2050,fineweb-edu-sample,fit,shuffled_labels,0.005,1,-0.1,0.0011291310592233769,0.0010676327091476805
1645,2050,2050,fineweb-edu-sample,fit,shuffled_labels,0.005,1,0.1,0.001122452489363121,0.001048528443410198
1645,2050,2050,fineweb-edu-sample,fit,shuffled_labels,0.01,-1,-0.1,0.0026392661026890694,0.002300053383804796
1645,2050,2050,fineweb-edu-sample,fit,shuffled_labels,0.01,-1,0.1,0.0026100876533323492,0.0022410223570466558
1645,2050,2050,fineweb-edu-sample,fit,shuffled_labels,0.01,1,-0.1,0.002163421274753312,0.0020949471717875237
1645,2050,2050,fineweb-edu-sample,fit,shuffled_labels,0.01,1,0.1,0.002139386332341905,0.0020475154914652597
1645,2145,2145,fineweb-edu-sample,check,learned,0.005,-1,-0.1,0.0017392808561658706,0.00139348575334503
1645,2145,2145,fineweb-edu-sample,check,learned,0.005,-1,0.1,0.0018621025859268388,0.0014024726610182454
1645,2145,2145,fineweb-edu-sample,check,learned,0.005,1,-0.1,0.001268667915041498,0.0012642474589923403
1645,2145,2145,fineweb-edu-sample,check,learned,0.005,1,0.1,0.001255022446730762,0.0012527654825709876
1645,2145,2145,fineweb-edu-sample,check,learned,0.01,-1,-0.1,0.004178804108285722,0.0027817207090332897
1645,2145,2145,fineweb-edu-sample,check,learned,0.01,-1,0.1,0.004532588875748991,0.002857708271949235
1645,2145,2145,fineweb-edu-sample,check,learned,0.01,1,-0.1,0.002694478856339165,0.002362660379175057
1645,2145,2145,fineweb-edu-sample,check,learned,0.01,1,0.1,0.0026833648840189107,0.002328705646445412
1645,2145,2145,fineweb-edu-sample,check,random_0,0.005,-1,-0.1,0.0012391492283241017,3.265422865770113e-05
1645,2145,2145,fineweb-edu-sample,check,random_0,0.005,-1,0.1,0.0013399014056761475,5.88185302145501e-05
1645,2145,2145,fineweb-edu-sample,check,random_0,0.005,1,-0.1,0.0013400251707643288,1.3990788061580803e-05
1645,2145,2145,fineweb-edu-sample,check,random_0,0.005,1,0.1,0.0014401192679151101,1.134225053904549e-06
1645,2145,2145,fineweb-edu-sample,check,random_0,0.01,-1,-0.1,0.002355347954896789,0.00010968815658660009
1645,2145,2145,fineweb-edu-sample,check,random_0,0.01,-1,0.1,0.002542632461299488,0.00017188293513300363
1645,2145,2145,fineweb-edu-sample,check,random_0,0.01,1,-0.1,0.0027485958161648544,8.793887360379402e-05
1645,2145,2145,fineweb-edu-sample,check,random_0,0.01,1,0.1,0.0029431821831679837,4.687397872227908e-05
1645,2145,2145,fineweb-edu-sample,check,random_1,0.005,-1,-0.1,0.002191000326185672,0.00018334743583835186
1645,2145,2145,fineweb-edu-sample,check,random_1,0.005,-1,0.1,0.0022272108127332243,0.00011481066249498112
1645,2145,2145,fineweb-edu-sample,check,random_1,0.005,1,-0.1,0.0018756527207392279,6.477707448621633e-05
1645,2145,2145,fineweb-edu-sample,check,random_1,0.005,1,0.1,0.0019145845606455198,8.118872288293438e-06
1645,2145,2145,fineweb-edu-sample,check,random_1,0.01,-1,-0.1,0.004637935115825346,0.0004927394264026593
1645,2145,2145,fineweb-edu-sample,check,random_1,0.01,-1,0.1,0.004738178243038853,0.00034568443659670564
1645,2145,2145,fineweb-edu-sample,check,random_1,0.01,1,-0.1,0.0034020732358882953,9.154106843740424e-07
1645,2145,2145,fineweb-edu-sample,check,random_1,0.01,1,0.1,0.003552784262699084,0.00010310211413613303
1645,2145,2145,fineweb-edu-sample,check,random_2,0.005,-1,-0.1,0.002211624663428816,3.778998546997389e-05
1645,2145,2145,fineweb-edu-sample,check,random_2,0.005,-1,0.1,0.002387955784379235,6.463157968608666e-05
1645,2145,2145,fineweb-edu-sample,check,random_2,0.005,1,-0.1,0.002050473965921807,0.00018417228668151446
1645,2145,2145,fineweb-edu-sample,check,random_2,0.005,1,0.1,0.002212726456875741,0.0002306155315269113
1645,2145,2145,fineweb-edu-sample,check,random_2,0.01,-1,-0.1,0.004566180931331679,1.5442068434345856e-05
1645,2145,2145,fineweb-edu-sample,check,random_2,0.01,-1,0.1,0.004931915662705698,3.5034069654240455e-05
1645,2145,2145,fineweb-edu-sample,check,random_2,0.01,1,-0.1,0.0039011155693744097,0.0005291576689283173
1645,2145,2145,fineweb-edu-sample,check,random_2,0.01,1,0.1,0.004259879803431254,0.0006472925678305383
1645,2145,2145,fineweb-edu-sample,check,approx_spectrum_matched,0.005,-1,-0.1,0.0005912198626410256,0.0005739788826963501
1645,2145,2145,fineweb-edu-sample,check,approx_spectrum_matched,0.005,-1,0.1,0.0005382478300187032,0.0005378223778020826
1645,2145,2145,fineweb-edu-sample,check,approx_spectrum_matched,0.005,1,-0.1,0.0007125232078281805,0.0006631709670750623
1645,2145,2145,fineweb-edu-sample,check,approx_spectrum_matched,0.005,1,0.1,0.0006480406887508211,0.000631085242630812
1645,2145,2145,fineweb-edu-sample,check,approx_spectrum_matched,0.01,-1,-0.1,0.001056025434517616,0.0010398202935773511
1645,2145,2145,fineweb-edu-sample,check,approx_spectrum_matched,0.01,-1,0.1,0.000983758048053342,0.0009832303211114346
1645,2145,2145,fineweb-edu-sample,check,approx_spectrum_matched,0.01,1,-0.1,0.0015302269052350616,0.0013949449562632584
1645,2145,2145,fineweb-edu-sample,check,approx_spectrum_matched,0.01,1,0.1,0.0014152299520563756,0.001344174495038143
1645,2145,2145,fineweb-edu-sample,check,leading_pc,0.005,-1,-0.1,0.005826245959369964,0.0018199175557180054
1645,2145,2145,fineweb-edu-sample,check,leading_pc,0.005,-1,0.1,0.005932786810151667,0.001782993794403386
1645,2145,2145,fineweb-edu-sample,check,leading_pc,0.005,1,-0.1,0.005699133263521775,0.0015000163831136518
1645,2145,2145,fineweb-edu-sample,check,leading_pc,0.005,1,0.1,0.005834588689047007,0.0014841602148617937
1645,2145,2145,fineweb-edu-sample,check,leading_pc,0.01,-1,-0.1,0.011621052122252057,0.0039913088159911295
1645,2145,2145,fineweb-edu-sample,check,leading_pc,0.01,-1,0.1,0.01180083529935001,0.0038914787557882418
1645,2145,2145,fineweb-edu-sample,check,leading_pc,0.01,1,-0.1,0.011155269364599554,0.0027236487925729647
1645,2145,2145,fineweb-edu-sample,check,leading_pc,0.01,1,0.1,0.011454054390187282,0.0026877862925476165
1645,2145,2145,fineweb-edu-sample,check,shuffled_labels,0.005,-1,-0.1,0.0019861443525996544,0.0008549852393705286
1645,2145,2145,fineweb-edu-sample,check,shuffled_labels,0.005,-1,0.1,0.002014491397630231,0.0008496590230538376
1645,2145,2145,fineweb-edu-sample,check,shuffled_labels,0.005,1,-0.1,0.0017399807667583802,0.0009168299765012915
1645,2145,2145,fineweb-edu-sample,check,shuffled_labels,0.005,1,0.1,0.0017462216845163588,0.0009194967524629138
1645,2145,2145,fineweb-edu-sample,check,shuffled_labels,0.01,-1,-0.1,0.004207015569555037,0.0016283448147495958
1645,2145,2145,fineweb-edu-sample,check,shuffled_labels,0.01,-1,0.1,0.004269465019799582,0.0016323832728698021
1645,2145,2145,fineweb-edu-sample,check,shuffled_labels,0.01,1,-0.1,0.0032028646555286168,0.0018813506304714452
1645,2145,2145,fineweb-edu-sample,check,shuffled_labels,0.01,1,0.1,0.003236979397462828,0.0018921273978866296
28027,2205,2205,fineweb-edu-sample,fit,learned,0.005,-1,-0.1,0.00029825468611742977,0.00021490162344047688
28027,2205,2205,fineweb-edu-sample,fit,learned,0.005,-1,0.1,0.0002926708236448833,0.000212584925861733
28027,2205,2205,fineweb-edu-sample,fit,learned,0.005,1,-0.1,0.0002775716568226844,0.000223335628191645
28027,2205,2205,fineweb-edu-sample,fit,learned,0.005,1,0.1,0.00028289587622976596,0.00022336027546342066
28027,2205,2205,fineweb-edu-sample,fit,learned,0.01,-1,-0.1,0.0006101347120824838,0.0004389943427876955
28027,2205,2205,fineweb-edu-sample,fit,learned,0.01,-1,0.1,0.0006146910007296789,0.0004355564226346523
28027,2205,2205,fineweb-edu-sample,fit,learned,0.01,1,-0.1,0.0005343547062831102,0.00044338612095547473
28027,2205,2205,fineweb-edu-sample,fit,learned,0.01,1,0.1,0.0005451990168077435,0.0004503609122476882
28027,2205,2205,fineweb-edu-sample,fit,random_0,0.005,-1,-0.1,0.00021015918183009977,9.858839172264129e-05
28027,2205,2205,fineweb-edu-sample,fit,random_0,0.005,-1,0.1,0.00021740846269439255,9.061794840723582e-05
28027,2205,2205,fineweb-edu-sample,fit,random_0,0.005,1,-0.1,0.0001977788098572541,0.00011986279236542837
28027,2205,2205,fineweb-edu-sample,fit,random_0,0.005,1,0.1,0.0002037049232797034,0.00011454213459835305
28027,2205,2205,fineweb-edu-sample,fit,random_0,0.01,-1,-0.1,0.00043545755115366084,0.00018289387839419294
28027,2205,2205,fineweb-edu-sample,fit,random_0,0.01,-1,0.1,0.00043769495482145023,0.00016808544607864028
28027,2205,2205,fineweb-edu-sample,fit,random_0,0.01,1,-0.1,0.00039239960883028,0.0002516803880881685
28027,2205,2205,fineweb-edu-sample,fit,random_0,0.01,1,0.1,0.0004022030272522099,0.00023897990900938873
28027,2205,2205,fineweb-edu-sample,fit,random_1,0.005,-1,-0.1,0.00043962317229810465,0.00010396480590617095
28027,2205,2205,fineweb-edu-sample,fit,random_1,0.005,-1,0.1,0.00045439053545643407,0.00010265648286453895
28027,2205,2205,fineweb-edu-sample,fit,random_1,0.005,1,-0.1,0.00044763810460528444,0.00014217169869260843
28027,2205,2205,fineweb-edu-sample,fit,random_1,0.005,1,0.1,0.0004551055343809307,0.00014911161630963853
28027,2205,2205,fineweb-edu-sample,fit,random_1,0.01,-1,-0.1,0.0008851505447097139,0.00016377384743675153
28027,2205,2205,fineweb-edu-sample,fit,random_1,0.01,-1,0.1,0.0009222627283182706,0.00015823407999583707
28027,2205,2205,fineweb-edu-sample,fit,random_1,0.01,1,-0.1,0.000870873851568373,0.0003232359401274983
28027,2205,2205,fineweb-edu-sample,fit,random_1,0.01,1,0.1,0.0008969731551507965,0.00032526618025110186
28027,2205,2205,fineweb-edu-sample,fit,random_2,0.005,-1,-0.1,0.00039003880482697606,2.1752221653964007e-05
28027,2205,2205,fineweb-edu-sample,fit,random_2,0.005,-1,0.1,0.00039363189005407696,2.5257240526698028e-05
28027,2205,2205,fineweb-edu-sample,fit,random_2,0.005,1,-0.1,0.0003277824546929584,8.498951296376495e-06
28027,2205,2205,fineweb-edu-sample,fit,random_2,0.005,1,0.1,0.00034617458152643815,6.184256050154571e-06
28027,2205,2205,fineweb-edu-sample,fit,random_2,0.01,-1,-0.1,0.0008112512287182845,6.63999561095094e-05
28027,2205,2205,fineweb-edu-sample,fit,random_2,0.01,-1,0.1,0.0008299750376248855,7.631960898734945e-05
28027,2205,2205,fineweb-edu-sample,fit,random_2,0.01,1,-0.1,0.0006179942023659215,4.060040492931856e-05
28027,2205,2205,fineweb-edu-sample,fit,random_2,0.01,1,0.1,0.0006376152653752234,3.9429215342554326e-05
28027,2205,2205,fineweb-edu-sample,fit,approx_spectrum_matched,0.005,-1,-0.1,8.025043291630335e-05,3.558583578337911e-05
28027,2205,2205,fineweb-edu-sample,fit,approx_spectrum_matched,0.005,-1,0.1,9.091973022625037e-05,4.271907630185756e-05
28027,2205,2205,fineweb-edu-sample,fit,approx_spectrum_matched,0.005,1,-0.1,4.792154131470151e-05,1.6125531319434388e-05
28027,2205,2205,fineweb-edu-sample,fit,approx_spectrum_matched,0.005,1,0.1,5.068848520629239e-05,1.5642231595593794e-05
28027,2205,2205,fineweb-edu-sample,fit,approx_spectrum_matched,0.01,-1,-0.1,0.0002315386904947103,0.00013770871127704722
28027,2205,2205,fineweb-edu-sample,fit,approx_spectrum_matched,0.01,-1,0.1,0.00024980442445650186,0.00015156465765575643
28027,2205,2205,fineweb-edu-sample,fit,approx_spectrum_matched,0.01,1,-0.1,0.00010279352822623553,6.775130815374102e-05
28027,2205,2205,fineweb-edu-sample,fit,approx_spectrum_matched,0.01,1,0.1,0.00010190044656497597,5.871134707430862e-05
28027,2205,2205,fineweb-edu-sample,fit,leading_pc,0.005,-1,-0.1,0.000401524069402792,2.14451172759067e-05
28027,2205,2205,fineweb-edu-sample,fit,leading_pc,0.005,-1,0.1,0.00041252229534175584,4.905344796738371e-05
28027,2205,2205,fineweb-edu-sample,fit,leading_pc,0.005,1,-0.1,0.0003582795880577451,2.9800722268930207e-05
28027,2205,2205,fineweb-edu-sample,fit,leading_pc,0.005,1,0.1,0.00037232402883003633,4.240777663864461e-05
28027,2205,2205,fineweb-edu-sample,fit,leading_pc,0.01,-1,-0.1,0.0008103476785506146,6.0015478763564675e-05
28027,2205,2205,fineweb-edu-sample,fit,leading_pc,0.01,-1,0.1,0.000848416458333504,9.585815940465414e-05
28027,2205,2205,fineweb-edu-sample,fit,leading_pc,0.01,1,-0.1,0.0006747331719811713,6.44434414351026e-05
28027,2205,2205,fineweb-edu-sample,fit,leading_pc,0.01,1,0.1,0.0007154191148450171,8.268026817999147e-05
28027,2205,2205,fineweb-edu-sample,fit,shuffled_labels,0.005,-1,-0.1,0.0002123355383608438,4.841532993348014e-06
28027,2205,2205,fineweb-edu-sample,fit,shuffled_labels,0.005,-1,0.1,0.00021794327311204848,1.1472199662598684e-05
28027,2205,2205,fineweb-edu-sample,fit,shuffled_labels,0.005,1,-0.1,0.00018607405461749257,1.4239761988915537e-05
28027,2205,2205,fineweb-edu-sample,fit,shuffled_labels,0.005,1,0.1,0.00020211146685784382,5.458120761665855e-07
28027,2205,2205,fineweb-edu-sample,fit,shuffled_labels,0.01,-1,-0.1,0.00043719180921020614,7.785003202977038e-06
28027,2205,2205,fineweb-edu-sample,fit,shuffled_labels,0.01,-1,0.1,0.0004533725974244402,2.9076541505806515e-05
28027,2205,2205,fineweb-edu-sample,fit,shuffled_labels,0.01,1,-0.1,0.0003653580947224417,4.655461141325699e-05
28027,2205,2205,fineweb-edu-sample,fit,shuffled_labels,0.01,1,0.1,0.00038899275316908846,1.82437744106818e-05
1645,2348,2348,fineweb-edu-sample,fit,learned,0.005,-1,-0.1,0.0019313148764595134,0.0008302155646203927
1645,2348,2348,fineweb-edu-sample,fit,learned,0.005,-1,0.1,0.0014956705712701132,0.0006064352549268446
1645,2348,2348,fineweb-edu-sample,fit,learned,0.005,1,-0.1,0.0022609983443051436,0.00022059846856996437
1645,2348,2348,fineweb-edu-sample,fit,learned,0.005,1,0.1,0.0020407864409181984,0.00017498035062305032
1645,2348,2348,fineweb-edu-sample,fit,learned,0.01,-1,-0.1,0.003319268116333264,0.002440029733577527
1645,2348,2348,fineweb-edu-sample,fit,learned,0.01,-1,0.1,0.001966742880001128,0.0016533131180783067
1645,2348,2348,fineweb-edu-sample,fit,learned,0.01,1,-0.1,0.004462979384824091,1.6396878484520927e-05
1645,2348,2348,fineweb-edu-sample,fit,learned,0.01,1,0.1,0.004152089037257975,8.98024956449657e-06
1645,2348,2348,fineweb-edu-sample,fit,random_0,0.005,-1,-0.1,0.0017708345398978402,0.0015192126253313607
1645,2348,2348,fineweb-edu-sample,fit,random_0,0.005,-1,0.1,0.0019756063227468292,0.0016978777949633616
1645,2348,2348,fineweb-edu-sample,fit,random_0,0.005,1,-0.1,0.0015095637973969276,0.001348995240877787
1645,2348,2348,fineweb-edu-sample,fit,random_0,0.005,1,0.1,0.0017734776543551745,0.0015993845022599352
1645,2348,2348,fineweb-edu-sample,fit,random_0,0.01,-1,-0.1,0.0037083044534399917,0.0030360350995471547
1645,2348,2348,fineweb-edu-sample,fit,random_0,0.01,-1,0.1,0.0041095522964820635,0.0033582190961651335
1645,2348,2348,fineweb-edu-sample,fit,random_0,0.01,1,-0.1,0.0027041815296153337,0.002417409372914435
1645,2348,2348,fineweb-edu-sample,fit,random_0,0.01,1,0.1,0.0032188545798336235,0.0029205996416640386
1645,2348,2348,fineweb-edu-sample,fit,random_1,0.005,-1,-0.1,0.0016044356624728387,0.0011050170941164122
1645,2348,2348,fineweb-edu-sample,fit,random_1,0.005,-1,0.1,0.001600255841122583,0.0009546827666051412
1645,2348,2348,fineweb-edu-sample,fit,random_1,0.005,1,-0.1,0.0016836155145610492,0.0014342003561266456
1645,2348,2348,fineweb-edu-sample,fit,random_1,0.005,1,0.1,0.001579188203399478,0.0012426728764493664
1645,2348,2348,fineweb-edu-sample,fit,random_1,0.01,-1,-0.1,0.0032330649773878993,0.0020041589914867462
1645,2348,2348,fineweb-edu-sample,fit,random_1,0.01,-1,0.1,0.0032548905816065584,0.0016947203201081351
1645,2348,2348,fineweb-edu-sample,fit,random_1,0.01,1,-0.1,0.0035028895139883084,0.003201975756859444
1645,2348,2348,fineweb-edu-sample,fit,random_1,0.01,1,0.1,0.0032386275704261087,0.002835905922381355
1645,2348,2348,fineweb-edu-sample,fit,random_2,0.005,-1,-0.1,0.003178167414324322,0.0030924699763055863
1645,2348,2348,fineweb-edu-sample,fit,random_2,0.005,-1,0.1,0.0030899991209441028,0.0029740624727024553
1645,2348,2348,fineweb-edu-sample,fit,random_2,0.005,1,-0.1,0.0029068069820853653,0.0028566039955561957
1645,2348,2348,fineweb-edu-sample,fit,random_2,0.005,1,0.1,0.002873292878032778,0.0028009238505480086
1645,2348,2348,fineweb-edu-sample,fit,random_2,0.01,-1,-0.1,0.006593797535190528,0.006397176094381749
1645,2348,2348,fineweb-edu-sample,fit,random_2,0.01,-1,0.1,0.00642235767965375,0.006157370347275315
1645,2348,2348,fineweb-edu-sample,fit,random_2,0.01,1,-0.1,0.005558249813675365,0.005495247829457585
1645,2348,2348,fineweb-edu-sample,fit,random_2,0.01,1,0.1,0.005540414914738786,0.005442504287739183
1645,2348,2348,fineweb-edu-sample,fit,approx_spectrum_matched,0.005,-1,-0.1,0.003402489075793621,0.0010521821399310251
1645,2348,2348,fineweb-edu-sample,fit,approx_spectrum_matched,0.005,-1,0.1,0.003381652240825846,0.0010257427981430214
1645,2348,2348,fineweb-edu-sample,fit,approx_spectrum_matched,0.005,1,-0.1,0.0031290506666588397,0.0007645655729118118
1645,2348,2348,fineweb-edu-sample,fit,approx_spectrum_matched,0.005,1,0.1,0.0031296262325808456,0.0008092501345663668
1645,2348,2348,fineweb-edu-sample,fit,approx_spectrum_matched,0.01,-1,-0.1,0.007044892292956045,0.0023722198118267977
1645,2348,2348,fineweb-edu-sample,fit,approx_spectrum_matched,0.01,-1,0.1,0.007000465612603828,0.002356890552375849
1645,2348,2348,fineweb-edu-sample,fit,approx_spectrum_matched,0.01,1,-0.1,0.006013715091262343,0.0013713148974342528
1645,2348,2348,fineweb-edu-sample,fit,approx_spectrum_matched,0.01,1,0.1,0.0060313811767623415,0.0014432096028051248
1645,2348,2348,fineweb-edu-sample,fit,leading_pc,0.005,-1,-0.1,0.005091414795447563,0.0049000656835766435
1645,2348,2348,fineweb-edu-sample,fit,leading_pc,0.005,-1,0.1,0.004882961509338271,0.004764311006545596
1645,2348,2348,fineweb-edu-sample,fit,leading_pc,0.005,1,-0.1,0.0037136212886512,0.0034789586616885185
1645,2348,2348,fineweb-edu-sample,fit,leading_pc,0.005,1,0.1,0.003527730114085046,0.003397053510352603
1645,2348,2348,fineweb-edu-sample,fit,leading_pc,0.01,-1,-0.1,0.011809006194801318,0.011344488926578264
1645,2348,2348,fineweb-edu-sample,fit,leading_pc,0.01,-1,0.1,0.01126387512717788,0.01093121834031174
1645,2348,2348,fineweb-edu-sample,fit,leading_pc,0.01,1,-0.1,0.006304598595924922,0.00568022492804105
1645,2348,2348,fineweb-edu-sample,fit,leading_pc,0.01,1,0.1,0.0058907645982403814,0.005534186871040505
1645,2348,2348,fineweb-edu-sample,fit,shuffled_labels,0.005,-1,-0.1,0.002318482345827947,0.0019872874229566093
1645,2348,2348,fineweb-edu-sample,fit,shuffled_labels,0.005,-1,0.1,0.0022942514308935727,0.0019317580071427226
1645,2348,2348,fineweb-edu-sample,fit,shuffled_labels,0.005,1,-0.1,0.001687523132324753,0.0015463654555741982
1645,2348,2348,fineweb-edu-sample,fit,shuffled_labels,0.005,1,0.1,0.0017001042264298393,0.0015453056894109308
1645,2348,2348,fineweb-edu-sample,fit,shuffled_labels,0.01,-1,-0.1,0.00525508551094587,0.004364123935884239
1645,2348,2348,fineweb-edu-sample,fit,shuffled_labels,0.01,-1,0.1,0.005167173980170984,0.004205303441285545
1645,2348,2348,fineweb-edu-sample,fit,shuffled_labels,0.01,1,-0.1,0.0027698394763038116,0.002616235722864168
1645,2348,2348,fineweb-edu-sample,fit,shuffled_labels,0.01,1,0.1,0.002863916086645001,0.002697512999970747
2966,2350,2350,fineweb-edu-sample,fit,learned,0.005,-1,-0.1,0.00019738063492943058,0.00016163228860276114
2966,2350,2350,fineweb-edu-sample,fit,learned,0.005,-1,0.1,0.00019910563794347562,0.00016149304228242677
2966,2350,2350,fineweb-edu-sample,fit,learned,0.005,1,-0.1,0.00021600460109834002,0.00017911755756891458
2966,2350,2350,fineweb-edu-sample,fit,learned,0.005,1,0.1,0.00021499169806948822,0.0001712865595000543
2966,2350,2350,fineweb-edu-sample,fit,learned,0.01,-1,-0.1,0.00038043119206122687,0.0003117782720560153
2966,2350,2350,fineweb-edu-sample,fit,learned,0.01,-1,0.1,0.00038030565989666774,0.00031538197378448663
2966,2350,2350,fineweb-edu-sample,fit,learned,0.01,1,-0.1,0.0004525533829491686,0.0003723111524973286
2966,2350,2350,fineweb-edu-sample,fit,learned,0.01,1,0.1,0.00044173346068254174,0.0003611024886025759
2966,2350,2350,fineweb-edu-sample,fit,random_0,0.005,-1,-0.1,0.0001273539124515483,3.862440686973301e-05
2966,2350,2350,fineweb-edu-sample,fit,random_0,0.005,-1,0.1,0.0001322894442180278,4.344425159102502e-05
2966,2350,2350,fineweb-edu-sample,fit,random_0,0.005,1,-0.1,0.00019598645295013654,5.648554718666225e-05
2966,2350,2350,fineweb-edu-sample,fit,random_0,0.005,1,0.1,0.00019502814648877129,5.435649372800502e-05
2966,2350,2350,fineweb-edu-sample,fit,random_0,0.01,-1,-0.1,0.00015501241892455187,5.7852805971172256e-05
2966,2350,2350,fineweb-edu-sample,fit,random_0,0.01,-1,0.1,0.0001552029870088073,7.016537614029726e-05
2966,2350,2350,fineweb-edu-sample,fit,random_0,0.01,1,-0.1,0.0004389647992619926,0.0001153254612213514
2966,2350,2350,fineweb-edu-sample,fit,random_0,0.01,1,0.1,0.0004419588551282381,0.00011773615358150861
2966,2350,2350,fineweb-edu-sample,fit,random_1,0.005,-1,-0.1,0.0003534981386723178,0.0001750704620570538
2966,2350,2350,fineweb-edu-sample,fit,random_1,0.005,-1,0.1,0.00034776698658391754,0.00016450557655330416
2966,2350,2350,fineweb-edu-sample,fit,random_1,0.005,1,-0.1,0.000324704747891106,0.0001799510837901793
2966,2350,2350,fineweb-edu-sample,fit,random_1,0.005,1,0.1,0.00032504768804740184,0.00017291056846908254
2966,2350,2350,fineweb-edu-sample,fit,random_1,0.01,-1,-0.1,0.0007374714836789857,0.0003395692154772096
2966,2350,2350,fineweb-edu-sample,fit,random_1,0.01,-1,0.1,0.0007251845102680085,0.0003341560570672186
2966,2350,2350,fineweb-edu-sample,fit,random_1,0.01,1,-0.1,0.000623409102835927,0.0003703697448752965
2966,2350,2350,fineweb-edu-sample,fit,random_1,0.01,1,0.1,0.0006256714069997955,0.00036949967050728166
2966,2350,2350,fineweb-edu-sample,fit,random_2,0.005,-1,-0.1,0.0003976913377912661,0.0002790403766633242
2966,2350,2350,fineweb-edu-sample,fit,random_2,0.005,-1,0.1,0.0003951228182691267,0.000280909294912483
2966,2350,2350,fineweb-edu-sample,fit,random_2,0.005,1,-0.1,0.0004110734570673528,0.0002629903609195815
2966,2350,2350,fineweb-edu-sample,fit,random_2,0.005,1,0.1,0.00040158861974386075,0.00025554190561573775
2966,2350,2350,fineweb-edu-sample,fit,random_2,0.01,-1,-0.1,0.0007705357988276611,0.0005684487163926328
2966,2350,2350,fineweb-edu-sample,fit,random_2,0.01,-1,0.1,0.0007677167098200536,0.0005732922060911404
2966,2350,2350,fineweb-edu-sample,fit,random_2,0.01,1,-0.1,0.0008274860090135591,0.0004980369098040861
2966,2350,2350,fineweb-edu-sample,fit,random_2,0.01,1,0.1,0.0008114922296724034,0.00048726162079202934
2966,2350,2350,fineweb-edu-sample,fit,approx_spectrum_matched,0.005,-1,-0.1,0.00014588411846903185,5.902963278100074e-05
2966,2350,2350,fineweb-edu-sample,fit,approx_spectrum_matched,0.005,-1,0.1,0.0001517810949885007,4.8571405526470944e-05
2966,2350,2350,fineweb-edu-sample,fit,approx_spectrum_matched,0.005,1,-0.1,0.00019500016406768573,7.022612946966286e-05
2966,2350,2350,fineweb-edu-sample,fit,approx_spectrum_matched,0.005,1,0.1,0.00019619980441514,7.371680117516188e-05
2966,2350,2350,fineweb-edu-sample,fit,approx_spectrum_matched,0.01,-1,-0.1,0.00023607436718233458,0.00010106755062760623
2966,2350,2350,fineweb-edu-sample,fit,approx_spectrum_matched,0.01,-1,0.1,0.0002350241300862004,9.380438632004851e-05
2966,2350,2350,fineweb-edu-sample,fit,approx_spectrum_matched,0.01,1,-0.1,0.00043852948272194516,0.00016209374735788772
2966,2350,2350,fineweb-edu-sample,fit,approx_spectrum_matched,0.01,1,0.1,0.0004316142841350911,0.00016689875327945033
2966,2350,2350,fineweb-edu-sample,fit,leading_pc,0.005,-1,-0.1,0.00013476872483779526,0.00012777105852796047
2966,2350,2350,fineweb-edu-sample,fit,leading_pc,0.005,-1,0.1,0.00013424808009924145,0.00012754221415025202
2966,2350,2350,fineweb-edu-sample,fit,leading_pc,0.005,1,-0.1,0.00010861006528860425,9.942878957707107e-05
2966,2350,2350,fineweb-edu-sample,fit,leading_pc,0.005,1,0.1,0.00011495633091204958,0.0001094568318438932
2966,2350,2350,fineweb-edu-sample,fit,leading_pc,0.01,-1,-0.1,0.0002926428541897828,0.00025939497670846257
2966,2350,2350,fineweb-edu-sample,fit,leading_pc,0.01,-1,0.1,0.0002858987720115926,0.0002649562822958568
2966,2350,2350,fineweb-edu-sample,fit,leading_pc,0.01,1,-0.1,0.00021907125877931565,0.00018253130628857717
2966,2350,2350,fineweb-edu-sample,fit,leading_pc,0.01,1,0.1,0.00022092540182297777,0.00019025991639863026
2966,2350,2350,fineweb-edu-sample,fit,shuffled_labels,0.005,-1,-0.1,0.00019800630698042776,9.052342015433224e-05
2966,2350,2350,fineweb-edu-sample,fit,shuffled_labels,0.005,-1,0.1,0.00018591024086040775,9.07057052603738e-05
2966,2350,2350,fineweb-edu-sample,fit,shuffled_labels,0.005,1,-0.1,0.00016932755379261687,8.681534586081789e-05
2966,2350,2350,fineweb-edu-sample,fit,shuffled_labels,0.005,1,0.1,0.00017094994518094392,8.498191381240696e-05
2966,2350,2350,fineweb-edu-sample,fit,shuffled_labels,0.01,-1,-0.1,0.0004105332552800559,0.00020018014229415776
2966,2350,2350,fineweb-edu-sample,fit,shuffled_labels,0.01,-1,0.1,0.00039558635957493755,0.00019129202119518138
2966,2350,2350,fineweb-edu-sample,fit,shuffled_labels,0.01,1,-0.1,0.00031529142138422167,0.0001623662005950723
2966,2350,2350,fineweb-edu-sample,fit,shuffled_labels,0.01,1,0.1,0.00032285784452324416,0.00016319538802918028
2966,2514,2514,fineweb-edu-sample,fit,learned,0.005,-1,-0.1,0.0003919647847664276,0.00015105144435623952
2966,2514,2514,fineweb-edu-sample,fit,learned,0.005,-1,0.1,0.00039366683513127385,0.00014218931851569917
2966,2514,2514,fineweb-edu-sample,fit,learned,0.005,1,-0.1,0.00042400342947286753,0.00013485176564276795
2966,2514,2514,fineweb-edu-sample,fit,learned,0.005,1,0.1,0.0003999080617522651,0.0001427844003444723
2966,2514,2514,fineweb-edu-sample,fit,learned,0.01,-1,-0.1,0.0007567596493234604,0.0003003560547097658
2966,2514,2514,fineweb-edu-sample,fit,learned,0.01,-1,0.1,0.000761147570395469,0.0002845250644991561
2966,2514,2514,fineweb-edu-sample,fit,learned,0.01,1,-0.1,0.000834971818980271,0.000267445293095577
2966,2514,2514,fineweb-edu-sample,fit,learned,0.01,1,0.1,0.0008221447016446751,0.000287285743347242
2966,2514,2514,fineweb-edu-sample,fit,random_0,0.005,-1,-0.1,0.00013242773204001133,3.3741248331670127e-06
2966,2514,2514,fineweb-edu-sample,fit,random_0,0.005,-1,0.1,0.00010504279947673312,2.5758638414180266e-06
2966,2514,2514,fineweb-edu-sample,fit,random_0,0.005,1,-0.1,0.00012166825033562216,3.536823842458552e-06
2966,2514,2514,fineweb-edu-sample,fit,random_0,0.005,1,0.1,0.00014038866607064403,5.8051405765943075e-06
2966,2514,2514,fineweb-edu-sample,fit,random_0,0.01,-1,-0.1,0.00019602415419758834,2.148168250217001e-06
2966,2514,2514,fineweb-edu-sample,fit,random_0,0.01,-1,0.1,0.000214254349040072,9.091698717487938e-06
2966,2514,2514,fineweb-edu-sample,fit,random_0,0.01,1,-0.1,0.0002734668377481643,2.692954304433839e-06
2966,2514,2514,fineweb-edu-sample,fit,random_0,0.01,1,0.1,0.0002917234240051184,2.1141712127921298e-05
2966,2514,2514,fineweb-edu-sample,fit,random_1,0.005,-1,-0.1,0.0002777992880387502,0.00012558709460814454
2966,2514,2514,fineweb-edu-sample,fit,random_1,0.005,-1,0.1,0.00027795680113982125,0.0001561015024415967
2966,2514,2514,fineweb-edu-sample,fit,random_1,0.005,1,-0.1,0.0003225280856142306,0.0001528772219632773
2966,2514,2514,fineweb-edu-sample,fit,random_1,0.005,1,0.1,0.00032747709655814295,0.00014479434788960914
2966,2514,2514,fineweb-edu-sample,fit,random_1,0.01,-1,-0.1,0.0004757774020739784,0.0002694194846787424
2966,2514,2514,fineweb-edu-sample,fit,random_1,0.01,-1,0.1,0.00047704811198242815,0.00026039024897115174
2966,2514,2514,fineweb-edu-sample,fit,random_1,0.01,1,-0.1,0.0007031063743366152,0.00029506773543271845
2966,2514,2514,fineweb-edu-sample,fit,random_1,0.01,1,0.1,0.0007094933129173015,0.0002951883280664507
2966,2514,2514,fineweb-edu-sample,fit,random_2,0.005,-1,-0.1,0.000946389628683832,0.0007037017852510658
2966,2514,2514,fineweb-edu-sample,fit,random_2,0.005,-1,0.1,0.0009371726986202726,0.0006976573814276107
2966,2514,2514,fineweb-edu-sample,fit,random_2,0.005,1,-0.1,0.000985621829279568,0.0007014268561276208
2966,2514,2514,fineweb-edu-sample,fit,random_2,0.005,1,0.1,0.00099274931186513,0.0006963893930329758
2966,2514,2514,fineweb-edu-sample,fit,random_2,0.01,-1,-0.1,0.001816183036918743,0.0013853491333544964
2966,2514,2514,fineweb-edu-sample,fit,random_2,0.01,-1,0.1,0.0018042376973118202,0.001374095675844183
2966,2514,2514,fineweb-edu-sample,fit,random_2,0.01,1,-0.1,0.0020115177565691754,0.0014003350353553993
2966,2514,2514,fineweb-edu-sample,fit,random_2,0.01,1,0.1,0.002022280948229405,0.0013930911346735706
2966,2514,2514,fineweb-edu-sample,fit,approx_spectrum_matched,0.005,-1,-0.1,0.00019500249608947606,6.482472865112052e-05
2966,2514,2514,fineweb-edu-sample,fit,approx_spectrum_matched,0.005,-1,0.1,0.00016804434234852315,6.253405064167372e-05
2966,2514,2514,fineweb-edu-sample,fit,approx_spectrum_matched,0.005,1,-0.1,0.0002721754587169501,6.080522105651368e-05
2966,2514,2514,fineweb-edu-sample,fit,approx_spectrum_matched,0.005,1,0.1,0.0002694868307293852,4.2475811804366564e-05
2966,2514,2514,fineweb-edu-sample,fit,approx_spectrum_matched,0.01,-1,-0.1,0.0002938435236332259,0.0001422240457051827
2966,2514,2514,fineweb-edu-sample,fit,approx_spectrum_matched,0.01,-1,0.1,0.000282231612066491,0.00014583838398204564
2966,2514,2514,fineweb-edu-sample,fit,approx_spectrum_matched,0.01,1,-0.1,0.0006376266764767178,0.00012148849304044373
2966,2514,2514,fineweb-edu-sample,fit,approx_spectrum_matched,0.01,1,0.1,0.0006463493820574538,0.00010911635442584848
2966,2514,2514,fineweb-edu-sample,fit,leading_pc,0.005,-1,-0.1,0.0009666891142199357,0.00013168499934362374
2966,2514,2514,fineweb-edu-sample,fit,leading_pc,0.005,-1,0.1,0.0009392453852735508,0.0001433386954131533
2966,2514,2514,fineweb-edu-sample,fit,leading_pc,0.005,1,-0.1,0.0009279648046050164,0.00010758509581577732
2966,2514,2514,fineweb-edu-sample,fit,leading_pc,0.005,1,0.1,0.0009323678540380233,8.903802211114271e-05
2966,2514,2514,fineweb-edu-sample,fit,leading_pc,0.01,-1,-0.1,0.0018920763845887935,0.00034738644384008175
2966,2514,2514,fineweb-edu-sample,fit,leading_pc,0.01,-1,0.1,0.0018917197420217522,0.0003369879343758313
2966,2514,2514,fineweb-edu-sample,fit,leading_pc,0.01,1,-0.1,0.0018116016994392532,0.000196033660468482
2966,2514,2514,fineweb-edu-sample,fit,leading_pc,0.01,1,0.1,0.001790703016547394,0.00017323741490368744
2966,2514,2514,fineweb-edu-sample,fit,shuffled_labels,0.005,-1,-0.1,8.952482720284071e-05,7.052430651449989e-05
2966,2514,2514,fineweb-edu-sample,fit,shuffled_labels,0.005,-1,0.1,0.00010067138041931869,7.327588870267558e-05
2966,2514,2514,fineweb-edu-sample,fit,shuffled_labels,0.005,1,-0.1,8.221120667250951e-05,6.0709887256245096e-05
2966,2514,2514,fineweb-edu-sample,fit,shuffled_labels,0.005,1,0.1,8.494262088516037e-05,6.613460685474918e-05
2966,2514,2514,fineweb-edu-sample,fit,shuffled_labels,0.01,-1,-0.1,0.0001901886988174812,0.00014122785260300614
2966,2514,2514,fineweb-edu-sample,fit,shuffled_labels,0.01,-1,0.1,0.00021291513312860088,0.0001607757101335725
2966,2514,2514,fineweb-edu-sample,fit,shuffled_labels,0.01,1,-0.1,0.00015495667014203384,0.00012279143843370506
2966,2514,2514,fineweb-edu-sample,fit,shuffled_labels,0.01,1,0.1,0.00016742621121958003,0.00013589833564977029
2966,2850,2850,fineweb-edu-sample,check,learned,0.005,-1,-0.1,0.00013223443249126273,9.331829326869224e-05
2966,2850,2850,fineweb-edu-sample,check,learned,0.005,-1,0.1,0.0001343327375507425,9.608361650879583e-05
2966,2850,2850,fineweb-edu-sample,check,learned,0.005,1,-0.1,0.00013883415003043621,9.171192072815678e-05
2966,2850,2850,fineweb-edu-sample,check,learned,0.005,1,0.1,0.00014896869041264828,0.00010171055507323664
2966,2850,2850,fineweb-edu-sample,check,learned,0.01,-1,-0.1,0.00026930958949298884,0.00018775361301987746
2966,2850,2850,fineweb-edu-sample,check,learned,0.01,-1,0.1,0.0002549612211974956,0.00018659443553422877
2966,2850,2850,fineweb-edu-sample,check,learned,0.01,1,-0.1,0.0002892716025409654,0.00019036973233018124
2966,2850,2850,fineweb-edu-sample,check,learned,0.01,1,0.1,0.00028405089856059875,0.00018696408843262268
2966,2850,2850,fineweb-edu-sample,check,random_0,0.005,-1,-0.1,0.0003132076117017749,0.00019216902014359882
2966,2850,2850,fineweb-edu-sample,check,random_0,0.005,-1,0.1,0.00032674307271557445,0.00020822659782559428
2966,2850,2850,fineweb-edu-sample,check,random_0,0.005,1,-0.1,0.00032205540716604417,0.0001943484922021109
2966,2850,2850,fineweb-edu-sample,check,random_0,0.005,1,0.1,0.00032162021223290746,0.00020330349331516612
2966,2850,2850,fineweb-edu-sample,check,random_0,0.01,-1,-0.1,0.0006180964762247379,0.00039988889338171923
2966,2850,2850,fineweb-edu-sample,check,random_0,0.01,-1,0.1,0.0006243530292530751,0.0004161918249149504
2966,2850,2850,fineweb-edu-sample,check,random_0,0.01,1,-0.1,0.0006411365961384472,0.0003913930929740132
2966,2850,2850,fineweb-edu-sample,check,random_0,0.01,1,0.1,0.0006396773587488078,0.00040179216428205995
2966,2850,2850,fineweb-edu-sample,check,random_1,0.005,-1,-0.1,0.00018602761462336692,0.00011206024729171745
2966,2850,2850,fineweb-edu-sample,check,random_1,0.005,-1,0.1,0.00016386555945391312,0.00011188161058056031
2966,2850,2850,fineweb-edu-sample,check,random_1,0.005,1,-0.1,0.00019921523738550598,0.0001059603604681962
2966,2850,2850,fineweb-edu-sample,check,random_1,0.005,1,0.1,0.00021542276378777538,0.00012369930172618417
2966,2850,2850,fineweb-edu-sample,check,random_1,0.01,-1,-0.1,0.0003293105217804294,0.00021139843812444323
2966,2850,2850,fineweb-edu-sample,check,random_1,0.01,-1,0.1,0.0003129592376555238,0.00021269417048143594
2966,2850,2850,fineweb-edu-sample,check,random_1,0.01,1,-0.1,0.0004368473821533173,0.00022537773753255932
2966,2850,2850,fineweb-edu-sample,check,random_1,0.01,1,0.1,0.0004411266914472875,0.00024440217465478126
2966,2850,2850,fineweb-edu-sample,check,random_2,0.005,-1,-0.1,5.8205392912548555e-05,3.200040904564035e-05
2966,2850,2850,fineweb-edu-sample,check,random_2,0.005,-1,0.1,5.855591366961957e-05,2.6646746559476994e-05
2966,2850,2850,fineweb-edu-sample,check,random_2,0.005,1,-0.1,4.530705841148263e-05,2.175990173099079e-05
2966,2850,2850,fineweb-edu-sample,check,random_2,0.005,1,0.1,3.547873542354255e-05,1.9322765143318637e-05
2966,2850,2850,fineweb-edu-sample,check,random_2,0.01,-1,-0.1,0.00012406932669885336,7.541293279489723e-05
2966,2850,2850,fineweb-edu-sample,check,random_2,0.01,-1,0.1,0.0001333405861879982,7.989916713416499e-05
2966,2850,2850,fineweb-edu-sample,check,random_2,0.01,1,-0.1,8.106231689453125e-05,3.221685057131295e-05
2966,2850,2850,fineweb-edu-sample,check,random_2,0.01,1,0.1,7.856100206992711e-05,3.911039681037508e-05
2966,2850,2850,fineweb-edu-sample,check,approx_spectrum_matched,0.005,-1,-0.1,0.00021811430228285887,1.093688439724841e-05
2966,2850,2850,fineweb-edu-sample,check,approx_spectrum_matched,0.005,-1,0.1,0.00020516192336311121,9.36080622498547e-06
2966,2850,2850,fineweb-edu-sample,check,approx_spectrum_matched,0.005,1,-0.1,0.00024488454964758353,1.2079319232755165e-05
2966,2850,2850,fineweb-edu-sample,check,approx_spectrum_matched,0.005,1,0.1,0.0002601713727131603,5.268487269028518e-06
2966,2850,2850,fineweb-edu-sample,check,approx_spectrum_matched,0.01,-1,-0.1,0.0004155624206885631,2.5334010054923797e-05
2966,2850,2850,fineweb-edu-sample,check,approx_spectrum_matched,0.01,-1,0.1,0.00040293840246580627,2.1059013605471905e-05
2966,2850,2850,fineweb-edu-sample,check,approx_spectrum_matched,0.01,1,-0.1,0.0005133009707954116,3.2083221455462906e-05
2966,2850,2850,fineweb-edu-sample,check,approx_spectrum_matched,0.01,1,0.1,0.0005243726000586869,1.3176818974062119e-05
2966,2850,2850,fineweb-edu-sample,check,leading_pc,0.005,-1,-0.1,0.0002886342229923545,0.00014829067658909002
2966,2850,2850,fineweb-edu-sample,check,leading_pc,0.005,-1,0.1,0.0002760075827132332,0.00014239851097019185
2966,2850,2850,fineweb-edu-sample,check,leading_pc,0.005,1,-0.1,0.0001944232979739991,0.000110481165204419
2966,2850,2850,fineweb-edu-sample,check,leading_pc,0.005,1,0.1,0.00021329923338232832,0.0001226388833105895
2966,2850,2850,fineweb-edu-sample,check,leading_pc,0.01,-1,-0.1,0.0006842917259452986,0.0003376054917441452
2966,2850,2850,fineweb-edu-sample,check,leading_pc,0.01,-1,0.1,0.0006834492200668967,0.000354189085477776
2966,2850,2850,fineweb-edu-sample,check,leading_pc,0.01,1,-0.1,0.0003475420030283444,0.00021951593638727795
2966,2850,2850,fineweb-edu-sample,check,leading_pc,0.01,1,0.1,0.00035213705803241024,0.0002309919889519351
2966,2850,2850,fineweb-edu-sample,check,shuffled_labels,0.005,-1,-0.1,0.00015538161523572907,7.72357468611053e-05
2966,2850,2850,fineweb-edu-sample,check,shuffled_labels,0.005,-1,0.1,0.00015657113460528893,6.546403475849931e-05
2966,2850,2850,fineweb-edu-sample,check,shuffled_labels,0.005,1,-0.1,0.00015173015318643203,4.0656187972321714e-05
2966,2850,2850,fineweb-edu-sample,check,shuffled_labels,0.005,1,0.1,0.00015312339276448287,2.773516898252575e-05
2966,2850,2850,fineweb-edu-sample,check,shuffled_labels,0.01,-1,-0.1,0.00030638485056231035,0.0001818457004191267
2966,2850,2850,fineweb-edu-sample,check,shuffled_labels,0.01,-1,0.1,0.000308816766770371,0.0001736565840904415
2966,2850,2850,fineweb-edu-sample,check,shuffled_labels,0.01,1,-0.1,0.00031059051021923933,4.3670371479840785e-05
2966,2850,2850,fineweb-edu-sample,check,shuffled_labels,0.01,1,0.1,0.00030557040687461485,3.3354639811645484e-05
28027,2850,2850,fineweb-edu-sample,check,learned,0.005,-1,-0.1,0.00034712963718518526,0.00023667139553331076
28027,2850,2850,fineweb-edu-sample,check,learned,0.005,-1,0.1,0.000345675368347249,0.0002323056205443025
28027,2850,2850,fineweb-edu-sample,check,learned,0.005,1,-0.1,0.0003099579131758187,8.017276285732212e-05
28027,2850,2850,fineweb-edu-sample,check,learned,0.005,1,0.1,0.0002786550292159594,6.513041748417755e-05
28027,2850,2850,fineweb-edu-sample,check,learned,0.01,-1,-0.1,0.0007846104410097564,0.0006366815747167837
28027,2850,2850,fineweb-edu-sample,check,learned,0.01,-1,0.1,0.0007544208676621303,0.0006102092697059712
28027,2850,2850,fineweb-edu-sample,check,learned,0.01,1,-0.1,0.0005781811780745941,3.1023297445895365e-05
28027,2850,2850,fineweb-edu-sample,check,learned,0.01,1,0.1,0.0005370899133128554,9.288268283612509e-06
28027,2850,2850,fineweb-edu-sample,check,random_0,0.005,-1,-0.1,0.0010917751804798725,0.00020560670676752566
28027,2850,2850,fineweb-edu-sample,check,random_0,0.005,-1,0.1,0.0010471762046151305,0.00018354419572498272
28027,2850,2850,fineweb-edu-sample,check,random_0,0.005,1,-0.1,0.0010841293709793313,0.00021639612531154824
28027,2850,2850,fineweb-edu-sample,check,random_0,0.005,1,0.1,0.0010655268064319815,0.0002068386257106031
28027,2850,2850,fineweb-edu-sample,check,random_0,0.01,-1,-0.1,0.0021433492951979764,0.0003926530749717126
28027,2850,2850,fineweb-edu-sample,check,random_0,0.01,-1,0.1,0.002077684409119535,0.00035834171690833465
28027,2850,2850,fineweb-edu-sample,check,random_0,0.01,1,-0.1,0.0021589771130002978,0.00045578829404038193
28027,2850,2850,fineweb-edu-sample,check,random_0,0.01,1,0.1,0.0021128101143958055,0.00042381918310928124
28027,2850,2850,fineweb-edu-sample,check,random_1,0.005,-1,-0.1,0.00034193964437388816,0.000320970775592291
28027,2850,2850,fineweb-edu-sample,check,random_1,0.005,-1,0.1,0.0003441979095497431,0.0003055290778430771
28027,2850,2850,fineweb-edu-sample,check,random_1,0.005,1,-0.1,0.0003934265069808585,0.00038698220443658725
28027,2850,2850,fineweb-edu-sample,check,random_1,0.005,1,0.1,0.00038551392648875706,0.0003742450561058407
28027,2850,2850,fineweb-edu-sample,check,random_1,0.01,-1,-0.1,0.0006482124135689609,0.0005767454988783315
28027,2850,2850,fineweb-edu-sample,check,random_1,0.01,-1,0.1,0.0006612222939711004,0.0005407304821856895
28027,2850,2850,fineweb-edu-sample,check,random_1,0.01,1,-0.1,0.0008372221276981356,0.0008339990285167441
28027,2850,2850,fineweb-edu-sample,check,random_1,0.01,1,0.1,0.0008133170323429739,0.0008020908185689078
28027,2850,2850,fineweb-edu-sample,check,random_2,0.005,-1,-0.1,0.0005842225446694635,0.0002786679701429897
28027,2850,2850,fineweb-edu-sample,check,random_2,0.005,-1,0.1,0.0005718349247419603,0.00027453763574419485
28027,2850,2850,fineweb-edu-sample,check,random_2,0.005,1,-0.1,0.000540507065729487,0.00027908368508169294
28027,2850,2850,fineweb-edu-sample,check,random_2,0.005,1,0.1,0.0005111692702647649,0.00026845173726915746
28027,2850,2850,fineweb-edu-sample,check,random_2,0.01,-1,-0.1,0.001210322190581168,0.000556900763310982
28027,2850,2850,fineweb-edu-sample,check,random_2,0.01,-1,0.1,0.0011643287092497122,0.0005400649662121876
28027,2850,2850,fineweb-edu-sample,check,random_2,0.01,1,-0.1,0.0009964076662694566,0.0005416625407776584
28027,2850,2850,fineweb-edu-sample,check,random_2,0.01,1,0.1,0.0009496401027376811,0.0005254499114000915
28027,2850,2850,fineweb-edu-sample,check,approx_spectrum_matched,0.005,-1,-0.1,0.0005076260812760467,7.070627582453359e-05
28027,2850,2850,fineweb-edu-sample,check,approx_spectrum_matched,0.005,-1,0.1,0.0004996753500239316,7.459528429484124e-05
28027,2850,2850,fineweb-edu-sample,check,approx_spectrum_matched,0.005,1,-0.1,0.00048403475829581047,0.00012378822503139077
28027,2850,2850,fineweb-edu-sample,check,approx_spectrum_matched,0.005,1,0.1,0.00046148581256629255,0.00013613719146022537
28027,2850,2850,fineweb-edu-sample,check,approx_spectrum_matched,0.01,-1,-0.1,0.0010400685534824468,8.332816114357647e-05
28027,2850,2850,fineweb-edu-sample,check,approx_spectrum_matched,0.01,-1,0.1,0.0010240718008457238,8.71744501360628e-05
28027,2850,2850,fineweb-edu-sample,check,approx_spectrum_matched,0.01,1,-0.1,0.0009249058138251679,0.00029948707361243177
28027,2850,2850,fineweb-edu-sample,check,approx_spectrum_matched,0.01,1,0.1,0.0008948485478633962,0.0003198018613626841
28027,2850,2850,fineweb-edu-sample,check,leading_pc,0.005,-1,-0.1,0.0003610447730290593,0.00023581706245889763
28027,2850,2850,fineweb-edu-sample,check,leading_pc,0.005,-1,0.1,0.0003395430945364679,0.00022537050374652265
28027,2850,2850,fineweb-edu-sample,check,leading_pc,0.005,1,-0.1,0.0003677736416075206,0.00018056421156733364
28027,2850,2850,fineweb-edu-sample,check,leading_pc,0.005,1,0.1,0.00034076698443849497,0.0001827513925515551
28027,2850,2850,fineweb-edu-sample,check,leading_pc,0.01,-1,-0.1,0.0007027508672532254,0.0005160861787103406
28027,2850,2850,fineweb-edu-sample,check,leading_pc,0.01,-1,0.1,0.0006587052762256611,0.0004974024012276897
28027,2850,2850,fineweb-edu-sample,check,leading_pc,0.01,1,-0.1,0.0007327431496302794,0.000322737730458655
28027,2850,2850,fineweb-edu-sample,check,leading_pc,0.01,1,0.1,0.0006831535754130556,0.00032418753685098563
28027,2850,2850,fineweb-edu-sample,check,shuffled_labels,0.005,-1,-0.1,0.0018243470031185968,0.0006005854382646622
28027,2850,2850,fineweb-edu-sample,check,shuffled_labels,0.005,-1,0.1,0.0018050207788290586,0.0005927897422135278
28027,2850,2850,fineweb-edu-sample,check,shuffled_labels,0.005,1,-0.1,0.0015688662137466208,0.0005374110678769447
28027,2850,2850,fineweb-edu-sample,check,shuffled_labels,0.005,1,0.1,0.0015702761346065852,0.0005332209528182709
28027,2850,2850,fineweb-edu-sample,check,shuffled_labels,0.01,-1,-0.1,0.0038846191073938965,0.0012624861598421713
28027,2850,2850,fineweb-edu-sample,check,shuffled_labels,0.01,-1,0.1,0.0038514387581670556,0.0012441290207380507
28027,2850,2850,fineweb-edu-sample,check,shuffled_labels,0.01,1,-0.1,0.002903690823316855,0.0010199070380326248
28027,2850,2850,fineweb-edu-sample,check,shuffled_labels,0.01,1,0.1,0.00290078856206393,0.0010109044314765311
1645,3039,3039,fineweb-edu-sample,check,learned,0.005,-1,-0.1,0.0045575348490139245,0.0012312294861592534
1645,3039,3039,fineweb-edu-sample,check,learned,0.005,-1,0.1,0.0045606887585008665,0.0011823481194762188
1645,3039,3039,fineweb-edu-sample,check,learned,0.005,1,-0.1,0.005265042525004927,0.0009118323575137904
1645,3039,3039,fineweb-edu-sample,check,learned,0.005,1,0.1,0.005317266853459137,0.0008083962457796385
1645,3039,3039,fineweb-edu-sample,check,learned,0.01,-1,-0.1,0.008562931611215718,0.0025681673740551927
1645,3039,3039,fineweb-edu-sample,check,learned,0.01,-1,0.1,0.008531943711652373,0.0025037373109673368
1645,3039,3039,fineweb-edu-sample,check,learned,0.01,1,-0.1,0.01146888829062664,0.001400640676709435
1645,3039,3039,fineweb-edu-sample,check,learned,0.01,1,0.1,0.011641222464179894,0.001117747512630606
1645,3039,3039,fineweb-edu-sample,check,random_0,0.005,-1,-0.1,0.0012751596545084421,0.0012694953025140284
1645,3039,3039,fineweb-edu-sample,check,random_0,0.005,-1,0.1,0.0013160707510035828,0.001310638293722834
1645,3039,3039,fineweb-edu-sample,check,random_0,0.005,1,-0.1,0.0010887221190831802,0.0010781812314031006
1645,3039,3039,fineweb-edu-sample,check,random_0,0.005,1,0.1,0.0011294713492467712,0.001118755198134971
1645,3039,3039,fineweb-edu-sample,check,random_0,0.01,-1,-0.1,0.0027130149619139406,0.0027061734495317713
1645,3039,3039,fineweb-edu-sample,check,random_0,0.01,-1,0.1,0.0027919201335148158,0.002784859745381052
1645,3039,3039,fineweb-edu-sample,check,random_0,0.01,1,-0.1,0.0019849277881167212,0.001958502692105472
1645,3039,3039,fineweb-edu-sample,check,random_0,0.01,1,0.1,0.0020581119374214066,0.002027950370598221
1645,3039,3039,fineweb-edu-sample,check,random_1,0.005,-1,-0.1,0.0014545409284828427,0.00012979041438031778
1645,3039,3039,fineweb-edu-sample,check,random_1,0.005,-1,0.1,0.0014406923565000772,0.0001382053532647088
1645,3039,3039,fineweb-edu-sample,check,random_1,0.005,1,-0.1,0.0016011831797540241,6.622874196074855e-07
1645,3039,3039,fineweb-edu-sample,check,random_1,0.005,1,0.1,0.0015991332535063,2.7828361913834634e-07
1645,3039,3039,fineweb-edu-sample,check,random_1,0.01,-1,-0.1,0.002769719500461672,0.0004088624172556117
1645,3039,3039,fineweb-edu-sample,check,random_1,0.01,-1,0.1,0.0027460099326460474,0.00043229491164055765
1645,3039,3039,fineweb-edu-sample,check,random_1,0.01,1,-0.1,0.003357523500903148,0.00010025639965612467
1645,3039,3039,fineweb-edu-sample,check,random_1,0.01,1,0.1,0.0033553364951433577,9.796612466531247e-05
1645,3039,3039,fineweb-edu-sample,check,random_2,0.005,-1,-0.1,0.0007669122272611714,0.0005946950306378237
1645,3039,3039,fineweb-edu-sample,check,random_2,0.005,-1,0.1,0.0007943861263200397,0.0005814499101190743
1645,3039,3039,fineweb-edu-sample,check,random_2,0.005,1,-0.1,0.0009647777122356065,0.0008569404439981444
1645,3039,3039,fineweb-edu-sample,check,random_2,0.005,1,0.1,0.000987787739115445,0.0008482996618673678
1645,3039,3039,fineweb-edu-sample,check,random_2,0.01,-1,-0.1,0.001348869941638453,0.0009624481917585164
1645,3039,3039,fineweb-edu-sample,check,random_2,0.01,-1,0.1,0.0013938461750114105,0.0009105101540023817
1645,3039,3039,fineweb-edu-sample,check,random_2,0.01,1,-0.1,0.0021224353477443834,0.0019701378751541083
1645,3039,3039,fineweb-edu-sample,check,random_2,0.01,1,0.1,0.0021737185533977957,0.0019657092542467104
1645,3039,3039,fineweb-edu-sample,check,approx_spectrum_matched,0.005,-1,-0.1,0.00045334808516040847,0.00028763490929423804
1645,3039,3039,fineweb-edu-sample,check,approx_spectrum_matched,0.005,-1,0.1,0.00044431763417819337,0.00029135650203435825
1645,3039,3039,fineweb-edu-sample,check,approx_spectrum_matched,0.005,1,-0.1,0.0005219505470341383,0.00041833661031467055
1645,3039,3039,fineweb-edu-sample,check,approx_spectrum_matched,0.005,1,0.1,0.0005083688504105635,0.0004115324987561312
1645,3039,3039,fineweb-edu-sample,check,approx_spectrum_matched,0.01,-1,-0.1,0.0008402783014712717,0.000453733996054757
1645,3039,3039,fineweb-edu-sample,check,approx_spectrum_matched,0.01,-1,0.1,0.0008410218334805775,0.000465103428275593
1645,3039,3039,fineweb-edu-sample,check,approx_spectrum_matched,0.01,1,-0.1,0.0011286119074358533,0.0009714884291781033
1645,3039,3039,fineweb-edu-sample,check,approx_spectrum_matched,0.01,1,0.1,0.00110135965231824,0.0009604596149402392
1645,3039,3039,fineweb-edu-sample,check,leading_pc,0.005,-1,-0.1,0.0009489059747763011,0.0009434910578381692
1645,3039,3039,fineweb-edu-sample,check,leading_pc,0.005,-1,0.1,0.0009784852144269203,0.0009739842980181077
1645,3039,3039,fineweb-edu-sample,check,leading_pc,0.005,1,-0.1,0.00065043454932084,0.0006174906920953999
1645,3039,3039,fineweb-edu-sample,check,leading_pc,0.005,1,0.1,0.0006792626910993296,0.000654283037868664
1645,3039,3039,fineweb-edu-sample,check,leading_pc,0.01,-1,-0.1,0.0023994751047586834,0.002347530770884597
1645,3039,3039,fineweb-edu-sample,check,leading_pc,0.01,-1,0.1,0.0024463415669847915,0.0024070599450808764
1645,3039,3039,fineweb-edu-sample,check,leading_pc,0.01,1,-0.1,0.0011966074336218716,0.0010038885309949096
1645,3039,3039,fineweb-edu-sample,check,leading_pc,0.01,1,0.1,0.0012196583160179592,0.001061749954911645
1645,3039,3039,fineweb-edu-sample,check,shuffled_labels,0.005,-1,-0.1,0.001329224953627563,0.0007397204597995204
1645,3039,3039,fineweb-edu-sample,check,shuffled_labels,0.005,-1,0.1,0.0013319804184831923,0.000736385260457541
1645,3039,3039,fineweb-edu-sample,check,shuffled_labels,0.005,1,-0.1,0.0014589770874961078,0.0008518761736043958
1645,3039,3039,fineweb-edu-sample,check,shuffled_labels,0.005,1,0.1,0.001470992803888915,0.000859827695623515
1645,3039,3039,fineweb-edu-sample,check,shuffled_labels,0.01,-1,-0.1,0.002545542737430316,0.001372727591353108
1645,3039,3039,fineweb-edu-sample,check,shuffled_labels,0.01,-1,0.1,0.002545048726132843,0.0013620592048687258
1645,3039,3039,fineweb-edu-sample,check,shuffled_labels,0.01,1,-0.1,0.0030581696030369133,0.001805509186873666
1645,3039,3039,fineweb-edu-sample,check,shuffled_labels,0.01,1,0.1,0.0030736697688356824,0.0018260232139151451
2966,3127,3127,fineweb-edu-sample,fit,learned,0.005,-1,-0.1,0.00012834716752693344,2.1333245057872894e-06
2966,3127,3127,fineweb-edu-sample,fit,learned,0.005,-1,0.1,0.00011162980911327554,8.70215749407026e-06
2966,3127,3127,fineweb-edu-sample,fit,learned,0.005,1,-0.1,0.0001309350034498785,5.764188877820101e-06
2966,3127,3127,fineweb-edu-sample,fit,learned,0.005,1,0.1,0.00014444624589574057,4.499589738033289e-06
2966,3127,3127,fineweb-edu-sample,fit,learned,0.01,-1,-0.1,0.00023282157165019422,1.7877410945630974e-05
2966,3127,3127,fineweb-edu-sample,fit,learned,0.01,-1,0.1,0.00022511764541565668,1.950604324375029e-05
2966,3127,3127,fineweb-edu-sample,fit,learned,0.01,1,-0.1,0.00029105040203224343,1.019652615143219e-05
2966,3127,3127,fineweb-edu-sample,fit,learned,0.01,1,0.1,0.0003062070617467075,1.832435435307937e-06
2966,3127,3127,fineweb-edu-sample,fit,random_0,0.005,-1,-0.1,0.00016134016195430999,0.00012110965887221443
2966,3127,3127,fineweb-edu-sample,fit,random_0,0.005,-1,0.1,0.00016013566276805162,0.00011084714612250879
2966,3127,3127,fineweb-edu-sample,fit,random_0,0.005,1,-0.1,0.00017299136876485033,0.00011234298716934426
2966,3127,3127,fineweb-edu-sample,fit,random_0,0.005,1,0.1,0.00016008666935931164,0.00010604342436101916
2966,3127,3127,fineweb-edu-sample,fit,random_0,0.01,-1,-0.1,0.00030653360908380336,0.00023597093136042046
2966,3127,3127,fineweb-edu-sample,fit,random_0,0.01,-1,0.1,0.00031767806203470783,0.00023342692716042505
2966,3127,3127,fineweb-edu-sample,fit,random_0,0.01,1,-0.1,0.0003349243915163057,0.00021004935529286806
2966,3127,3127,fineweb-edu-sample,fit,random_0,0.01,1,0.1,0.0003325866541188939,0.00020090755278326426
2966,3127,3127,fineweb-edu-sample,fit,random_1,0.005,-1,-0.1,0.00020259688025982102,7.222915387362725e-05
2966,3127,3127,fineweb-edu-sample,fit,random_1,0.005,-1,0.1,0.00021496472776098496,6.558888821229795e-05
2966,3127,3127,fineweb-edu-sample,fit,random_1,0.005,1,-0.1,0.00017071835788313303,8.850890693935601e-05
2966,3127,3127,fineweb-edu-sample,fit,random_1,0.005,1,0.1,0.00016920934580132846,8.896190525516781e-05
2966,3127,3127,fineweb-edu-sample,fit,random_1,0.01,-1,-0.1,0.00044798768537282013,0.0001298179871551544
2966,3127,3127,fineweb-edu-sample,fit,random_1,0.01,-1,0.1,0.00046292416183489973,0.00012632552863014096
2966,3127,3127,fineweb-edu-sample,fit,random_1,0.01,1,-0.1,0.00031569104802725936,0.00018430087057991226
2966,3127,3127,fineweb-edu-sample,fit,random_1,0.01,1,0.1,0.00031195246668999947,0.0001905034291146792
2966,3127,3127,fineweb-edu-sample,fit,random_2,0.005,-1,-0.1,0.00021714684619726226,0.00018515557524227384
2966,3127,3127,fineweb-edu-sample,fit,random_2,0.005,-1,0.1,0.00021263141464400193,0.00017321145278160842
2966,3127,3127,fineweb-edu-sample,fit,random_2,0.005,1,-0.1,0.0002222797779237111,0.00017822451796584916
2966,3127,3127,fineweb-edu-sample,fit,random_2,0.005,1,0.1,0.00022263597895577942,0.0001880497538067937
2966,3127,3127,fineweb-edu-sample,fit,random_2,0.01,-1,-0.1,0.00042952018538074187,0.00036394078933742234
2966,3127,3127,fineweb-edu-sample,fit,random_2,0.01,-1,0.1,0.000430772957451031,0.0003605582012390334
2966,3127,3127,fineweb-edu-sample,fit,random_2,0.01,1,-0.1,0.00044311797486658425,0.0003567620809884841
2966,3127,3127,fineweb-edu-sample,fit,random_2,0.01,1,0.1,0.0004400822073988407,0.000360131065498317
2966,3127,3127,fineweb-edu-sample,fit,approx_spectrum_matched,0.005,-1,-0.1,0.0002330290068590816,5.420561998200787e-05
2966,3127,3127,fineweb-edu-sample,fit,approx_spectrum_matched,0.005,-1,0.1,0.00023812132424671018,4.7131220581841455e-05
2966,3127,3127,fineweb-edu-sample,fit,approx_spectrum_matched,0.005,1,-0.1,0.0002207879625326092,3.208094907674282e-05
2966,3127,3127,fineweb-edu-sample,fit,approx_spectrum_matched,0.005,1,0.1,0.0002027926263544657,3.25072873066786e-05
2966,3127,3127,fineweb-edu-sample,fit,approx_spectrum_matched,0.01,-1,-0.1,0.00048028959708539237,0.00012500914974567827
2966,3127,3127,fineweb-edu-sample,fit,approx_spectrum_matched,0.01,-1,0.1,0.0004930533108305747,0.00012777846560251525
2966,3127,3127,fineweb-edu-sample,fit,approx_spectrum_matched,0.01,1,-0.1,0.00039990379749299933,4.500674868497176e-05
2966,3127,3127,fineweb-edu-sample,fit,approx_spectrum_matched,0.01,1,0.1,0.00039847070521493983,4.7782500379587954e-05
2966,3127,3127,fineweb-edu-sample,fit,leading_pc,0.005,-1,-0.1,0.0001886371654973267,8.30563530054533e-05
2966,3127,3127,fineweb-edu-sample,fit,leading_pc,0.005,-1,0.1,0.00018150717329074414,7.969343295879945e-05
2966,3127,3127,fineweb-edu-sample,fit,leading_pc,0.005,1,-0.1,0.0001127152673290803,6.675756341600108e-05
2966,3127,3127,fineweb-edu-sample,fit,leading_pc,0.005,1,0.1,9.610960183499514e-05,6.154718514429596e-05
2966,3127,3127,fineweb-edu-sample,fit,leading_pc,0.01,-1,-0.1,0.0004590978650161284,0.0001930476244385162
2966,3127,3127,fineweb-edu-sample,fit,leading_pc,0.01,-1,0.1,0.0004647743791200903,0.00018951086732684722
2966,3127,3127,fineweb-edu-sample,fit,leading_pc,0.01,1,-0.1,0.00016268744670777148,0.00010744143483877064
2966,3127,3127,fineweb-edu-sample,fit,leading_pc,0.01,1,0.1,0.00015392315284317945,0.00011234221009053433
2966,3127,3127,fineweb-edu-sample,fit,shuffled_labels,0.005,-1,-0.1,0.00022625408126548626,0.0001188873209916091
2966,3127,3127,fineweb-edu-sample,fit,shuffled_labels,0.005,-1,0.1,0.00021254157173606066,0.0001154373888891585
2966,3127,3127,fineweb-edu-sample,fit,shuffled_labels,0.005,1,-0.1,0.00020151433928993607,0.00010791170748038351
2966,3127,3127,fineweb-edu-sample,fit,shuffled_labels,0.005,1,0.1,0.00021639004736760163,0.00010977210785373954
2966,3127,3127,fineweb-edu-sample,fit,shuffled_labels,0.01,-1,-0.1,0.00043954998222192957,0.00022465548064790937
2966,3127,3127,fineweb-edu-sample,fit,shuffled_labels,0.01,-1,0.1,0.0004375902671277639,0.00023275485049140777
2966,3127,3127,fineweb-edu-sample,fit,shuffled_labels,0.01,1,-0.1,0.00040991691186953216,0.0002241462536383068
2966,3127,3127,fineweb-edu-sample,fit,shuffled_labels,0.01,1,0.1,0.000415986789973944,0.00022285536201545426
1645,3142,3142,fineweb-edu-sample,fit,learned,0.005,-1,-0.1,0.0026750546300681223,0.0013309876185965558
1645,3142,3142,fineweb-edu-sample,fit,learned,0.005,-1,0.1,0.0029223377514782075,0.0016455342013743021
1645,3142,3142,fineweb-edu-sample,fit,learned,0.005,1,-0.1,0.002971254215082541,0.001810268231583755
1645,3142,3142,fineweb-edu-sample,fit,learned,0.005,1,0.1,0.003098265241279516,0.0021422587119502095
1645,3142,3142,fineweb-edu-sample,fit,learned,0.01,-1,-0.1,0.0048323370230487685,0.0022861630690097483
1645,3142,3142,fineweb-edu-sample,fit,learned,0.01,-1,0.1,0.005432674884983958,0.0028828558463824027
1645,3142,3142,fineweb-edu-sample,fit,learned,0.01,1,-0.1,0.006121890323043456,0.004186395203953699
1645,3142,3142,fineweb-edu-sample,fit,learned,0.01,1,0.1,0.00628191490542159,0.00483314409233757
1645,3142,3142,fineweb-edu-sample,fit,random_0,0.005,-1,-0.1,0.0019802451842388723,0.0015339992734752315
1645,3142,3142,fineweb-edu-sample,fit,random_0,0.005,-1,0.1,0.002102645822840929,0.0017083730034397678
1645,3142,3142,fineweb-edu-sample,fit,random_0,0.005,1,-0.1,0.0019072999948022207,0.0017214463804199008
1645,3142,3142,fineweb-edu-sample,fit,random_0,0.005,1,0.1,0.0020345488248063783,0.001879216365900009
1645,3142,3142,fineweb-edu-sample,fit,random_0,0.01,-1,-0.1,0.004109068811199073,0.0028352960692824285
1645,3142,3142,fineweb-edu-sample,fit,random_0,0.01,-1,0.1,0.0043735758892570155,0.0032332049045735644
1645,3142,3142,fineweb-edu-sample,fit,random_0,0.01,1,-0.1,0.00381671566017644,0.0036151620059965608
1645,3142,3142,fineweb-edu-sample,fit,random_0,0.01,1,0.1,0.004043099649363015,0.003887246089743316
1645,3142,3142,fineweb-edu-sample,fit,random_1,0.005,-1,-0.1,0.0031290865631537694,0.0008403285168794683
1645,3142,3142,fineweb-edu-sample,fit,random_1,0.005,-1,0.1,0.003104088014708965,0.001306885745691709
1645,3142,3142,fineweb-edu-sample,fit,random_1,0.005,1,-0.1,0.0033574915619994593,0.0010793545178862016
1645,3142,3142,fineweb-edu-sample,fit,random_1,0.005,1,0.1,0.003359169919541488,0.0015219603251323765
1645,3142,3142,fineweb-edu-sample,fit,random_1,0.01,-1,-0.1,0.0059788063885522,0.0013257467520589087
1645,3142,3142,fineweb-edu-sample,fit,random_1,0.01,-1,0.1,0.0058692161896718355,0.0022861259861717874
1645,3142,3142,fineweb-edu-sample,fit,random_1,0.01,1,-0.1,0.0068971904504249995,0.0022815284639574125
1645,3142,3142,fineweb-edu-sample,fit,random_1,0.01,1,0.1,0.006946427047642926,0.0031263255160445536
1645,3142,3142,fineweb-edu-sample,fit,random_2,0.005,-1,-0.1,0.0026384202723284196,0.002632632259713798
1645,3142,3142,fineweb-edu-sample,fit,random_2,0.005,-1,0.1,0.0029673398584528794,0.002954953618432817
1645,3142,3142,fineweb-edu-sample,fit,random_2,0.005,1,-0.1,0.0016784692352450606,0.0016456894019567512
1645,3142,3142,fineweb-edu-sample,fit,random_2,0.005,1,0.1,0.002000757860877474,0.002000191910196417
1645,3142,3142,fineweb-edu-sample,fit,random_2,0.01,-1,-0.1,0.006137348167893021,0.006135299303019336
1645,3142,3142,fineweb-edu-sample,fit,random_2,0.01,-1,0.1,0.006783631435282973,0.006736916547269793
1645,3142,3142,fineweb-edu-sample,fit,random_2,0.01,1,-0.1,0.002425989494114424,0.002298070067544125
1645,3142,3142,fineweb-edu-sample,fit,random_2,0.01,1,0.1,0.0030174743658038213,0.0030164902623654715
1645,3142,3142,fineweb-edu-sample,fit,approx_spectrum_matched,0.005,-1,-0.1,0.004389812835709096,0.0026793427756165535
1645,3142,3142,fineweb-edu-sample,fit,approx_spectrum_matched,0.005,-1,0.1,0.004204720211290813,0.0021808133824105414
1645,3142,3142,fineweb-edu-sample,fit,approx_spectrum_matched,0.005,1,-0.1,0.003949732879008111,0.0023686208057809312
1645,3142,3142,fineweb-edu-sample,fit,approx_spectrum_matched,0.005,1,0.1,0.0037771132138746935,0.0019008204496686186
1645,3142,3142,fineweb-edu-sample,fit,approx_spectrum_matched,0.01,-1,-0.1,0.00908373851475272,0.005582013147639409
1645,3142,3142,fineweb-edu-sample,fit,approx_spectrum_matched,0.01,-1,0.1,0.008713872997377815,0.004583497437386711
1645,3142,3142,fineweb-edu-sample,fit,approx_spectrum_matched,0.01,1,-0.1,0.00731483153758587,0.004356651880526559
1645,3142,3142,fineweb-edu-sample,fit,approx_spectrum_matched,0.01,1,0.1,0.007003711799925958,0.0034848109156909433
1645,3142,3142,fineweb-edu-sample,fit,leading_pc,0.005,-1,-0.1,0.002955158384560753,0.0026506706076593945
1645,3142,3142,fineweb-edu-sample,fit,leading_pc,0.005,-1,0.1,0.0027500318015293277,0.0024042560461024244
1645,3142,3142,fineweb-edu-sample,fit,leading_pc,0.005,1,-0.1,0.0025719570836779553,0.0024174998556867632
1645,3142,3142,fineweb-edu-sample,fit,leading_pc,0.005,1,0.1,0.0024851958554184426,0.002325954568774044
1645,3142,3142,fineweb-edu-sample,fit,leading_pc,0.01,-1,-0.1,0.006112532976703042,0.005366297557000104
1645,3142,3142,fineweb-edu-sample,fit,leading_pc,0.01,-1,0.1,0.005637567155483028,0.004752372347513875
1645,3142,3142,fineweb-edu-sample,fit,leading_pc,0.01,1,-0.1,0.004782908691682224,0.004580340315860734
1645,3142,3142,fineweb-edu-sample,fit,leading_pc,0.01,1,0.1,0.0046958176702208265,0.004515054110093591
1645,3142,3142,fineweb-edu-sample,fit,shuffled_labels,0.005,-1,-0.1,0.004184077821919386,0.0032283962599887507
1645,3142,3142,fineweb-edu-sample,fit,shuffled_labels,0.005,-1,0.1,0.004065642912971979,0.0032856348495462918
1645,3142,3142,fineweb-edu-sample,fit,shuffled_labels,0.005,1,-0.1,0.003943465554521666,0.0028464182841037825
1645,3142,3142,fineweb-edu-sample,fit,shuffled_labels,0.005,1,0.1,0.003838831967384458,0.0028725569810931573
1645,3142,3142,fineweb-edu-sample,fit,shuffled_labels,0.01,-1,-0.1,0.008657096627181319,0.006950924152057593
1645,3142,3142,fineweb-edu-sample,fit,shuffled_labels,0.01,-1,0.1,0.008416970083134448,0.007072730799030009
1645,3142,3142,fineweb-edu-sample,fit,shuffled_labels,0.01,1,-0.1,0.007662881851611935,0.005400556728592266
1645,3142,3142,fineweb-edu-sample,fit,shuffled_labels,0.01,1,0.1,0.007481652266113856,0.005437204116320737
28027,3227,3227,fineweb-edu-sample,fit,learned,0.005,-1,-0.1,0.0006463140270621459,0.000605599546500327
28027,3227,3227,fineweb-edu-sample,fit,learned,0.005,-1,0.1,0.0006829653239820162,0.0006299805892153595
28027,3227,3227,fineweb-edu-sample,fit,learned,0.005,1,-0.1,0.0005829205053258838,0.000549764835730194
28027,3227,3227,fineweb-edu-sample,fit,learned,0.005,1,0.1,0.0006008276862325881,0.0005496481419028533
28027,3227,3227,fineweb-edu-sample,fit,learned,0.01,-1,-0.1,0.0013364108070725246,0.001253254432245224
28027,3227,3227,fineweb-edu-sample,fit,learned,0.01,-1,0.1,0.0014114731062566921,0.0013079778014094233
28027,3227,3227,fineweb-edu-sample,fit,learned,0.01,1,-0.1,0.0010844350541917853,0.0010276124860919078
28027,3227,3227,fineweb-edu-sample,fit,learned,0.01,1,0.1,0.0011218234387490038,0.0010268707182335987
28027,3227,3227,fineweb-edu-sample,fit,random_0,0.005,-1,-0.1,0.0003750511432736912,0.00022248113805262273
28027,3227,3227,fineweb-edu-sample,fit,random_0,0.005,-1,0.1,0.00036690194779193585,0.00022656542737953757
28027,3227,3227,fineweb-edu-sample,fit,random_0,0.005,1,-0.1,0.0003588617021736108,0.00021388943334747746
28027,3227,3227,fineweb-edu-sample,fit,random_0,0.005,1,0.1,0.00035189548466908396,0.00022798602586815664
28027,3227,3227,fineweb-edu-sample,fit,random_0,0.01,-1,-0.1,0.0007534177995933125,0.00043153680054661885
28027,3227,3227,fineweb-edu-sample,fit,random_0,0.01,-1,0.1,0.0007522193451751367,0.00045802512195148817
28027,3227,3227,fineweb-edu-sample,fit,random_0,0.01,1,-0.1,0.0006865905368841307,0.00041390297808749984
28027,3227,3227,fineweb-edu-sample,fit,random_0,0.01,1,0.1,0.0006963109197987941,0.0004560850165722093
28027,3227,3227,fineweb-edu-sample,fit,random_1,0.005,-1,-0.1,0.0005508325766133178,4.722582501376102e-05
28027,3227,3227,fineweb-edu-sample,fit,random_1,0.005,-1,0.1,0.0005608545600734517,4.671884091050768e-05
28027,3227,3227,fineweb-edu-sample,fit,random_1,0.005,1,-0.1,0.0005547540794819071,7.0506317867734205e-06
28027,3227,3227,fineweb-edu-sample,fit,random_1,0.005,1,0.1,0.0005626072285213933,2.912128385823316e-06
28027,3227,3227,fineweb-edu-sample,fit,random_1,0.01,-1,-0.1,0.0010959294789182356,0.00014010641950410453
28027,3227,3227,fineweb-edu-sample,fit,random_1,0.01,-1,0.1,0.001125695284272437,0.00013627696874526636
28027,3227,3227,fineweb-edu-sample,fit,random_1,0.01,1,-0.1,0.0010929224170110451,9.24677439358574e-06
28027,3227,3227,fineweb-edu-sample,fit,random_1,0.01,1,0.1,0.001111317053277328,1.954817078837589e-05
28027,3227,3227,fineweb-edu-sample,fit,random_2,0.005,-1,-0.1,0.0005745086376608314,0.00038541763736187735
28027,3227,3227,fineweb-edu-sample,fit,random_2,0.005,-1,0.1,0.0005749477752860589,0.00039445087668965394
28027,3227,3227,fineweb-edu-sample,fit,random_2,0.005,1,-0.1,0.0005371227181467849,0.0004064233253450921
28027,3227,3227,fineweb-edu-sample,fit,random_2,0.005,1,0.1,0.0005483428288040538,0.0004300144400554577
28027,3227,3227,fineweb-edu-sample,fit,random_2,0.01,-1,-0.1,0.0011791306535213918,0.0007439270534357429
28027,3227,3227,fineweb-edu-sample,fit,random_2,0.01,-1,0.1,0.0011765407802597798,0.0007553873195948686
28027,3227,3227,fineweb-edu-sample,fit,random_2,0.01,1,-0.1,0.0010416031582323605,0.0008296047448617736
28027,3227,3227,fineweb-edu-sample,fit,random_2,0.01,1,0.1,0.00106736565582224,0.0008690227200106608
28027,3227,3227,fineweb-edu-sample,fit,approx_spectrum_matched,0.005,-1,-0.1,0.0008933816169586434,0.00014803345334512278
28027,3227,3227,fineweb-edu-sample,fit,approx_spectrum_matched,0.005,-1,0.1,0.0009122078041753444,0.0001340189855719551
28027,3227,3227,fineweb-edu-sample,fit,approx_spectrum_matched,0.005,1,-0.1,0.0007265652759768795,0.00012778575291603098
28027,3227,3227,fineweb-edu-sample,fit,approx_spectrum_matched,0.005,1,0.1,0.00075001801346372,0.00012322296247629184
28027,3227,3227,fineweb-edu-sample,fit,approx_spectrum_matched,0.01,-1,-0.1,0.0019894809725451296,0.000327407165428054
28027,3227,3227,fineweb-edu-sample,fit,approx_spectrum_matched,0.01,-1,0.1,0.002050411756613597,0.0003066489579896923
28027,3227,3227,fineweb-edu-sample,fit,approx_spectrum_matched,0.01,1,-0.1,0.0013487665856204368,0.00024038749914786781
28027,3227,3227,fineweb-edu-sample,fit,approx_spectrum_matched,0.01,1,0.1,0.0013845777947679655,0.00024110767968420826
28027,3227,3227,fineweb-edu-sample,fit,leading_pc,0.005,-1,-0.1,0.00021626549664399274,1.4285538770039212e-05
28027,3227,3227,fineweb-edu-sample,fit,leading_pc,0.005,-1,0.1,0.0002139676244151102,9.824656861420841e-06
28027,3227,3227,fineweb-edu-sample,fit,leading_pc,0.005,1,-0.1,0.00016906684916718473,0.00011265817419420007
28027,3227,3227,fineweb-edu-sample,fit,leading_pc,0.005,1,0.1,0.00015483923867494365,0.00010922254732054025
28027,3227,3227,fineweb-edu-sample,fit,leading_pc,0.01,-1,-0.1,0.000605864722223991,0.00010890091410925122
28027,3227,3227,fineweb-edu-sample,fit,leading_pc,0.01,-1,0.1,0.0005970229732539789,0.00013288933721299748
28027,3227,3227,fineweb-edu-sample,fit,leading_pc,0.01,1,-0.1,0.00032895543712932153,0.00027861803319433314
28027,3227,3227,fineweb-edu-sample,fit,leading_pc,0.01,1,0.1,0.000306829798201904,0.0002721001078300452
28027,3227,3227,fineweb-edu-sample,fit,shuffled_labels,0.005,-1,-0.1,0.0005538163380198273,1.736616863167381e-05
28027,3227,3227,fineweb-edu-sample,fit,shuffled_labels,0.005,-1,0.1,0.0005670257494222403,3.0938572817095475e-05
28027,3227,3227,fineweb-edu-sample,fit,shuffled_labels,0.005,1,-0.1,0.0005056884478689331,1.0289091501344676e-05
28027,3227,3227,fineweb-edu-sample,fit,shuffled_labels,0.005,1,0.1,0.0005293751552384976,5.254178413753147e-07
28027,3227,3227,fineweb-edu-sample,fit,shuffled_labels,0.01,-1,-0.1,0.0011525804148576812,5.661611171759446e-05
28027,3227,3227,fineweb-edu-sample,fit,shuffled_labels,0.01,-1,0.1,0.001168640227593494,8.753789623466981e-05
28027,3227,3227,fineweb-edu-sample,fit,shuffled_labels,0.01,1,-0.1,0.0009870644352190233,3.169819730503229e-05
28027,3227,3227,fineweb-edu-sample,fit,shuffled_labels,0.01,1,0.1,0.0010249332702281524,2.039672060219711e-05
1645,3353,3353,fineweb-edu-sample,fit,learned,0.005,-1,-0.1,0.0035631674753454413,0.0035616872346630334
1645,3353,3353,fineweb-edu-sample,fit,learned,0.005,-1,0.1,0.00479631488042991,0.004659212818814913
1645,3353,3353,fineweb-edu-sample,fit,learned,0.005,1,-0.1,0.01125932995637483,0.009329797483493673
1645,3353,3353,fineweb-edu-sample,fit,learned,0.005,1,0.1,0.013061626848712213,0.009856756499310717
1645,3353,3353,fineweb-edu-sample,fit,learned,0.01,-1,-0.1,0.004028708090911323,0.0027035389358127577
1645,3353,3353,fineweb-edu-sample,fit,learned,0.01,-1,0.1,0.00450550723696539,0.004223088403819636
1645,3353,3353,fineweb-edu-sample,fit,learned,0.01,1,-0.1,0.02550946742499247,0.009298148801569732
1645,3353,3353,fineweb-edu-sample,fit,learned,0.01,1,0.1,0.028284669394450273,0.0058527956624724745
1645,3353,3353,fineweb-edu-sample,fit,random_0,0.005,-1,-0.1,0.0026565992780592847,0.0004631127757812889
1645,3353,3353,fineweb-edu-sample,fit,random_0,0.005,-1,0.1,0.002802076911613317,0.00029787989769438646
1645,3353,3353,fineweb-edu-sample,fit,random_0,0.005,1,-0.1,0.0024134062195210067,0.0005681701960446146
1645,3353,3353,fineweb-edu-sample,fit,random_0,0.005,1,0.1,0.0025141541568281353,0.0003890830438768543
1645,3353,3353,fineweb-edu-sample,fit,random_0,0.01,-1,-0.1,0.005496581160483097,0.0008427538224757506
1645,3353,3353,fineweb-edu-sample,fit,random_0,0.01,-1,0.1,0.005787554940994193,0.0005161891175582211
1645,3353,3353,fineweb-edu-sample,fit,random_0,0.01,1,-0.1,0.004532512343351787,0.0012900081844302437
1645,3353,3353,fineweb-edu-sample,fit,random_0,0.01,1,0.1,0.004719136686459996,0.0009143184180474313
1645,3353,3353,fineweb-edu-sample,fit,random_1,0.005,-1,-0.1,0.0013526511199696938,0.0002831121100375239
1645,3353,3353,fineweb-edu-sample,fit,random_1,0.005,-1,0.1,0.0011354357859892437,0.00041584985373180285
1645,3353,3353,fineweb-edu-sample,fit,random_1,0.005,1,-0.1,0.000344222267941772,9.262580649969673e-05
1645,3353,3353,fineweb-edu-sample,fit,random_1,0.005,1,0.1,0.00016556964449986983,0.00015468216017415845
1645,3353,3353,fineweb-edu-sample,fit,random_1,0.01,-1,-0.1,0.0035642475251468453,0.0007431987903741292
1645,3353,3353,fineweb-edu-sample,fit,random_1,0.01,-1,0.1,0.0031793893022236935,0.0010412944112057519
1645,3353,3353,fineweb-edu-sample,fit,random_1,0.01,1,-0.1,0.00043027440008890945,8.95175994528664e-05
1645,3353,3353,fineweb-edu-sample,fit,random_1,0.01,1,0.1,0.0009177503815921708,8.697394712302815e-05
1645,3353,3353,fineweb-edu-sample,fit,random_2,0.005,-1,-0.1,0.006655974289259379,0.006640507905312069
1645,3353,3353,fineweb-edu-sample,fit,random_2,0.005,-1,0.1,0.007518026103851891,0.007516074172827045
1645,3353,3353,fineweb-edu-sample,fit,random_2,0.005,1,-0.1,0.004764280948788043,0.00474016454092089
1645,3353,3353,fineweb-edu-sample,fit,random_2,0.005,1,0.1,0.005460072243334168,0.0054567381579895225
1645,3353,3353,fineweb-edu-sample,fit,random_2,0.01,-1,-0.1,0.015193364169662401,0.015175110275087795
1645,3353,3353,fineweb-edu-sample,fit,random_2,0.01,-1,0.1,0.017068005343241932,0.017066811214233556
1645,3353,3353,fineweb-edu-sample,fit,random_2,0.01,1,-0.1,0.007936206821371186,0.007877223727910401
1645,3353,3353,fineweb-edu-sample,fit,random_2,0.01,1,0.1,0.009135861542333559,0.009129895892534707
1645,3353,3353,fineweb-edu-sample,fit,approx_spectrum_matched,0.005,-1,-0.1,0.001277667792184874,0.0005476603186592174
1645,3353,3353,fineweb-edu-sample,fit,approx_spectrum_matched,0.005,-1,0.1,0.001350688112831418,0.0005724021499445976
1645,3353,3353,fineweb-edu-sample,fit,approx_spectrum_matched,0.005,1,-0.1,0.001489870661546301,0.0004454066991031953
1645,3353,3353,fineweb-edu-sample,fit,approx_spectrum_matched,0.005,1,0.1,0.0015944322291735946,0.0004115513955830658
1645,3353,3353,fineweb-edu-sample,fit,approx_spectrum_matched,0.01,-1,-0.1,0.0022509340359297084,0.0012471976791186149
1645,3353,3353,fineweb-edu-sample,fit,approx_spectrum_matched,0.01,-1,0.1,0.0024303882893704047,0.001317313960590028
1645,3353,3353,fineweb-edu-sample,fit,approx_spectrum_matched,0.01,1,-0.1,0.0030820266344704595,0.0008215293395470861
1645,3353,3353,fineweb-edu-sample,fit,approx_spectrum_matched,0.01,1,0.1,0.0033187240356266196,0.000708455408099416
1645,3353,3353,fineweb-edu-sample,fit,leading_pc,0.005,-1,-0.1,0.005251204033735037,0.004194652068570101
1645,3353,3353,fineweb-edu-sample,fit,leading_pc,0.005,-1,0.1,0.0063827253288018465,0.004286310526356758
1645,3353,3353,fineweb-edu-sample,fit,leading_pc,0.005,1,-0.1,0.0031658696670046546,0.003001198627300329
1645,3353,3353,fineweb-edu-sample,fit,leading_pc,0.005,1,0.1,0.003725433507074028,0.0030420998157758817
1645,3353,3353,fineweb-edu-sample,fit,leading_pc,0.01,-1,-0.1,0.01382405177857992,0.009856185018281787
1645,3353,3353,fineweb-edu-sample,fit,leading_pc,0.01,-1,0.1,0.016349364923501978,0.009765980614911112
1645,3353,3353,fineweb-edu-sample,fit,leading_pc,0.01,1,-0.1,0.005276438616891027,0.005210534850710004
1645,3353,3353,fineweb-edu-sample,fit,leading_pc,0.01,1,0.1,0.005966597891824652,0.0052748305662244305
1645,3353,3353,fineweb-edu-sample,fit,shuffled_labels,0.005,-1,-0.1,0.004279804437994636,0.004254023973425069
1645,3353,3353,fineweb-edu-sample,fit,shuffled_labels,0.005,-1,0.1,0.00435579573305876,0.004324611083993699
1645,3353,3353,fineweb-edu-sample,fit,shuffled_labels,0.005,1,-0.1,0.0037527673576120673,0.0037198130659885803
1645,3353,3353,fineweb-edu-sample,fit,shuffled_labels,0.005,1,0.1,0.0037996152816083583,0.0037472507567071285
1645,3353,3353,fineweb-edu-sample,fit,shuffled_labels,0.01,-1,-0.1,0.008998261706918058,0.008949935632490915
1645,3353,3353,fineweb-edu-sample,fit,shuffled_labels,0.01,-1,0.1,0.00922579170859734,0.009174180681585273
1645,3353,3353,fineweb-edu-sample,fit,shuffled_labels,0.01,1,-0.1,0.006824691926431417,0.006757252552814676
1645,3353,3353,fineweb-edu-sample,fit,shuffled_labels,0.01,1,0.1,0.00697880569350084,0.0068435747088288965
2966,3500,3500,fineweb-edu-sample,check,learned,0.005,-1,-0.1,0.0003661116605789905,0.0003653174522546594
2966,3500,3500,fineweb-edu-sample,check,learned,0.005,-1,0.1,0.00035033255543715175,0.0003500449012646034
2966,3500,3500,fineweb-edu-sample,check,learned,0.005,1,-0.1,0.0003211890290878179,0.0003172036142561722
2966,3500,3500,fineweb-edu-sample,check,learned,0.005,1,0.1,0.0003337438590818528,0.0003296051119814524
2966,3500,3500,fineweb-edu-sample,check,learned,0.01,-1,-0.1,0.0007533435556873841,0.0007529415197800513
2966,3500,3500,fineweb-edu-sample,check,learned,0.01,-1,0.1,0.0007346462596460256,0.0007346147043342226
2966,3500,3500,fineweb-edu-sample,check,learned,0.01,1,-0.1,0.0006277263723411059,0.0006089732701150479
2966,3500,3500,fineweb-edu-sample,check,learned,0.01,1,0.1,0.0006202271342429976,0.0006035549822377795
2966,3500,3500,fineweb-edu-sample,check,random_0,0.005,-1,-0.1,0.00013366439602619038,9.018890399405622e-05
2966,3500,3500,fineweb-edu-sample,check,random_0,0.005,-1,0.1,0.00014023573289235125,0.00010558644166127701
2966,3500,3500,fineweb-edu-sample,check,random_0,0.005,1,-0.1,0.00013286226953770872,6.485397826618927e-05
2966,3500,3500,fineweb-edu-sample,check,random_0,0.005,1,0.1,0.00013521760005049869,6.480959914546226e-05
2966,3500,3500,fineweb-edu-sample,check,random_0,0.01,-1,-0.1,0.00029970505139647864,0.00024370813079872524
2966,3500,3500,fineweb-edu-sample,check,random_0,0.01,-1,0.1,0.0002899806092446314,0.0002401373813198136
2966,3500,3500,fineweb-edu-sample,check,random_0,0.01,1,-0.1,0.0002682209014892578,9.26827341472424e-05
2966,3500,3500,fineweb-edu-sample,check,random_0,0.01,1,0.1,0.00025831737092788605,7.772056189351285e-05
2966,3500,3500,fineweb-edu-sample,check,random_1,0.005,-1,-0.1,0.0003517869164359877,0.0002291611857948693
2966,3500,3500,fineweb-edu-sample,check,random_1,0.005,-1,0.1,0.00034927011732196773,0.00022872833744105284
2966,3500,3500,fineweb-edu-sample,check,random_1,0.005,1,-0.1,0.0003659886720056106,0.00022416546468982242
2966,3500,3500,fineweb-edu-sample,check,random_1,0.005,1,0.1,0.0003741364893411705,0.0002312553155276889
2966,3500,3500,fineweb-edu-sample,check,random_1,0.01,-1,-0.1,0.0006791307923097391,0.0004486583787625346
2966,3500,3500,fineweb-edu-sample,check,random_1,0.01,-1,0.1,0.0006790060674802905,0.0004503846539218935
2966,3500,3500,fineweb-edu-sample,check,random_1,0.01,1,-0.1,0.0007489647105957578,0.0004425562719128883
2966,3500,3500,fineweb-edu-sample,check,random_1,0.01,1,0.1,0.0007551439074233624,0.00045761398432261246
2966,3500,3500,fineweb-edu-sample,check,random_2,0.005,-1,-0.1,0.0001383684567032558,2.3141483704877392e-05
2966,3500,3500,fineweb-edu-sample,check,random_2,0.005,-1,0.1,0.00014524134220874146,3.390207477253894e-05
2966,3500,3500,fineweb-edu-sample,check,random_2,0.005,1,-0.1,9.737757319159556e-05,1.390101182027537e-05
2966,3500,3500,fineweb-edu-sample,check,random_2,0.005,1,0.1,8.371853764571876e-05,2.7467510458398633e-07
2966,3500,3500,fineweb-edu-sample,check,random_2,0.01,-1,-0.1,0.00033242629896597815,7.684441629451222e-05
2966,3500,3500,fineweb-edu-sample,check,random_2,0.01,-1,0.1,0.0003484909818002703,8.62526676032563e-05
2966,3500,3500,fineweb-edu-sample,check,random_2,0.01,1,-0.1,0.00013762040006168533,6.911970357290691e-06
2966,3500,3500,fineweb-edu-sample,check,random_2,0.01,1,0.1,0.0001335248347022889,2.6418780855015016e-06
2966,3500,3500,fineweb-edu-sample,check,approx_spectrum_matched,0.005,-1,-0.1,0.0001476457943961266,0.00012686586697523478
2966,3500,3500,fineweb-edu-sample,check,approx_spectrum_matched,0.005,-1,0.1,0.00016741144174130552,0.0001473616320213111
2966,3500,3500,fineweb-edu-sample,check,approx_spectrum_matched,0.005,1,-0.1,0.00017989357220841214,0.0001782417785924168
2966,3500,3500,fineweb-edu-sample,check,approx_spectrum_matched,0.005,1,0.1,0.00017158718625175142,0.00017023001934915116
2966,3500,3500,fineweb-edu-sample,check,approx_spectrum_matched,0.01,-1,-0.1,0.00031897100283043134,0.00023536709599071188
2966,3500,3500,fineweb-edu-sample,check,approx_spectrum_matched,0.01,-1,0.1,0.000335164713891842,0.00024843229003619085
2966,3500,3500,fineweb-edu-sample,check,approx_spectrum_matched,0.01,1,-0.1,0.0003842979137885936,0.0003842055486099734
2966,3500,3500,fineweb-edu-sample,check,approx_spectrum_matched,0.01,1,0.1,0.00038608213796255647,0.000385800416576781
2966,3500,3500,fineweb-edu-sample,check,leading_pc,0.005,-1,-0.1,0.00031200931359070736,0.00018267719193653813
2966,3500,3500,fineweb-edu-sample,check,leading_pc,0.005,-1,0.1,0.00031947520236735085,0.00019213227685820503
2966,3500,3500,fineweb-edu-sample,check,leading_pc,0.005,1,-0.1,0.00019803056365575206,0.0001450889474399022
2966,3500,3500,fineweb-edu-sample,check,leading_pc,0.005,1,0.1,0.00018633064049935165,0.00013797887181352946
2966,3500,3500,fineweb-edu-sample,check,leading_pc,0.01,-1,-0.1,0.0007641892701482816,0.0004159918276280166
2966,3500,3500,fineweb-edu-sample,check,leading_pc,0.01,-1,0.1,0.0007753436708827061,0.00043300023478024674
2966,3500,3500,fineweb-edu-sample,check,leading_pc,0.01,1,-0.1,0.00028826226040916397,0.0002334847349941201
2966,3500,3500,fineweb-edu-sample,check,leading_pc,0.01,1,0.1,0.0002834307593873966,0.00023430090519718682
2966,3500,3500,fineweb-edu-sample,check,shuffled_labels,0.005,-1,-0.1,0.00016978684118938717,5.185001818411909e-05
2966,3500,3500,fineweb-edu-sample,check,shuffled_labels,0.005,-1,0.1,0.00015735644282706328,4.5974957915131084e-05
2966,3500,3500,fineweb-edu-sample,check,shuffled_labels,0.005,1,-0.1,0.0001919919549568549,3.3651037862427407e-05
2966,3500,3500,fineweb-edu-sample,check,shuffled_labels,0.005,1,0.1,0.00019308607973841956,2.7286859387215456e-05
2966,3500,3500,fineweb-edu-sample,check,shuffled_labels,0.01,-1,-0.1,0.00029160931478569764,0.00010323695170969299
2966,3500,3500,fineweb-edu-sample,check,shuffled_labels,0.01,-1,0.1,0.00028636056448474274,9.562860613728546e-05
2966,3500,3500,fineweb-edu-sample,check,shuffled_labels,0.01,1,-0.1,0.00038943563955223483,4.4321807993467474e-05
2966,3500,3500,fineweb-edu-sample,check,shuffled_labels,0.01,1,0.1,0.00039605050655347994,4.8889127628845134e-05
2966,3777,3777,fineweb-edu-sample,fit,learned,0.005,-1,-0.1,3.94249469921005e-05,3.9409739959698605e-05
2966,3777,3777,fineweb-edu-sample,fit,learned,0.005,-1,0.1,4.923213767677424e-05,4.844067810343782e-05
2966,3777,3777,fineweb-edu-sample,fit,learned,0.005,1,-0.1,4.811095525981689e-05,4.7879239344308296e-05
2966,3777,3777,fineweb-edu-sample,fit,learned,0.005,1,0.1,5.006563090670276e-05,4.97500140678722e-05
2966,3777,3777,fineweb-edu-sample,fit,learned,0.01,-1,-0.1,8.228722898906884e-05,8.225800005928967e-05
2966,3777,3777,fineweb-edu-sample,fit,learned,0.01,-1,0.1,9.66227877557831e-05,9.580252040314934e-05
2966,3777,3777,fineweb-edu-sample,fit,learned,0.01,1,-0.1,0.00010530654727374416,0.00010001255043274955
2966,3777,3777,fineweb-edu-sample,fit,learned,0.01,1,0.1,9.971712778897829e-05,9.220481686385065e-05
2966,3777,3777,fineweb-edu-sample,fit,random_0,0.005,-1,-0.1,0.00038028533174382334,0.00027849839402297794
2966,3777,3777,fineweb-edu-sample,fit,random_0,0.005,-1,0.1,0.00039793825024718324,0.0002894416657204386
2966,3777,3777,fineweb-edu-sample,fit,random_0,0.005,1,-0.1,0.0003714937893716743,0.000272144659313535
2966,3777,3777,fineweb-edu-sample,fit,random_0,0.005,1,0.1,0.0003536910491517409,0.0002594172375704786
2966,3777,3777,fineweb-edu-sample,fit,random_0,0.01,-1,-0.1,0.0007797125966663062,0.0005778976125254096
2966,3777,3777,fineweb-edu-sample,fit,random_0,0.01,-1,0.1,0.0007771252031468041,0.0005885096835133337
2966,3777,3777,fineweb-edu-sample,fit,random_0,0.01,1,-0.1,0.0006902922378584119,0.0005035246197829323
2966,3777,3777,fineweb-edu-sample,fit,random_0,0.01,1,0.1,0.000679426524613046,0.0004968086401965976
2966,3777,3777,fineweb-edu-sample,fit,random_1,0.005,-1,-0.1,0.00017261768570886552,9.509106281505761e-05
2966,3777,3777,fineweb-edu-sample,fit,random_1,0.005,-1,0.1,0.00016124148208473193,8.600032284726603e-05
2966,3777,3777,fineweb-edu-sample,fit,random_1,0.005,1,-0.1,0.00014526247476837818,6.413150018814068e-05
2966,3777,3777,fineweb-edu-sample,fit,random_1,0.005,1,0.1,0.0001554459881653533,7.198733885040695e-05
2966,3777,3777,fineweb-edu-sample,fit,random_1,0.01,-1,-0.1,0.00035191099168242925,0.0001970623862518714
2966,3777,3777,fineweb-edu-sample,fit,random_1,0.01,-1,0.1,0.000342560292351948,0.00020058741820296267
2966,3777,3777,fineweb-edu-sample,fit,random_1,0.01,1,-0.1,0.00027468469280082233,0.00011238349411563096
2966,3777,3777,fineweb-edu-sample,fit,random_1,0.01,1,0.1,0.0002784467711012979,0.00011531661648288592
2966,3777,3777,fineweb-edu-sample,fit,random_2,0.005,-1,-0.1,0.0002886342229923545,0.00019064424470300177
2966,3777,3777,fineweb-edu-sample,fit,random_2,0.005,-1,0.1,0.00027919212634930953,0.00018021785760925804
2966,3777,3777,fineweb-edu-sample,fit,random_2,0.005,1,-0.1,0.0002262219206311822,0.00013347995436984323
2966,3777,3777,fineweb-edu-sample,fit,random_2,0.005,1,0.1,0.00024341310942859915,0.00014443805431254655
2966,3777,3777,fineweb-edu-sample,fit,random_2,0.01,-1,-0.1,0.0006135714061044351,0.0004037978747001387
2966,3777,3777,fineweb-edu-sample,fit,random_2,0.01,-1,0.1,0.0005918015961903287,0.0003872378936991967
2966,3777,3777,fineweb-edu-sample,fit,random_2,0.01,1,-0.1,0.00040912739324529864,0.00022646813387761943
2966,3777,3777,fineweb-edu-sample,fit,random_2,0.01,1,0.1,0.00041963403839353553,0.0002373723923035865
2966,3777,3777,fineweb-edu-sample,fit,approx_spectrum_matched,0.005,-1,-0.1,7.880951286746624e-05,1.70001852666747e-05
2966,3777,3777,fineweb-edu-sample,fit,approx_spectrum_matched,0.005,-1,0.1,6.22815775575855e-05,9.248521912120689e-06
2966,3777,3777,fineweb-edu-sample,fit,approx_spectrum_matched,0.005,1,-0.1,4.530705841148263e-05,5.512420369431847e-06
2966,3777,3777,fineweb-edu-sample,fit,approx_spectrum_matched,0.005,1,0.1,4.1052328586637276e-05,2.285991284547805e-06
2966,3777,3777,fineweb-edu-sample,fit,approx_spectrum_matched,0.01,-1,-0.1,0.00018424681745874078,2.3447309893286418e-05
2966,3777,3777,fineweb-edu-sample,fit,approx_spectrum_matched,0.01,-1,0.1,0.00018157418026599665,1.26537459357766e-05
2966,3777,3777,fineweb-edu-sample,fit,approx_spectrum_matched,0.01,1,-0.1,4.5587228403919675e-05,1.477170862251136e-05
2966,3777,3777,fineweb-edu-sample,fit,approx_spectrum_matched,0.01,1,0.1,5.3482341357459844e-05,5.59853998585725e-06
2966,3777,3777,fineweb-edu-sample,fit,leading_pc,0.005,-1,-0.1,0.0005316492682470156,0.0002768294517963339
2966,3777,3777,fineweb-edu-sample,fit,leading_pc,0.005,-1,0.1,0.0005352288414130274,0.00028595327153570243
2966,3777,3777,fineweb-edu-sample,fit,leading_pc,0.005,1,-0.1,0.0004894022070007438,0.00031537211468025066
2966,3777,3777,fineweb-edu-sample,fit,leading_pc,0.005,1,0.1,0.00047893919158850266,0.0003033358352014688
2966,3777,3777,fineweb-edu-sample,fit,leading_pc,0.01,-1,-0.1,0.0011476680924982963,0.0005066918261117399
2966,3777,3777,fineweb-edu-sample,fit,leading_pc,0.01,-1,0.1,0.0011599596811108868,0.0005169144325651621
2966,3777,3777,fineweb-edu-sample,fit,leading_pc,0.01,1,-0.1,0.0009348270570640564,0.0006306894835469887
2966,3777,3777,fineweb-edu-sample,fit,leading_pc,0.01,1,0.1,0.0009158302839074564,0.0006214640776236341
2966,3777,3777,fineweb-edu-sample,fit,shuffled_labels,0.005,-1,-0.1,0.0001557762117205432,2.974549370372384e-05
2966,3777,3777,fineweb-edu-sample,fit,shuffled_labels,0.005,-1,0.1,0.00016339310718583737,2.3399330747341347e-05
2966,3777,3777,fineweb-edu-sample,fit,shuffled_labels,0.005,1,-0.1,0.00015581123860115088,2.709998277427258e-05
2966,3777,3777,fineweb-edu-sample,fit,shuffled_labels,0.005,1,0.1,0.00014298755503838588,3.010284573040717e-05
2966,3777,3777,fineweb-edu-sample,fit,shuffled_labels,0.01,-1,-0.1,0.0003054989653203961,5.6322170907654505e-05
2966,3777,3777,fineweb-edu-sample,fit,shuffled_labels,0.01,-1,0.1,0.0002983095700782501,4.533011407903752e-05
2966,3777,3777,fineweb-edu-sample,fit,shuffled_labels,0.01,1,-0.1,0.00030751523720222706,6.266946493315485e-05
2966,3777,3777,fineweb-edu-sample,fit,shuffled_labels,0.01,1,0.1,0.0003092758603341988,7.519770706810345e-05
28027,3804,3804,fineweb-edu-sample,fit,learned,0.005,-1,-0.1,0.00019619980441514,0.0001889616087976986
28027,3804,3804,fineweb-edu-sample,fit,learned,0.005,-1,0.1,0.0001885407128945759,0.0001872108343121194
28027,3804,3804,fineweb-edu-sample,fit,learned,0.005,1,-0.1,0.00019040078469551779,0.0001903888486315228
28027,3804,3804,fineweb-edu-sample,fit,learned,0.005,1,0.1,0.00020298930381629104,0.00020217633692108195
28027,3804,3804,fineweb-edu-sample,fit,learned,0.01,-1,-0.1,0.0003979473922108349,0.0003738427402841618
28027,3804,3804,fineweb-edu-sample,fit,learned,0.01,-1,0.1,0.00038062598378134284,0.00037414200069210116
28027,3804,3804,fineweb-edu-sample,fit,learned,0.01,1,-0.1,0.0003705021650786829,0.0003696757219627908
28027,3804,3804,fineweb-edu-sample,fit,learned,0.01,1,0.1,0.0004080322059802984,0.000396136552914302
28027,3804,3804,fineweb-edu-sample,fit,random_0,0.005,-1,-0.1,0.0003464135807538833,0.0003345029828433876
28027,3804,3804,fineweb-edu-sample,fit,random_0,0.005,-1,0.1,0.0003556642666843096,0.00034171639487081985
28027,3804,3804,fineweb-edu-sample,fit,random_0,0.005,1,-0.1,0.00034143671576626606,0.0003365648567515393
28027,3804,3804,fineweb-edu-sample,fit,random_0,0.005,1,0.1,0.00034237439249745863,0.00033724357552211026
28027,3804,3804,fineweb-edu-sample,fit,random_0,0.01,-1,-0.1,0.0007276385044536891,0.0006916749025084096
28027,3804,3804,fineweb-edu-sample,fit,random_0,0.01,-1,0.1,0.0007268806542927473,0.000686627727403771
28027,3804,3804,fineweb-edu-sample,fit,random_0,0.01,1,-0.1,0.0006680684287603534,0.0006613676912921867
28027,3804,3804,fineweb-edu-sample,fit,random_0,0.01,1,0.1,0.0006742686493692639,0.0006689960416120523
28027,3804,3804,fineweb-edu-sample,fit,random_1,0.005,-1,-0.1,0.00042836859248748154,0.00013117694003000462
28027,3804,3804,fineweb-edu-sample,fit,random_1,0.005,-1,0.1,0.000424093510631443,0.00010803376124094169
28027,3804,3804,fineweb-edu-sample,fit,random_1,0.005,1,-0.1,0.0004240688474547041,0.00013928363481278757
28027,3804,3804,fineweb-edu-sample,fit,random_1,0.005,1,0.1,0.00042197906308407595,0.00014649020292102082
28027,3804,3804,fineweb-edu-sample,fit,random_1,0.01,-1,-0.1,0.0008425025771623331,0.0002191081009950985
28027,3804,3804,fineweb-edu-sample,fit,random_1,0.01,-1,0.1,0.000849806763339154,0.00021982132911691743
28027,3804,3804,fineweb-edu-sample,fit,random_1,0.01,1,-0.1,0.0008552544676329822,0.00030825289660233195
28027,3804,3804,fineweb-edu-sample,fit,random_1,0.01,1,0.1,0.0008494888434606518,0.0003220623690990452
28027,3804,3804,fineweb-edu-sample,fit,random_2,0.005,-1,-0.1,0.0003249063565707541,1.0723530089264808e-05
28027,3804,3804,fineweb-edu-sample,fit,random_2,0.005,-1,0.1,0.00031452462337922194,3.425185142488013e-05
28027,3804,3804,fineweb-edu-sample,fit,random_2,0.005,1,-0.1,0.00029304349462392075,2.6062580719095155e-05
28027,3804,3804,fineweb-edu-sample,fit,random_2,0.005,1,0.1,0.00028061046361477074,2.4388304289093567e-05
28027,3804,3804,fineweb-edu-sample,fit,random_2,0.01,-1,-0.1,0.0006661297340417144,2.2477997132605077e-05
28027,3804,3804,fineweb-edu-sample,fit,random_2,0.01,-1,0.1,0.0006368559682352284,5.5614933065752334e-05
28027,3804,3804,fineweb-edu-sample,fit,random_2,0.01,1,-0.1,0.0005640247922572523,6.243590464577636e-05
28027,3804,3804,fineweb-edu-sample,fit,random_2,0.01,1,0.1,0.0005366297498582786,6.910319137207208e-05
28027,3804,3804,fineweb-edu-sample,fit,approx_spectrum_matched,0.005,-1,-0.1,0.00038562537677567675,1.9792478484745982e-05
28027,3804,3804,fineweb-edu-sample,fit,approx_spectrum_matched,0.005,-1,0.1,0.0003745111946639431,2.302007912193363e-05
28027,3804,3804,fineweb-edu-sample,fit,approx_spectrum_matched,0.005,1,-0.1,0.00029871935604350666,8.035950941165242e-07
28027,3804,3804,fineweb-edu-sample,fit,approx_spectrum_matched,0.005,1,0.1,0.0002704974098908011,1.023449233125118e-05
28027,3804,3804,fineweb-edu-sample,fit,approx_spectrum_matched,0.01,-1,-0.1,0.0008946629145512886,5.900311124373043e-05
28027,3804,3804,fineweb-edu-sample,fit,approx_spectrum_matched,0.01,-1,0.1,0.000832153388197265,8.47758009647111e-05
28027,3804,3804,fineweb-edu-sample,fit,approx_spectrum_matched,0.01,1,-0.1,0.0005119463723964696,2.407969265352765e-05
28027,3804,3804,fineweb-edu-sample,fit,approx_spectrum_matched,0.01,1,0.1,0.00045783618511615275,2.0987700977368484e-05
28027,3804,3804,fineweb-edu-sample,fit,leading_pc,0.005,-1,-0.1,0.0005821422071210059,0.00024602098148044656
28027,3804,3804,fineweb-edu-sample,fit,leading_pc,0.005,-1,0.1,0.000572790799269823,0.00025305489045833896
28027,3804,3804,fineweb-edu-sample,fit,leading_pc,0.005,1,-0.1,0.0006277908438014865,0.00023721096928195837
28027,3804,3804,fineweb-edu-sample,fit,leading_pc,0.005,1,0.1,0.0006442385890961259,0.00022831618419417158
28027,3804,3804,fineweb-edu-sample,fit,leading_pc,0.01,-1,-0.1,0.0010724677233506484,0.0004955008560326628
28027,3804,3804,fineweb-edu-sample,fit,leading_pc,0.01,-1,0.1,0.0010774397007994741,0.0005074871104656021
28027,3804,3804,fineweb-edu-sample,fit,leading_pc,0.01,1,-0.1,0.0012803613129400337,0.000428596413196868
28027,3804,3804,fineweb-edu-sample,fit,leading_pc,0.01,1,0.1,0.0013093114827763762,0.000422289239700136
28027,3804,3804,fineweb-edu-sample,fit,shuffled_labels,0.005,-1,-0.1,9.725607897935456e-06,9.724187472222339e-06
28027,3804,3804,fineweb-edu-sample,fit,shuffled_labels,0.005,-1,0.1,1.5377536293599222e-05,1.5354656567955188e-05
28027,3804,3804,fineweb-edu-sample,fit,shuffled_labels,0.005,1,-0.1,1.587230394086193e-05,1.1595808524758412e-05
28027,3804,3804,fineweb-edu-sample,fit,shuffled_labels,0.005,1,0.1,2.86102294921875e-05,2.557771006057977e-05
28027,3804,3804,fineweb-edu-sample,fit,shuffled_labels,0.01,-1,-0.1,1.4336868646977337e-05,1.4244238168273888e-05
28027,3804,3804,fineweb-edu-sample,fit,shuffled_labels,0.01,-1,0.1,1.564142176328347e-05,1.159081176841215e-05
28027,3804,3804,fineweb-edu-sample,fit,shuffled_labels,0.01,1,-0.1,4.375484370023522e-05,3.905815574112665e-05
28027,3804,3804,fineweb-edu-sample,fit,shuffled_labels,0.01,1,0.1,3.982660869182797e-05,3.9574646517256415e-05
2966,3855,3855,fineweb-edu-sample,check,learned,0.005,-1,-0.1,0.00018681309027054503,0.00016004563514210521
2966,3855,3855,fineweb-edu-sample,check,learned,0.005,-1,0.1,0.00019269413767569984,0.00016222959421955107
2966,3855,3855,fineweb-edu-sample,check,learned,0.005,1,-0.1,0.00018254083759218037,0.00014689059373999513
2966,3855,3855,fineweb-edu-sample,check,learned,0.005,1,0.1,0.00018770675200078244,0.00015416785147564745
2966,3855,3855,fineweb-edu-sample,check,learned,0.01,-1,-0.1,0.00036792181632485087,0.00032045162430263755
2966,3855,3855,fineweb-edu-sample,check,learned,0.01,-1,0.1,0.00036535187135924705,0.0003160174534398678
2966,3855,3855,fineweb-edu-sample,check,learned,0.01,1,-0.1,0.00036195929436857104,0.0002818961668789582
2966,3855,3855,fineweb-edu-sample,check,learned,0.01,1,0.1,0.00037996472067737373,0.0002967106193707442
2966,3855,3855,fineweb-edu-sample,check,random_0,0.005,-1,-0.1,0.0002482852208371837,0.00024748205530066475
2966,3855,3855,fineweb-edu-sample,check,random_0,0.005,-1,0.1,0.00024909892819612457,0.0002484838779269669
2966,3855,3855,fineweb-edu-sample,check,random_0,0.005,1,-0.1,0.00022866914721717698,0.00022856770879228078
2966,3855,3855,fineweb-edu-sample,check,random_0,0.005,1,0.1,0.00023293287750694958,0.00023276900590602973
2966,3855,3855,fineweb-edu-sample,check,random_0,0.01,-1,-0.1,0.0005258335680176747,0.0005223728189339983
2966,3855,3855,fineweb-edu-sample,check,random_0,0.01,-1,0.1,0.0005200184133119163,0.0005165090402729007
2966,3855,3855,fineweb-edu-sample,check,random_0,0.01,1,-0.1,0.0004562242770664884,0.0004548848704711579
2966,3855,3855,fineweb-edu-sample,check,random_0,0.01,1,0.1,0.0004609730589867812,0.0004587611787776875
2966,3855,3855,fineweb-edu-sample,check,random_1,0.005,-1,-0.1,0.00026248402168152333,8.794969752094081e-05
2966,3855,3855,fineweb-edu-sample,check,random_1,0.005,-1,0.1,0.0002569705485502637,8.012355929949577e-05
2966,3855,3855,fineweb-edu-sample,check,random_1,0.005,1,-0.1,0.00023267503545295432,7.798454622816795e-05
2966,3855,3855,fineweb-edu-sample,check,random_1,0.005,1,0.1,0.00023634196962047635,8.237245577215005e-05
2966,3855,3855,fineweb-edu-sample,check,random_1,0.01,-1,-0.1,0.0005275784586641892,0.0001597376687246763
2966,3855,3855,fineweb-edu-sample,check,random_1,0.01,-1,0.1,0.0005231857647480329,0.0001599551213450956
2966,3855,3855,fineweb-edu-sample,check,random_1,0.01,1,-0.1,0.00045597302367573583,0.00016697987603955298
2966,3855,3855,fineweb-edu-sample,check,random_1,0.01,1,0.1,0.00045079752179758584,0.00017248512237984722
2966,3855,3855,fineweb-edu-sample,check,random_2,0.005,-1,-0.1,0.00012352199446634046,2.8814391823037566e-05
2966,3855,3855,fineweb-edu-sample,check,random_2,0.005,-1,0.1,0.0001249713687963956,2.4712284797398006e-05
2966,3855,3855,fineweb-edu-sample,check,random_2,0.005,1,-0.1,0.00011765419397957715,2.0260980390691084e-05
2966,3855,3855,fineweb-edu-sample,check,random_2,0.005,1,0.1,0.00011802851497437364,2.333938008643134e-05
2966,3855,3855,fineweb-edu-sample,check,random_2,0.01,-1,-0.1,0.00024658705923411896,5.166265350233471e-05
2966,3855,3855,fineweb-edu-sample,check,random_2,0.01,-1,0.1,0.00024326360653734736,4.720459881465448e-05
2966,3855,3855,fineweb-edu-sample,check,random_2,0.01,1,-0.1,0.00024039025429756572,4.7793541491037964e-05
2966,3855,3855,fineweb-edu-sample,check,random_2,0.01,1,0.1,0.0002369741554705269,4.711690829419349e-05
2966,3855,3855,fineweb-edu-sample,check,approx_spectrum_matched,0.005,-1,-0.1,0.0003943797883186888,0.00038377581835087913
2966,3855,3855,fineweb-edu-sample,check,approx_spectrum_matched,0.005,-1,0.1,0.00038951029276638224,0.00037925297552628747
2966,3855,3855,fineweb-edu-sample,check,approx_spectrum_matched,0.005,1,-0.1,0.00032498052827711996,0.00031648258218539027
2966,3855,3855,fineweb-edu-sample,check,approx_spectrum_matched,0.005,1,0.1,0.00032616916431582664,0.0003162485544989993
2966,3855,3855,fineweb-edu-sample,check,approx_spectrum_matched,0.01,-1,-0.1,0.0008426321090805872,0.000820815594447322
2966,3855,3855,fineweb-edu-sample,check,approx_spectrum_matched,0.01,-1,0.1,0.0008350163409677037,0.0008111117378618704
2966,3855,3855,fineweb-edu-sample,check,approx_spectrum_matched,0.01,1,-0.1,0.000576215830486055,0.0005601015818448157
2966,3855,3855,fineweb-edu-sample,check,approx_spectrum_matched,0.01,1,0.1,0.0005796622034396408,0.0005628330801112601
2966,3855,3855,fineweb-edu-sample,check,leading_pc,0.005,-1,-0.1,0.00026794175350969404,5.527285569366951e-05
2966,3855,3855,fineweb-edu-sample,check,leading_pc,0.005,-1,0.1,0.0002747442852332801,6.116170217371328e-05
2966,3855,3855,fineweb-edu-sample,check,leading_pc,0.005,1,-0.1,0.00019321968847163824,0.00011300823145275864
2966,3855,3855,fineweb-edu-sample,check,leading_pc,0.005,1,0.1,0.000195791450745499,0.00011254195306337225
2966,3855,3855,fineweb-edu-sample,check,leading_pc,0.01,-1,-0.1,0.0006709015784058212,5.0034095593846555e-05
2966,3855,3855,fineweb-edu-sample,check,leading_pc,0.01,-1,0.1,0.0006780953003637021,4.4041041496636755e-05
2966,3855,3855,fineweb-edu-sample,check,leading_pc,0.01,1,-0.1,0.0003540855449231209,0.0002596865494222348
2966,3855,3855,fineweb-edu-sample,check,leading_pc,0.01,1,0.1,0.0003530527565081171,0.00025470290181729547
2966,3855,3855,fineweb-edu-sample,check,shuffled_labels,0.005,-1,-0.1,0.00010871050618425724,9.455416906875234e-05
2966,3855,3855,fineweb-edu-sample,check,shuffled_labels,0.005,-1,0.1,0.00011751496735190859,0.00010480356911366848
2966,3855,3855,fineweb-edu-sample,check,shuffled_labels,0.005,1,-0.1,0.00011445681143705366,8.826311467142155e-05
2966,3855,3855,fineweb-edu-sample,check,shuffled_labels,0.005,1,0.1,0.0001172360180712075,8.891392501375713e-05
2966,3855,3855,fineweb-edu-sample,check,shuffled_labels,0.01,-1,-0.1,0.00022505501536676398,0.0002056540383163614
2966,3855,3855,fineweb-edu-sample,check,shuffled_labels,0.01,-1,0.1,0.00023090147013960484,0.00021279079128962708
2966,3855,3855,fineweb-edu-sample,check,shuffled_labels,0.01,1,-0.1,0.00022708865908544797,0.00016125054996506463
2966,3855,3855,fineweb-edu-sample,check,shuffled_labels,0.01,1,0.1,0.00022708865908544797,0.0001625514306088817
1645,3941,3941,fineweb-edu-sample,check,learned,0.005,-1,-0.1,0.004196646538339024,0.0034797060175285168
1645,3941,3941,fineweb-edu-sample,check,learned,0.005,-1,0.1,0.004103860932214968,0.003241789305358195
1645,3941,3941,fineweb-edu-sample,check,learned,0.005,1,-0.1,0.003483292960205866,0.0027800607686293993
1645,3941,3941,fineweb-edu-sample,check,learned,0.005,1,0.1,0.0034718072079227297,0.0026457821180875555
1645,3941,3941,fineweb-edu-sample,check,learned,0.01,-1,-0.1,0.009055029359705515,0.007849542893543402
1645,3941,3941,fineweb-edu-sample,check,learned,0.01,-1,0.1,0.008741391438615076,0.007255728072305645
1645,3941,3941,fineweb-edu-sample,check,learned,0.01,1,-0.1,0.006188355235731737,0.0050202191850405725
1645,3941,3941,fineweb-edu-sample,check,learned,0.01,1,0.1,0.006220020495762062,0.004825639246534696
1645,3941,3941,fineweb-edu-sample,check,random_0,0.005,-1,-0.1,0.0015368612515344513,0.0006991703032827101
1645,3941,3941,fineweb-edu-sample,check,random_0,0.005,-1,0.1,0.0015922663025184334,0.0008077041126400098
1645,3941,3941,fineweb-edu-sample,check,random_0,0.005,1,-0.1,0.0011827955080646478,0.0006169322646619221
1645,3941,3941,fineweb-edu-sample,check,random_0,0.005,1,0.1,0.0012315464105071923,0.0007242936839224947
1645,3941,3941,fineweb-edu-sample,check,random_0,0.01,-1,-0.1,0.003561876224173174,0.001507527431802544
1645,3941,3941,fineweb-edu-sample,check,random_0,0.01,-1,0.1,0.003667113646272087,0.0017502778494963886
1645,3941,3941,fineweb-edu-sample,check,random_0,0.01,1,-0.1,0.0021113326315832827,0.0011946195769301868
1645,3941,3941,fineweb-edu-sample,check,random_0,0.01,1,0.1,0.0022081965837026634,0.0013892779842707913
1645,3941,3941,fineweb-edu-sample,check,random_1,0.005,-1,-0.1,0.0048500871968462,0.000989531965255073
1645,3941,3941,fineweb-edu-sample,check,random_1,0.005,-1,0.1,0.0045765263730732425,0.0010071829486382215
1645,3941,3941,fineweb-edu-sample,check,random_1,0.005,1,-0.1,0.004848265835421321,0.0011582769526311655
1645,3941,3941,fineweb-edu-sample,check,random_1,0.005,1,0.1,0.004568532095044166,0.0011163908183627093
1645,3941,3941,fineweb-edu-sample,check,random_1,0.01,-1,-0.1,0.00961101470262548,0.0017268545669487476
1645,3941,3941,fineweb-edu-sample,check,random_1,0.01,-1,0.1,0.009029379727516931,0.0018405090289042826
1645,3941,3941,fineweb-edu-sample,check,random_1,0.01,1,-0.1,0.009558465346903319,0.0024048825508594927
1645,3941,3941,fineweb-edu-sample,check,random_1,0.01,1,0.1,0.009011243345689661,0.0022540121115000745
1645,3941,3941,fineweb-edu-sample,check,random_2,0.005,-1,-0.1,0.0010968607321538825,0.0010139889407495624
1645,3941,3941,fineweb-edu-sample,check,random_2,0.005,-1,0.1,0.00110540212707272,0.0009724861072521007
1645,3941,3941,fineweb-edu-sample,check,random_2,0.005,1,-0.1,0.0010275106116141874,0.0009946357956837888
1645,3941,3941,fineweb-edu-sample,check,random_2,0.005,1,0.1,0.0009736412283764201,0.000884629853029448
1645,3941,3941,fineweb-edu-sample,check,random_2,0.01,-1,-0.1,0.0023299023295353482,0.002086356306098249
1645,3941,3941,fineweb-edu-sample,check,random_2,0.01,-1,0.1,0.002376977753446123,0.0020471004069039793
1645,3941,3941,fineweb-edu-sample,check,random_2,0.01,1,-0.1,0.002037056376409215,0.0019954980561475905
1645,3941,3941,fineweb-edu-sample,check,random_2,0.01,1,0.1,0.0018945303778210088,0.0017487702005893272
1645,3941,3941,fineweb-edu-sample,check,approx_spectrum_matched,0.005,-1,-0.1,0.002509475997335376,0.00235743279252399
1645,3941,3941,fineweb-edu-sample,check,approx_spectrum_matched,0.005,-1,0.1,0.002622837403087914,0.0025347536836168765
1645,3941,3941,fineweb-edu-sample,check,approx_spectrum_matched,0.005,1,-0.1,0.002031883758739255,0.0016782622478773138
1645,3941,3941,fineweb-edu-sample,check,approx_spectrum_matched,0.005,1,0.1,0.0021585600761441096,0.0019056352232391881
1645,3941,3941,fineweb-edu-sample,check,approx_spectrum_matched,0.01,-1,-0.1,0.005497962293188132,0.005319292858288839
1645,3941,3941,fineweb-edu-sample,check,approx_spectrum_matched,0.01,-1,0.1,0.005697598784315861,0.005613509584789818
1645,3941,3941,fineweb-edu-sample,check,approx_spectrum_matched,0.01,1,-0.1,0.0036705863959121793,0.0026668298047877077
1645,3941,3941,fineweb-edu-sample,check,approx_spectrum_matched,0.01,1,0.1,0.0039023290849961472,0.003151582960694272
1645,3941,3941,fineweb-edu-sample,check,leading_pc,0.005,-1,-0.1,0.0031220378649037353,0.001208323787874337
1645,3941,3941,fineweb-edu-sample,check,leading_pc,0.005,-1,0.1,0.0034937293687316976,0.0019056314066024514
1645,3941,3941,fineweb-edu-sample,check,leading_pc,0.005,1,-0.1,0.003243570989935581,0.0007977197410814141
1645,3941,3941,fineweb-edu-sample,check,leading_pc,0.005,1,0.1,0.003339950213668679,0.0012631506398026891
1645,3941,3941,fineweb-edu-sample,check,leading_pc,0.01,-1,-0.1,0.006044732457450419,0.0029709975698623244
1645,3941,3941,fineweb-edu-sample,check,leading_pc,0.01,-1,0.1,0.007266097016026056,0.004702063568007689
1645,3941,3941,fineweb-edu-sample,check,leading_pc,0.01,1,-0.1,0.0065049306852895524,0.0013371837271734795
1645,3941,3941,fineweb-edu-sample,check,leading_pc,0.01,1,0.1,0.00654459390483802,0.002097145337744388
1645,3941,3941,fineweb-edu-sample,check,shuffled_labels,0.005,-1,-0.1,0.002544980335738039,0.0018395202187808473
1645,3941,3941,fineweb-edu-sample,check,shuffled_labels,0.005,-1,0.1,0.0023160014153484555,0.0014624072401547012
1645,3941,3941,fineweb-edu-sample,check,shuffled_labels,0.005,1,-0.1,0.0028540483736326943,0.00217271872405516
1645,3941,3941,fineweb-edu-sample,check,shuffled_labels,0.005,1,0.1,0.0025472650810019867,0.0017427597910511963
1645,3941,3941,fineweb-edu-sample,check,shuffled_labels,0.01,-1,-0.1,0.004835895518919582,0.00334954350432427
1645,3941,3941,fineweb-edu-sample,check,shuffled_labels,0.01,-1,0.1,0.0044385302852051,0.0026238773950096887
1645,3941,3941,fineweb-edu-sample,check,shuffled_labels,0.01,1,-0.1,0.006047134931502487,0.004655118638334119
1645,3941,3941,fineweb-edu-sample,check,shuffled_labels,0.01,1,0.1,0.005379277418032522,0.00376819949292556
28027,4057,4057,fineweb-edu-sample,check,learned,0.005,-1,-0.1,0.0009655941857226174,0.0009127875375255678
28027,4057,4057,fineweb-edu-sample,check,learned,0.005,-1,0.1,0.0009550409062326142,0.000898057732123549
28027,4057,4057,fineweb-edu-sample,check,learned,0.005,1,-0.1,0.0009311773892724033,0.0008877096711902653
28027,4057,4057,fineweb-edu-sample,check,learned,0.005,1,0.1,0.0009049540161166248,0.0008543887578359065
28027,4057,4057,fineweb-edu-sample,check,learned,0.01,-1,-0.1,0.001961810295249131,0.0018453226256673956
28027,4057,4057,fineweb-edu-sample,check,learned,0.01,-1,0.1,0.0019410484572997464,0.0018185555700960011
28027,4057,4057,fineweb-edu-sample,check,learned,0.01,1,-0.1,0.0018041151367366559,0.0017221441934172058
28027,4057,4057,fineweb-edu-sample,check,learned,0.01,1,0.1,0.0017540507849929175,0.0016677384370316773
28027,4057,4057,fineweb-edu-sample,check,random_0,0.005,-1,-0.1,0.00015017569750083834,0.0001225725598376804
28027,4057,4057,fineweb-edu-sample,check,random_0,0.005,-1,0.1,0.00016467942499737232,0.0001284783215969448
28027,4057,4057,fineweb-edu-sample,check,random_0,0.005,1,-0.1,9.955738676723778e-05,6.671190141063654e-05
28027,4057,4057,fineweb-edu-sample,check,random_0,0.005,1,0.1,0.00012988540034655953,8.278614415890607e-05
28027,4057,4057,fineweb-edu-sample,check,random_0,0.01,-1,-0.1,0.000353257496078373,0.00029314927590064465
28027,4057,4057,fineweb-edu-sample,check,random_0,0.01,-1,0.1,0.00038606262930739667,0.0003113413460824263
28027,4057,4057,fineweb-edu-sample,check,random_0,0.01,1,-0.1,0.0001852584466795056,9.193039238614576e-05
28027,4057,4057,fineweb-edu-sample,check,random_0,0.01,1,0.1,0.00020440691426526727,9.845026436603161e-05
28027,4057,4057,fineweb-edu-sample,check,random_1,0.005,-1,-0.1,0.0005883853662698126,3.483717746533875e-05
28027,4057,4057,fineweb-edu-sample,check,random_1,0.005,-1,0.1,0.0005940503073974621,3.544694871174829e-05
28027,4057,4057,fineweb-edu-sample,check,random_1,0.005,1,-0.1,0.0005228849388423524,5.504666932709189e-05
28027,4057,4057,fineweb-edu-sample,check,random_1,0.005,1,0.1,0.0005286642628979354,6.577781529520216e-05
28027,4057,4057,fineweb-edu-sample,check,random_1,0.01,-1,-0.1,0.0012264181258502046,6.219576929312388e-05
28027,4057,4057,fineweb-edu-sample,check,random_1,0.01,-1,0.1,0.0012635191392544902,3.5811322140691773e-05
28027,4057,4057,fineweb-edu-sample,check,random_1,0.01,1,-0.1,0.000993416035955969,0.00015820349823895857
28027,4057,4057,fineweb-edu-sample,check,random_1,0.01,1,0.1,0.001000298438997142,0.00014813784298342315
28027,4057,4057,fineweb-edu-sample,check,random_2,0.005,-1,-0.1,0.0005494968462333534,0.0005337187459759158
28027,4057,4057,fineweb-edu-sample,check,random_2,0.005,-1,0.1,0.0005515907478279489,0.0005366905629341914
28027,4057,4057,fineweb-edu-sample,check,random_2,0.005,1,-0.1,0.0006137944511758046,0.0005998434471254398
28027,4057,4057,fineweb-edu-sample,check,random_2,0.005,1,0.1,0.0006215037790041759,0.0006097776805795451
28027,4057,4057,fineweb-edu-sample,check,random_2,0.01,-1,-0.1,0.0010270890860339225,0.0009868862198293908
28027,4057,4057,fineweb-edu-sample,check,random_2,0.01,-1,0.1,0.0010269637791321545,0.0009950369014080898
28027,4057,4057,fineweb-edu-sample,check,random_2,0.01,1,-0.1,0.001284562487736635,0.0012581330621416434
28027,4057,4057,fineweb-edu-sample,check,random_2,0.01,1,0.1,0.0013069458471889751,0.0012864758701398545
28027,4057,4057,fineweb-edu-sample,check,approx_spectrum_matched,0.005,-1,-0.1,0.00044422903091376713,0.00042421766462384804
28027,4057,4057,fineweb-edu-sample,check,approx_spectrum_matched,0.005,-1,0.1,0.0004582263674424562,0.00043721930131269726
28027,4057,4057,fineweb-edu-sample,check,approx_spectrum_matched,0.005,1,-0.1,0.0004641377215403178,0.00043580879160653665
28027,4057,4057,fineweb-edu-sample,check,approx_spectrum_matched,0.005,1,0.1,0.00047378037092208404,0.00044510576687912737
28027,4057,4057,fineweb-edu-sample,check,approx_spectrum_matched,0.01,-1,-0.1,0.0008824064548468286,0.0008493378165652053
28027,4057,4057,fineweb-edu-sample,check,approx_spectrum_matched,0.01,-1,0.1,0.0008882123452021412,0.0008467397792735075
28027,4057,4057,fineweb-edu-sample,check,approx_spectrum_matched,0.01,1,-0.1,0.000942462340424797,0.000879364775528533
28027,4057,4057,fineweb-edu-sample,check,approx_spectrum_matched,0.01,1,0.1,0.0009502348867096826,0.0008835411376661225
28027,4057,4057,fineweb-edu-sample,check,leading_pc,0.005,-1,-0.1,0.0008681522072295308,0.0008262615659593201
28027,4057,4057,fineweb-edu-sample,check,leading_pc,0.005,-1,0.1,0.0008701607926570884,0.0008184364110085709
28027,4057,4057,fineweb-edu-sample,check,leading_pc,0.005,1,-0.1,0.0008665095544867648,0.0008176212224020492
28027,4057,4057,fineweb-edu-sample,check,leading_pc,0.005,1,0.1,0.0008677686931410976,0.0008170209741473163
28027,4057,4057,fineweb-edu-sample,check,leading_pc,0.01,-1,-0.1,0.0016932642583370387,0.0016153202317716478
28027,4057,4057,fineweb-edu-sample,check,leading_pc,0.01,-1,0.1,0.0016846094653859371,0.001598354291202762
28027,4057,4057,fineweb-edu-sample,check,leading_pc,0.01,1,-0.1,0.0016764932647591864,0.0015850306956793035
28027,4057,4057,fineweb-edu-sample,check,leading_pc,0.01,1,0.1,0.0016713177086417291,0.0015723763985447464
28027,4057,4057,fineweb-edu-sample,check,shuffled_labels,0.005,-1,-0.1,9.556749340232663e-05,5.614288021534187e-06
28027,4057,4057,fineweb-edu-sample,check,shuffled_labels,0.005,-1,0.1,8.29477390825826e-05,2.092069012604861e-05
28027,4057,4057,fineweb-edu-sample,check,shuffled_labels,0.005,1,-0.1,6.654569635169796e-05,3.510131060697229e-05
28027,4057,4057,fineweb-edu-sample,check,shuffled_labels,0.005,1,0.1,5.086759701955638e-05,2.3556491629722304e-05
28027,4057,4057,fineweb-edu-sample,check,shuffled_labels,0.01,-1,-0.1,0.00020629366467576958,5.31724521306426e-05
28027,4057,4057,fineweb-edu-sample,check,shuffled_labels,0.01,-1,0.1,0.0001985040502214303,6.539357671369815e-05
28027,4057,4057,fineweb-edu-sample,check,shuffled_labels,0.01,1,-0.1,0.00013759706103986033,0.00011092483289607074
28027,4057,4057,fineweb-edu-sample,check,shuffled_labels,0.01,1,0.1,0.00012876016044809321,0.00010816969292815874
2966,4210,4210,fineweb-edu-sample,fit,learned,0.005,-1,-0.1,8.246388230708147e-05,1.1295393531973712e-05
2966,4210,4210,fineweb-edu-sample,fit,learned,0.005,-1,0.1,7.984709048818389e-05,1.3545091786783842e-05
2966,4210,4210,fineweb-edu-sample,fit,learned,0.005,1,-0.1,7.952179991315066e-05,3.2933522286907155e-05
2966,4210,4210,fineweb-edu-sample,fit,learned,0.005,1,0.1,6.713928146519052e-05,2.5782790225715557e-05
2966,4210,4210,fineweb-edu-sample,fit,learned,0.01,-1,-0.1,0.00018944122785426992,3.0529254485688645e-05
2966,4210,4210,fineweb-edu-sample,fit,learned,0.01,-1,0.1,0.00017856453351220325,2.7351662243138067e-05
2966,4210,4210,fineweb-edu-sample,fit,learned,0.01,1,-0.1,0.00012859494562894307,6.240999047970363e-05
2966,4210,4210,fineweb-edu-sample,fit,learned,0.01,1,0.1,0.0001300472273950623,5.654857626434371e-05
2966,4210,4210,fineweb-edu-sample,fit,random_0,0.005,-1,-0.1,0.0001822272988059331,0.0001462556724623256
2966,4210,4210,fineweb-edu-sample,fit,random_0,0.005,-1,0.1,0.00018662068646050668,0.0001503044673661224
2966,4210,4210,fineweb-edu-sample,fit,random_0,0.005,1,-0.1,0.00017426163834159341,0.00013898066727529093
2966,4210,4210,fineweb-edu-sample,fit,random_0,0.005,1,0.1,0.0001678473570116422,0.0001378020971666757
2966,4210,4210,fineweb-edu-sample,fit,random_0,0.01,-1,-0.1,0.00040553956071617787,0.0003106447831518228
2966,4210,4210,fineweb-edu-sample,fit,random_0,0.01,-1,0.1,0.00039444579603029143,0.0003232248883167316
2966,4210,4210,fineweb-edu-sample,fit,random_0,0.01,1,-0.1,0.0003200739011495723,0.0002554385894827064
2966,4210,4210,fineweb-edu-sample,fit,random_0,0.01,1,0.1,0.00031881975686090134,0.0002518908818275875
2966,4210,4210,fineweb-edu-sample,fit,random_1,0.005,-1,-0.1,0.00019469909904746774,0.0001158731972980494
2966,4210,4210,fineweb-edu-sample,fit,random_1,0.005,-1,0.1,0.00019788971865135493,0.00011271220767592766
2966,4210,4210,fineweb-edu-sample,fit,random_1,0.005,1,-0.1,0.00019811192382163407,0.00011507801363971671
2966,4210,4210,fineweb-edu-sample,fit,random_1,0.005,1,0.1,0.00019384999346615288,0.00013103345393999382
2966,4210,4210,fineweb-edu-sample,fit,random_1,0.01,-1,-0.1,0.00037429378217784565,0.00021436852509056033
2966,4210,4210,fineweb-edu-sample,fit,random_1,0.01,-1,0.1,0.00038432276270213624,0.0002244313640681001
2966,4210,4210,fineweb-edu-sample,fit,random_1,0.01,1,-0.1,0.00039813961050236805,0.0002623130827342282
2966,4210,4210,fineweb-edu-sample,fit,random_1,0.01,1,0.1,0.0003657064340365221,0.00024436015422880616
2966,4210,4210,fineweb-edu-sample,fit,random_2,0.005,-1,-0.1,0.00020871364500145076,0.00014334956855357417
2966,4210,4210,fineweb-edu-sample,fit,random_2,0.005,-1,0.1,0.0002150678312720566,0.00016251839501691133
2966,4210,4210,fineweb-edu-sample,fit,random_2,0.005,1,-0.1,0.00022505501536676398,0.00016971918432180443
2966,4210,4210,fineweb-edu-sample,fit,random_2,0.005,1,0.1,0.00022188663026661594,0.0001531668960039707
2966,4210,4210,fineweb-edu-sample,fit,random_2,0.01,-1,-0.1,0.0004363904152176163,0.00031192604137981865
2966,4210,4210,fineweb-edu-sample,fit,random_2,0.01,-1,0.1,0.00041468496504264314,0.000298058719431197
2966,4210,4210,fineweb-edu-sample,fit,random_2,0.01,1,-0.1,0.00045772815606306576,0.0003326110192776797
2966,4210,4210,fineweb-edu-sample,fit,random_2,0.01,1,0.1,0.0004555779169561351,0.0003374557850808283
2966,4210,4210,fineweb-edu-sample,fit,approx_spectrum_matched,0.005,-1,-0.1,0.00027409842522044877,0.0002664795467604963
2966,4210,4210,fineweb-edu-sample,fit,approx_spectrum_matched,0.005,-1,0.1,0.0002722168075664159,0.00025815927413962316
2966,4210,4210,fineweb-edu-sample,fit,approx_spectrum_matched,0.005,1,-0.1,0.00027919253354831007,0.0002563531104991961
2966,4210,4210,fineweb-edu-sample,fit,approx_spectrum_matched,0.005,1,0.1,0.0002754006021506667,0.00025562608865694627
2966,4210,4210,fineweb-edu-sample,fit,approx_spectrum_matched,0.01,-1,-0.1,0.0005540767757737452,0.0005436938266344549
2966,4210,4210,fineweb-edu-sample,fit,approx_spectrum_matched,0.01,-1,0.1,0.0005218646677805393,0.000509002822137398
2966,4210,4210,fineweb-edu-sample,fit,approx_spectrum_matched,0.01,1,-0.1,0.0005486953804459819,0.0004945042482270901
2966,4210,4210,fineweb-edu-sample,fit,approx_spectrum_matched,0.01,1,0.1,0.0005508779807426179,0.0004955556518062471
2966,4210,4210,fineweb-edu-sample,fit,leading_pc,0.005,-1,-0.1,0.00016324274796127022,0.00016140377690734676
2966,4210,4210,fineweb-edu-sample,fit,leading_pc,0.005,-1,0.1,0.00015607733168516674,0.00015176938653390572
2966,4210,4210,fineweb-edu-sample,fit,leading_pc,0.005,1,-0.1,0.00011937320883421974,0.00011716902087577308
2966,4210,4210,fineweb-edu-sample,fit,leading_pc,0.005,1,0.1,0.00010914155708434567,0.00010798288519916548
2966,4210,4210,fineweb-edu-sample,fit,leading_pc,0.01,-1,-0.1,0.00034302493264418556,0.0003304407821682242
2966,4210,4210,fineweb-edu-sample,fit,leading_pc,0.01,-1,0.1,0.0003504256777748703,0.0003369966895605785
2966,4210,4210,fineweb-edu-sample,fit,leading_pc,0.01,1,-0.1,0.00024070265549161747,0.00021494572105103317
2966,4210,4210,fineweb-edu-sample,fit,leading_pc,0.01,1,0.1,0.0002123167981398289,0.00019812739044265735
2966,4210,4210,fineweb-edu-sample,fit,shuffled_labels,0.005,-1,-0.1,0.0001101689919857658,0.00010478875506310087
2966,4210,4210,fineweb-edu-sample,fit,shuffled_labels,0.005,-1,0.1,0.00011663031395564088,0.00011291940379944075
2966,4210,4210,fineweb-edu-sample,fit,shuffled_labels,0.005,1,-0.1,8.852877057122597e-05,8.242130336164776e-05
2966,4210,4210,fineweb-edu-sample,fit,shuffled_labels,0.005,1,0.1,8.745770658958721e-05,7.765668134723707e-05
2966,4210,4210,fineweb-edu-sample,fit,shuffled_labels,0.01,-1,-0.1,0.0002409042484476572,0.00022943571092598215
2966,4210,4210,fineweb-edu-sample,fit,shuffled_labels,0.01,-1,0.1,0.00024564103178097743,0.00023595239098392156
2966,4210,4210,fineweb-edu-sample,fit,shuffled_labels,0.01,1,-0.1,0.00016994478994213026,0.00015982143108763294
2966,4210,4210,fineweb-edu-sample,fit,shuffled_labels,0.01,1,0.1,0.0001553852735031263,0.0001328818988090059
28027,4369,4369,fineweb-edu-sample,check,learned,0.005,-1,-0.1,0.0004429455322496943,0.0003765509558692845
28027,4369,4369,fineweb-edu-sample,check,learned,0.005,-1,0.1,0.00043796500099735407,0.000372862993467311
28027,4369,4369,fineweb-edu-sample,check,learned,0.005,1,-0.1,0.00044355596477504375,0.0003597190681177647
28027,4369,4369,fineweb-edu-sample,check,learned,0.005,1,0.1,0.00047260696867503215,0.0003785872067327191
28027,4369,4369,fineweb-edu-sample,check,learned,0.01,-1,-0.1,0.0008595034417976921,0.0007597522256028666
28027,4369,4369,fineweb-edu-sample,check,learned,0.01,-1,0.1,0.0008701592248511229,0.0007632231142740168
28027,4369,4369,fineweb-edu-sample,check,learned,0.01,1,-0.1,0.0009164830028182975,0.0007277371225706118
28027,4369,4369,fineweb-edu-sample,check,learned,0.01,1,0.1,0.0009504042829473102,0.0007492070495399866
28027,4369,4369,fineweb-edu-sample,check,random_0,0.005,-1,-0.1,0.0002692335932444211,0.00022788779668200796
28027,4369,4369,fineweb-edu-sample,check,random_0,0.005,-1,0.1,0.0002727508544921875,0.00023131614578401978
28027,4369,4369,fineweb-edu-sample,check,random_0,0.005,1,-0.1,0.0002534352487991873,0.00023801922778329465
28027,4369,4369,fineweb-edu-sample,check,random_0,0.005,1,0.1,0.00024333463186366366,0.00023090059691608056
28027,4369,4369,fineweb-edu-sample,check,random_0,0.01,-1,-0.1,0.0005672638895913257,0.0004464545671269287
28027,4369,4369,fineweb-edu-sample,check,random_0,0.01,-1,0.1,0.0005698760655881857,0.0004558136356330487
28027,4369,4369,fineweb-edu-sample,check,random_0,0.01,1,-0.1,0.0004890638650991848,0.0004775005136407268
28027,4369,4369,fineweb-edu-sample,check,random_0,0.01,1,0.1,0.0004758844394712467,0.0004696812111726647
28027,4369,4369,fineweb-edu-sample,check,random_1,0.005,-1,-0.1,0.00029493370825825656,2.0728002519479395e-05
28027,4369,4369,fineweb-edu-sample,check,random_1,0.005,-1,0.1,0.00030833339289853797,2.75859088970156e-05
28027,4369,4369,fineweb-edu-sample,check,random_1,0.005,1,-0.1,0.00028509120299289795,5.2971488686059485e-05
28027,4369,4369,fineweb-edu-sample,check,random_1,0.005,1,0.1,0.0002804840311022328,4.118140484443242e-05
28027,4369,4369,fineweb-edu-sample,check,random_1,0.01,-1,-0.1,0.0006028134542458924,2.567401993183312e-05
28027,4369,4369,fineweb-edu-sample,check,random_1,0.01,-1,0.1,0.0006243093267406669,2.0694213145299976e-05
28027,4369,4369,fineweb-edu-sample,check,random_1,0.01,1,-0.1,0.0005318570782081572,0.00012255485603757338
28027,4369,4369,fineweb-edu-sample,check,random_1,0.01,1,0.1,0.000528635015909424,9.98686716867547e-05
28027,4369,4369,fineweb-edu-sample,check,random_2,0.005,-1,-0.1,0.0008457892288866592,0.0005072878153253584
28027,4369,4369,fineweb-edu-sample,check,random_2,0.005,-1,0.1,0.0008350288666035643,0.0005005179190054104
28027,4369,4369,fineweb-edu-sample,check,random_2,0.005,1,-0.1,0.0008408628164601478,0.000464734657709104
28027,4369,4369,fineweb-edu-sample,check,random_2,0.005,1,0.1,0.0008470904413746998,0.00048237312175853226
28027,4369,4369,fineweb-edu-sample,check,random_2,0.01,-1,-0.1,0.0016626088458684563,0.0010313183982280424
28027,4369,4369,fineweb-edu-sample,check,random_2,0.01,-1,0.1,0.001636900776161826,0.0010222704956007011
28027,4369,4369,fineweb-edu-sample,check,random_2,0.01,1,-0.1,0.0016890035242746208,0.0009116738538470691
28027,4369,4369,fineweb-edu-sample,check,random_2,0.01,1,0.1,0.0017032383001838937,0.0009398595448917416
28027,4369,4369,fineweb-edu-sample,check,approx_spectrum_matched,0.005,-1,-0.1,0.0009763547929770506,0.00018508133679388437
28027,4369,4369,fineweb-edu-sample,check,approx_spectrum_matched,0.005,-1,0.1,0.0009498849926665686,0.0001694789803713398
28027,4369,4369,fineweb-edu-sample,check,approx_spectrum_matched,0.005,1,-0.1,0.0009213076349962741,8.552141426709522e-05
28027,4369,4369,fineweb-edu-sample,check,approx_spectrum_matched,0.005,1,0.1,0.0009190778629735505,8.964625989399774e-05
28027,4369,4369,fineweb-edu-sample,check,approx_spectrum_matched,0.01,-1,-0.1,0.0019374592609085718,0.0004680098748625472
28027,4369,4369,fineweb-edu-sample,check,approx_spectrum_matched,0.01,-1,0.1,0.0019069110845327739,0.00043379321017292987
28027,4369,4369,fineweb-edu-sample,check,approx_spectrum_matched,0.01,1,-0.1,0.001781687477391238,9.21245289502988e-05
28027,4369,4369,fineweb-edu-sample,check,approx_spectrum_matched,0.01,1,0.1,0.0017695719259854857,8.998932113626586e-05
28027,4369,4369,fineweb-edu-sample,check,leading_pc,0.005,-1,-0.1,0.000406368224657769,0.00030627132446892725
28027,4369,4369,fineweb-edu-sample,check,leading_pc,0.005,-1,0.1,0.00038220335035156434,0.0002871607330789114
28027,4369,4369,fineweb-edu-sample,check,leading_pc,0.005,1,-0.1,0.0001996553111840646,0.00018914990620416306
28027,4369,4369,fineweb-edu-sample,check,leading_pc,0.005,1,0.1,0.00020917667319181123,0.00020500996475488983
28027,4369,4369,fineweb-edu-sample,check,leading_pc,0.01,-1,-0.1,0.0009844159640067663,0.000685097433122352
28027,4369,4369,fineweb-edu-sample,check,leading_pc,0.01,-1,0.1,0.0009599071909783667,0.0006610477397567895
28027,4369,4369,fineweb-edu-sample,check,leading_pc,0.01,1,-0.1,0.00031295197229034644,0.0002869247354012646
28027,4369,4369,fineweb-edu-sample,check,leading_pc,0.01,1,0.1,0.00035517295030816593,0.0003081881684258758
28027,4369,4369,fineweb-edu-sample,check,shuffled_labels,0.005,-1,-0.1,0.0002197614118967301,7.742035998176297e-06
28027,4369,4369,fineweb-edu-sample,check,shuffled_labels,0.005,-1,0.1,0.00022238613580505983,5.822151878763197e-06
28027,4369,4369,fineweb-edu-sample,check,shuffled_labels,0.005,1,-0.1,0.00023319628472256355,2.409492818930635e-05
28027,4369,4369,fineweb-edu-sample,check,shuffled_labels,0.005,1,0.1,0.00023741127848729866,3.1710926670044335e-05
28027,4369,4369,fineweb-edu-sample,check,shuffled_labels,0.01,-1,-0.1,0.0004332264369209998,3.823590434860327e-06
28027,4369,4369,fineweb-edu-sample,check,shuffled_labels,0.01,-1,0.1,0.00043696707791881796,1.988133771421392e-05
28027,4369,4369,fineweb-edu-sample,check,shuffled_labels,0.01,1,-0.1,0.0004940474796051532,7.117636508933021e-05
28027,4369,4369,fineweb-edu-sample,check,shuffled_labels,0.01,1,0.1,0.0005003446643324089,8.383786259240484e-05
28027,4441,4441,fineweb-edu-sample,fit,learned,0.005,-1,-0.1,0.001878356471185604,0.001771112679819418
28027,4441,4441,fineweb-edu-sample,fit,learned,0.005,-1,0.1,0.001777359576682087,0.0016559033538273915
28027,4441,4441,fineweb-edu-sample,fit,learned,0.005,1,-0.1,0.0019300804951285085,0.0017823032826873723
28027,4441,4441,fineweb-edu-sample,fit,learned,0.005,1,0.1,0.0018215301772900186,0.0016520111083467466
28027,4441,4441,fineweb-edu-sample,fit,learned,0.01,-1,-0.1,0.003710303387934103,0.0035387714676306447
28027,4441,4441,fineweb-edu-sample,fit,learned,0.01,-1,0.1,0.003496212349004608,0.003295292266340202
28027,4441,4441,fineweb-edu-sample,fit,learned,0.01,1,-0.1,0.00388423883660776,0.003546715129705987
28027,4441,4441,fineweb-edu-sample,fit,learned,0.01,1,0.1,0.0036805796005394535,0.0033012819780768752
28027,4441,4441,fineweb-edu-sample,fit,random_0,0.005,-1,-0.1,0.001319037165659777,0.00022510772832209504
28027,4441,4441,fineweb-edu-sample,fit,random_0,0.005,-1,0.1,0.0012914778579688306,0.00018423653282116962
28027,4441,4441,fineweb-edu-sample,fit,random_0,0.005,1,-0.1,0.0013751051100012186,0.00026540302650551994
28027,4441,4441,fineweb-edu-sample,fit,random_0,0.005,1,0.1,0.001354959110250619,0.0002138723515614228
28027,4441,4441,fineweb-edu-sample,fit,random_0,0.01,-1,-0.1,0.0025535613307302927,0.0004260358600459228
28027,4441,4441,fineweb-edu-sample,fit,random_0,0.01,-1,0.1,0.0024992618954616636,0.00034053018655721707
28027,4441,4441,fineweb-edu-sample,fit,random_0,0.01,1,-0.1,0.002796392396417094,0.000561042392897611
28027,4441,4441,fineweb-edu-sample,fit,random_0,0.01,1,0.1,0.0027545264373018763,0.00045404839859662237
28027,4441,4441,fineweb-edu-sample,fit,random_1,0.005,-1,-0.1,0.00044199821017579444,0.00043701650768449815
28027,4441,4441,fineweb-edu-sample,fit,random_1,0.005,-1,0.1,0.0004244774814246476,0.0004158757517101616
28027,4441,4441,fineweb-edu-sample,fit,random_1,0.005,1,-0.1,0.0004881277904908154,0.00046511362781799303
28027,4441,4441,fineweb-edu-sample,fit,random_1,0.005,1,0.1,0.00046801245217521005,0.000435072579288066
28027,4441,4441,fineweb-edu-sample,fit,random_1,0.01,-1,-0.1,0.0008618347199202271,0.0008606254503186086
28027,4441,4441,fineweb-edu-sample,fit,random_1,0.01,-1,0.1,0.0008294020052843654,0.000824743954993008
28027,4441,4441,fineweb-edu-sample,fit,random_1,0.01,1,-0.1,0.0010374225528308775,0.0009632978644438758
28027,4441,4441,fineweb-edu-sample,fit,random_1,0.01,1,0.1,0.0009991034603476065,0.0008996944507965367
28027,4441,4441,fineweb-edu-sample,fit,random_2,0.005,-1,-0.1,0.0005723190193199152,0.00010181131176061378
28027,4441,4441,fineweb-edu-sample,fit,random_2,0.005,-1,0.1,0.0005882085449289486,0.00012345572144517063
28027,4441,4441,fineweb-edu-sample,fit,random_2,0.005,1,-0.1,0.0004066065129618372,3.2095462497749934e-05
28027,4441,4441,fineweb-edu-sample,fit,random_2,0.005,1,0.1,0.0004143339014947375,7.069856319049183e-05
28027,4441,4441,fineweb-edu-sample,fit,random_2,0.01,-1,-0.1,0.0013040335078734213,0.00025228120469525134
28027,4441,4441,fineweb-edu-sample,fit,random_2,0.01,-1,0.1,0.0013310350472638703,0.0002995288226015715
28027,4441,4441,fineweb-edu-sample,fit,random_2,0.01,1,-0.1,0.0006305837442103218,2.3274230271271847e-06
28027,4441,4441,fineweb-edu-sample,fit,random_2,0.01,1,0.1,0.0006465939997158911,8.277572992381499e-05
28027,4441,4441,fineweb-edu-sample,fit,approx_spectrum_matched,0.005,-1,-0.1,0.000814308456618921,0.0008098943167820461
28027,4441,4441,fineweb-edu-sample,fit,approx_spectrum_matched,0.005,-1,0.1,0.0007881189304268619,0.0007837516359086918
28027,4441,4441,fineweb-edu-sample,fit,approx_spectrum_matched,0.005,1,-0.1,0.0008716771063252499,0.0008417696900279691
28027,4441,4441,fineweb-edu-sample,fit,approx_spectrum_matched,0.005,1,0.1,0.0008407624901469577,0.0008069221311372103
28027,4441,4441,fineweb-edu-sample,fit,approx_spectrum_matched,0.01,-1,-0.1,0.0015912227441071292,0.0015912227425064643
28027,4441,4441,fineweb-edu-sample,fit,approx_spectrum_matched,0.01,-1,0.1,0.0015280205627912278,0.0015279844878194411
28027,4441,4441,fineweb-edu-sample,fit,approx_spectrum_matched,0.01,1,-0.1,0.0017929810143766302,0.001693020409529709
28027,4441,4441,fineweb-edu-sample,fit,approx_spectrum_matched,0.01,1,0.1,0.0017345384054922007,0.0016275242498537052
28027,4441,4441,fineweb-edu-sample,fit,leading_pc,0.005,-1,-0.1,0.00357832586187072,0.002310901928451428
28027,4441,4441,fineweb-edu-sample,fit,leading_pc,0.005,-1,0.1,0.003467537028224177,0.0021640825581283
28027,4441,4441,fineweb-edu-sample,fit,leading_pc,0.005,1,-0.1,0.003383118775049053,0.0022664303996168325
28027,4441,4441,fineweb-edu-sample,fit,leading_pc,0.005,1,0.1,0.0032997382857626544,0.002130995823145845
28027,4441,4441,fineweb-edu-sample,fit,leading_pc,0.01,-1,-0.1,0.00729919932702111,0.004630558168388231
28027,4441,4441,fineweb-edu-sample,fit,leading_pc,0.01,-1,0.1,0.007057874765547322,0.004297069847503157
28027,4441,4441,fineweb-edu-sample,fit,leading_pc,0.01,1,-0.1,0.006523972312205492,0.004415407696209128
28027,4441,4441,fineweb-edu-sample,fit,leading_pc,0.01,1,0.1,0.0063803097729578625,0.004177539646034879
28027,4441,4441,fineweb-edu-sample,fit,shuffled_labels,0.005,-1,-0.1,0.0004899911909736729,0.00012746468476644275
28027,4441,4441,fineweb-edu-sample,fit,shuffled_labels,0.005,-1,0.1,0.0005001394452520074,0.00014216177998643484
28027,4441,4441,fineweb-edu-sample,fit,shuffled_labels,0.005,1,-0.1,0.0005509902367070629,0.00012926589867791335
28027,4441,4441,fineweb-edu-sample,fit,shuffled_labels,0.005,1,0.1,0.0005678137557098906,0.00013490464076325082
28027,4441,4441,fineweb-edu-sample,fit,shuffled_labels,0.01,-1,-0.1,0.0008989948672180103,0.00025035566804409477
28027,4441,4441,fineweb-edu-sample,fit,shuffled_labels,0.01,-1,0.1,0.0009313824767875513,0.0002792803156685681
28027,4441,4441,fineweb-edu-sample,fit,shuffled_labels,0.01,1,-0.1,0.0011681187807851875,0.00024805477444002176
28027,4441,4441,fineweb-edu-sample,fit,shuffled_labels,0.01,1,0.1,0.0011908371987603375,0.0002608819843605718
1645,4577,4577,fineweb-edu-sample,check,learned,0.005,-1,-0.1,0.028770362831247162,0.022043577628879443
1645,4577,4577,fineweb-edu-sample,check,learned,0.005,-1,0.1,0.027272555927543324,0.02101079277322678
1645,4577,4577,fineweb-edu-sample,check,learned,0.005,1,-0.1,0.029683466683238943,0.01239812223811651
1645,4577,4577,fineweb-edu-sample,check,learned,0.005,1,0.1,0.02950636600614706,0.012387699459046267
1645,4577,4577,fineweb-edu-sample,check,learned,0.01,-1,-0.1,0.05880485756571298,0.05557597242284883
1645,4577,4577,fineweb-edu-sample,check,learned,0.01,-1,0.1,0.05455869338845333,0.051803930843886556
1645,4577,4577,fineweb-edu-sample,check,learned,0.01,1,-0.1,0.06040807379331857,0.019614307911940847
1645,4577,4577,fineweb-edu-sample,check,learned,0.01,1,0.1,0.060857281813062096,0.01976434905140904
1645,4577,4577,fineweb-edu-sample,check,random_0,0.005,-1,-0.1,0.012252462046406828,0.009815203757873427
1645,4577,4577,fineweb-edu-sample,check,random_0,0.005,-1,0.1,0.012299527713025948,0.009187391902025438
1645,4577,4577,fineweb-edu-sample,check,random_0,0.005,1,-0.1,0.014111366626918384,0.007151105497748248
1645,4577,4577,fineweb-edu-sample,check,random_0,0.005,1,0.1,0.015011266734847234,0.007351206374222025
1645,4577,4577,fineweb-edu-sample,check,random_0,0.01,-1,-0.1,0.02418145828376885,0.02276568820446174
1645,4577,4577,fineweb-edu-sample,check,random_0,0.01,-1,0.1,0.022312076280322075,0.020320391001088976
1645,4577,4577,fineweb-edu-sample,check,random_0,0.01,1,-0.1,0.02804414372597068,0.01167251133860295
1645,4577,4577,fineweb-edu-sample,check,random_0,0.01,1,0.1,0.030165912641929592,0.012943175315546259
1645,4577,4577,fineweb-edu-sample,check,random_1,0.005,-1,-0.1,0.011620747302229584,0.008413083487064925
1645,4577,4577,fineweb-edu-sample,check,random_1,0.005,-1,0.1,0.010350458808095911,0.0078053022431665104
1645,4577,4577,fineweb-edu-sample,check,random_1,0.005,1,-0.1,0.004262002209460007,0.0004097988757596552
1645,4577,4577,fineweb-edu-sample,check,random_1,0.005,1,0.1,0.005450270411597572,0.00025920989724811846
1645,4577,4577,fineweb-edu-sample,check,random_1,0.01,-1,-0.1,0.036402876271568865,0.02385635737353766
1645,4577,4577,fineweb-edu-sample,check,random_1,0.01,-1,0.1,0.03323490811279663,0.022268698972741873
1645,4577,4577,fineweb-edu-sample,check,random_1,0.01,1,-0.1,0.020870227065032127,0.007072114604634126
1645,4577,4577,fineweb-edu-sample,check,random_1,0.01,1,0.1,0.022999918736633273,0.006869346594049136
1645,4577,4577,fineweb-edu-sample,check,random_2,0.005,-1,-0.1,0.029478876481822704,0.017215013261270878
1645,4577,4577,fineweb-edu-sample,check,random_2,0.005,-1,0.1,0.02727217760457881,0.01615727542177689
1645,4577,4577,fineweb-edu-sample,check,random_2,0.005,1,-0.1,0.027864144218605245,0.01656763662473666
1645,4577,4577,fineweb-edu-sample,check,random_2,0.005,1,0.1,0.0269232218021388,0.015384850519162345
1645,4577,4577,fineweb-edu-sample,check,random_2,0.01,-1,-0.1,0.057223574633016173,0.03361313389884187
1645,4577,4577,fineweb-edu-sample,check,random_2,0.01,-1,0.1,0.05206933917757168,0.0317834711968523
1645,4577,4577,fineweb-edu-sample,check,random_2,0.01,1,-0.1,0.05156999425757203,0.0311819745711398
1645,4577,4577,fineweb-edu-sample,check,random_2,0.01,1,0.1,0.05055834497099842,0.028586853259118056
1645,4577,4577,fineweb-edu-sample,check,approx_spectrum_matched,0.005,-1,-0.1,0.01262593483423762,0.00932367232801588
1645,4577,4577,fineweb-edu-sample,check,approx_spectrum_matched,0.005,-1,0.1,0.013795267694202517,0.009050410193322957
1645,4577,4577,fineweb-edu-sample,check,approx_spectrum_matched,0.005,1,-0.1,0.015412373705300329,0.013032136744090624
1645,4577,4577,fineweb-edu-sample,check,approx_spectrum_matched,0.005,1,0.1,0.01602801665023991,0.011754338337715938
1645,4577,4577,fineweb-edu-sample,check,approx_spectrum_matched,0.01,-1,-0.1,0.02250459566089488,0.012823239198161961
1645,4577,4577,fineweb-edu-sample,check,approx_spectrum_matched,0.01,-1,0.1,0.025300603857316414,0.013252839905256393
1645,4577,4577,fineweb-edu-sample,check,approx_spectrum_matched,0.01,1,-0.1,0.0321723854729194,0.02697275801599317
1645,4577,4577,fineweb-edu-sample,check,approx_spectrum_matched,0.01,1,0.1,0.0333803520833269,0.02357716687590887
1645,4577,4577,fineweb-edu-sample,check,leading_pc,0.005,-1,-0.1,0.03816028043365307,0.0031973425186013166
1645,4577,4577,fineweb-edu-sample,check,leading_pc,0.005,-1,0.1,0.03750282270386947,0.0021464645226587616
1645,4577,4577,fineweb-edu-sample,check,leading_pc,0.005,1,-0.1,0.03347435819230573,0.001652395504213701
1645,4577,4577,fineweb-edu-sample,check,leading_pc,0.005,1,0.1,0.03478024780477373,0.002068108804653942
1645,4577,4577,fineweb-edu-sample,check,leading_pc,0.01,-1,-0.1,0.0768297562332827,0.009846425857775745
1645,4577,4577,fineweb-edu-sample,check,leading_pc,0.01,-1,0.1,0.07300268632745129,0.006905976093408349
1645,4577,4577,fineweb-edu-sample,check,leading_pc,0.01,1,-0.1,0.05984037735218986,0.008764778369027507
1645,4577,4577,fineweb-edu-sample,check,leading_pc,0.01,1,0.1,0.06289327610885846,0.00890533971154127
1645,4577,4577,fineweb-edu-sample,check,shuffled_labels,0.005,-1,-0.1,0.011159486140437594,0.006357420670847951
1645,4577,4577,fineweb-edu-sample,check,shuffled_labels,0.005,-1,0.1,0.006308484311324523,0.005117681323762123
1645,4577,4577,fineweb-edu-sample,check,shuffled_labels,0.005,1,-0.1,0.01410495485257678,0.007839870804694159
1645,4577,4577,fineweb-edu-sample,check,shuffled_labels,0.005,1,0.1,0.009455098909985431,0.006077682095802845
1645,4577,4577,fineweb-edu-sample,check,shuffled_labels,0.01,-1,-0.1,0.018853840900319427,0.01020410769644524
1645,4577,4577,fineweb-edu-sample,check,shuffled_labels,0.01,-1,0.1,0.010178450711803106,0.008725042234598364
1645,4577,4577,fineweb-edu-sample,check,shuffled_labels,0.01,1,-0.1,0.03011969579655466,0.016079793119410647
1645,4577,4577,fineweb-edu-sample,check,shuffled_labels,0.01,1,0.1,0.021916918065347128,0.012400341251867774
28027,4598,4598,fineweb-edu-sample,check,learned,0.005,-1,-0.1,0.001284680102015594,0.0007468321036042088
28027,4598,4598,fineweb-edu-sample,check,learned,0.005,-1,0.1,0.0012769276203847988,0.0006769892130392096
28027,4598,4598,fineweb-edu-sample,check,learned,0.005,1,-0.1,0.001335605558602358,0.0007455819333035212
28027,4598,4598,fineweb-edu-sample,check,learned,0.005,1,0.1,0.001311765935562844,0.0006602761628963588
28027,4598,4598,fineweb-edu-sample,check,learned,0.01,-1,-0.1,0.0024725045832514297,0.001438613351969958
28027,4598,4598,fineweb-edu-sample,check,learned,0.01,-1,0.1,0.0024779593865496803,0.0013364280561856381
28027,4598,4598,fineweb-edu-sample,check,learned,0.01,1,-0.1,0.0026839833642561713,0.001463341627252906
28027,4598,4598,fineweb-edu-sample,check,learned,0.01,1,0.1,0.002603014608344019,0.0012653749406474455
28027,4598,4598,fineweb-edu-sample,check,random_0,0.005,-1,-0.1,0.00025194786754979815,0.0002348333143660077
28027,4598,4598,fineweb-edu-sample,check,random_0,0.005,-1,0.1,0.00023646988815017033,0.00022223260713198867
28027,4598,4598,fineweb-edu-sample,check,random_0,0.005,1,-0.1,0.00019028610844458357,0.00016477974934319222
28027,4598,4598,fineweb-edu-sample,check,random_0,0.005,1,0.1,0.00017365385420235882,0.00013062909874858624
28027,4598,4598,fineweb-edu-sample,check,random_0,0.01,-1,-0.1,0.0005965128027881583,0.0005777656321569823
28027,4598,4598,fineweb-edu-sample,check,random_0,0.01,-1,0.1,0.0005407924132059144,0.0005219857405457183
28027,4598,4598,fineweb-edu-sample,check,random_0,0.01,1,-0.1,0.0003263078584302118,0.00024097739600847083
28027,4598,4598,fineweb-edu-sample,check,random_0,0.01,1,0.1,0.00030187558365528264,0.00018641528102770417
28027,4598,4598,fineweb-edu-sample,check,random_1,0.005,-1,-0.1,0.0005088924913436065,0.00029327754955351195
28027,4598,4598,fineweb-edu-sample,check,random_1,0.005,-1,0.1,0.0005131186588739706,0.0002861787349259388
28027,4598,4598,fineweb-edu-sample,check,random_1,0.005,1,-0.1,0.00048690677884460047,0.00029197565976259567
28027,4598,4598,fineweb-edu-sample,check,random_1,0.005,1,0.1,0.000507871867985597,0.0002773994340671209
28027,4598,4598,fineweb-edu-sample,check,random_1,0.01,-1,-0.1,0.0009974850962179021,0.0005688563746312124
28027,4598,4598,fineweb-edu-sample,check,random_1,0.01,-1,0.1,0.0010153512520594116,0.0005386692038398145
28027,4598,4598,fineweb-edu-sample,check,random_1,0.01,1,-0.1,0.0009363694146443729,0.0005685981405488537
28027,4598,4598,fineweb-edu-sample,check,random_1,0.01,1,0.1,0.0009820346375488075,0.0005553822539826653
28027,4598,4598,fineweb-edu-sample,check,random_2,0.005,-1,-0.1,0.0006193015182324315,0.000581977681975944
28027,4598,4598,fineweb-edu-sample,check,random_2,0.005,-1,0.1,0.0006646160690080654,0.000614200193495537
28027,4598,4598,fineweb-edu-sample,check,random_2,0.005,1,-0.1,0.0005673947439343654,0.0005346089878803385
28027,4598,4598,fineweb-edu-sample,check,random_2,0.005,1,0.1,0.000611993139285056,0.0005620049360312688
28027,4598,4598,fineweb-edu-sample,check,random_2,0.01,-1,-0.1,0.0012487527630581914,0.001169432058261426
28027,4598,4598,fineweb-edu-sample,check,random_2,0.01,-1,0.1,0.0013384024844850936,0.0012307819493630877
28027,4598,4598,fineweb-edu-sample,check,random_2,0.01,1,-0.1,0.00109211377098423,0.0010275029971337877
28027,4598,4598,fineweb-edu-sample,check,random_2,0.01,1,0.1,0.001175275141755778,0.0010810572836851607
28027,4598,4598,fineweb-edu-sample,check,approx_spectrum_matched,0.005,-1,-0.1,0.0007590775798630803,0.000744064929192591
28027,4598,4598,fineweb-edu-sample,check,approx_spectrum_matched,0.005,-1,0.1,0.0007807328633249451,0.0007679391264593017
28027,4598,4598,fineweb-edu-sample,check,approx_spectrum_matched,0.005,1,-0.1,0.0008103854167314861,0.0007972495829188821
28027,4598,4598,fineweb-edu-sample,check,approx_spectrum_matched,0.005,1,0.1,0.0008237721770688839,0.0008183409198214537
28027,4598,4598,fineweb-edu-sample,check,approx_spectrum_matched,0.01,-1,-0.1,0.0013880024475666575,0.0013435675848042228
28027,4598,4598,fineweb-edu-sample,check,approx_spectrum_matched,0.01,-1,0.1,0.0014009480577004498,0.0013648190832525706
28027,4598,4598,fineweb-edu-sample,check,approx_spectrum_matched,0.01,1,-0.1,0.0016045508731763315,0.001585231263322377
28027,4598,4598,fineweb-edu-sample,check,approx_spectrum_matched,0.01,1,0.1,0.001648669422139476,0.0016401275741556034
28027,4598,4598,fineweb-edu-sample,check,leading_pc,0.005,-1,-0.1,0.000703199179551914,7.815172286166411e-05
28027,4598,4598,fineweb-edu-sample,check,leading_pc,0.005,-1,0.1,0.0007129238581525065,8.361040644914658e-05
28027,4598,4598,fineweb-edu-sample,check,leading_pc,0.005,1,-0.1,0.0005517302647740751,0.00011816668063351318
28027,4598,4598,fineweb-edu-sample,check,leading_pc,0.005,1,0.1,0.0005417392682000951,0.00010728012405627808
28027,4598,4598,fineweb-edu-sample,check,leading_pc,0.01,-1,-0.1,0.0015901080785662369,9.039501010179041e-05
28027,4598,4598,fineweb-edu-sample,check,leading_pc,0.01,-1,0.1,0.0016060596107842855,0.00011291791001660821
28027,4598,4598,fineweb-edu-sample,check,leading_pc,0.01,1,-0.1,0.0009801294704005464,0.0002559241470001206
28027,4598,4598,fineweb-edu-sample,check,leading_pc,0.01,1,0.1,0.0009714775112486599,0.00024522826951548177
28027,4598,4598,fineweb-edu-sample,check,shuffled_labels,0.005,-1,-0.1,0.0004013422534572501,0.0003235890467611172
28027,4598,4598,fineweb-edu-sample,check,shuffled_labels,0.005,-1,0.1,0.0003870980966873591,0.00031140868159762664
28027,4598,4598,fineweb-edu-sample,check,shuffled_labels,0.005,1,-0.1,0.0004314122096793068,0.00036722176470601193
28027,4598,4598,fineweb-edu-sample,check,shuffled_labels,0.005,1,0.1,0.0004389660942026145,0.00036577087747862987
28027,4598,4598,fineweb-edu-sample,check,shuffled_labels,0.01,-1,-0.1,0.0007416418338259944,0.0005870857992157739
28027,4598,4598,fineweb-edu-sample,check,shuffled_labels,0.01,-1,0.1,0.0007239242422874727,0.000565661775095864
28027,4598,4598,fineweb-edu-sample,check,shuffled_labels,0.01,1,-0.1,0.0009125185740273778,0.0007897008386811494
28027,4598,4598,fineweb-edu-sample,check,shuffled_labels,0.01,1,0.1,0.0009146012649112053,0.0007741895868622858
2966,4600,4600,fineweb-edu-sample,check,learned,0.005,-1,-0.1,0.0001726809001954971,0.00010904211099518562
2966,4600,4600,fineweb-edu-sample,check,learned,0.005,-1,0.1,0.00017071835788313303,0.00011325464473704518
2966,4600,4600,fineweb-edu-sample,check,learned,0.005,1,-0.1,0.00023372026288532162,0.00014815334022946362
2966,4600,4600,fineweb-edu-sample,check,learned,0.005,1,0.1,0.00022451081458797805,0.00013670537860557952
2966,4600,4600,fineweb-edu-sample,check,learned,0.01,-1,-0.1,0.00028244864535117563,0.00017700561535994452
2966,4600,4600,fineweb-edu-sample,check,learned,0.01,-1,0.1,0.00029373323762163663,0.00019167337452431727
2966,4600,4600,fineweb-edu-sample,check,learned,0.01,1,-0.1,0.0005254641633989339,0.000318476874477721
2966,4600,4600,fineweb-edu-sample,check,learned,0.01,1,0.1,0.0005151130373650475,0.0003114676382138163
2966,4600,4600,fineweb-edu-sample,check,random_0,0.005,-1,-0.1,0.00024534465011925464,7.949838488662191e-05
2966,4600,4600,fineweb-edu-sample,check,random_0,0.005,-1,0.1,0.0002448492643582294,7.411289975863954e-05
2966,4600,4600,fineweb-edu-sample,check,random_0,0.005,1,-0.1,0.00026720926454257813,1.0418444906054996e-05
2966,4600,4600,fineweb-edu-sample,check,random_0,0.005,1,0.1,0.0002643484743969996,1.7464591899183218e-05
2966,4600,4600,fineweb-edu-sample,check,random_0,0.01,-1,-0.1,0.0004870288777034494,0.00022879928088843154
2966,4600,4600,fineweb-edu-sample,check,random_0,0.01,-1,0.1,0.0004902637364729765,0.0002172695373548472
2966,4600,4600,fineweb-edu-sample,check,random_0,0.01,1,-0.1,0.0005533826190396257,2.9170284230105713e-05
2966,4600,4600,fineweb-edu-sample,check,random_0,0.01,1,0.1,0.0005555437350869212,2.0565781114926006e-05
2966,4600,4600,fineweb-edu-sample,check,random_1,0.005,-1,-0.1,0.0001450369020536017,0.0001067187968086307
2966,4600,4600,fineweb-edu-sample,check,random_1,0.005,-1,0.1,0.0001526355668925671,0.00011280130904401181
2966,4600,4600,fineweb-edu-sample,check,random_1,0.005,1,-0.1,0.00018591024086040775,0.00016228480881248287
2966,4600,4600,fineweb-edu-sample,check,random_1,0.005,1,0.1,0.00018143387565713678,0.0001566197504463797
2966,4600,4600,fineweb-edu-sample,check,random_1,0.01,-1,-0.1,0.00026203839699507925,0.00015951705989036664
2966,4600,4600,fineweb-edu-sample,check,random_1,0.01,-1,0.1,0.000270147503893083,0.00017044612091739102
2966,4600,4600,fineweb-edu-sample,check,random_1,0.01,1,-0.1,0.00040229798991020424,0.0003660848789518198
2966,4600,4600,fineweb-edu-sample,check,random_1,0.01,1,0.1,0.00039508944072271266,0.0003586440036098986
2966,4600,4600,fineweb-edu-sample,check,random_2,0.005,-1,-0.1,0.00021952124446950142,0.00019780360497638193
2966,4600,4600,fineweb-edu-sample,check,random_2,0.005,-1,0.1,0.00022030702385560092,0.00019637068827270607
2966,4600,4600,fineweb-edu-sample,check,random_2,0.005,1,-0.1,0.00024700348901246635,0.0002299614242341552
2966,4600,4600,fineweb-edu-sample,check,random_2,0.005,1,0.1,0.00023084828904647086,0.00021592352060303589
2966,4600,4600,fineweb-edu-sample,check,random_2,0.01,-1,-0.1,0.00041649808277260524,0.000359657594121789
2966,4600,4600,fineweb-edu-sample,check,random_2,0.01,-1,0.1,0.00041749591687270204,0.00036401064406911657
2966,4600,4600,fineweb-edu-sample,check,random_2,0.01,1,-0.1,0.0005179751041690213,0.0004916372054954136
2966,4600,4600,fineweb-edu-sample,check,random_2,0.01,1,0.1,0.0004994959705234435,0.00047422251534295885
2966,4600,4600,fineweb-edu-sample,check,approx_spectrum_matched,0.005,-1,-0.1,0.00040832966608185853,0.0004081068153273113
2966,4600,4600,fineweb-edu-sample,check,approx_spectrum_matched,0.005,-1,0.1,0.000417819291718088,0.0004176598675576061
2966,4600,4600,fineweb-edu-sample,check,approx_spectrum_matched,0.005,1,-0.1,0.0004916568023854756,0.000489692195711776
2966,4600,4600,fineweb-edu-sample,check,approx_spectrum_matched,0.005,1,0.1,0.00048155359422502863,0.000479689297092246
2966,4600,4600,fineweb-edu-sample,check,approx_spectrum_matched,0.01,-1,-0.1,0.0007256910125195736,0.0007254925393164114
2966,4600,4600,fineweb-edu-sample,check,approx_spectrum_matched,0.01,-1,0.1,0.0007360518673474083,0.000735910360063235
2966,4600,4600,fineweb-edu-sample,check,approx_spectrum_matched,0.01,1,-0.1,0.001048286339401003,0.0010430416441273367
2966,4600,4600,fineweb-edu-sample,check,approx_spectrum_matched,0.01,1,0.1,0.0010383078479752849,0.0010329380169600288
2966,4600,4600,fineweb-edu-sample,check,leading_pc,0.005,-1,-0.1,0.00034711780073280496,0.00013091082849751566
2966,4600,4600,fineweb-edu-sample,check,leading_pc,0.005,-1,0.1,0.00034379000127912,0.00011826907257065223
2966,4600,4600,fineweb-edu-sample,check,leading_pc,0.005,1,-0.1,0.00034278456572729715,0.00011942846323981082
2966,4600,4600,fineweb-edu-sample,check,leading_pc,0.005,1,0.1,0.0003463636934380679,0.00012292956966828002
2966,4600,4600,fineweb-edu-sample,check,leading_pc,0.01,-1,-0.1,0.0006897149094291214,0.0002642898744104676
2966,4600,4600,fineweb-edu-sample,check,leading_pc,0.01,-1,0.1,0.0006796888437151644,0.00024340764128457417
2966,4600,4600,fineweb-edu-sample,check,leading_pc,0.01,1,-0.1,0.0006811004162977744,0.0002357449108258016
2966,4600,4600,fineweb-edu-sample,check,leading_pc,0.01,1,0.1,0.0006857183607803613,0.0002457143271769013
2966,4600,4600,fineweb-edu-sample,check,shuffled_labels,0.005,-1,-0.1,9.159246218523384e-05,8.716561345372155e-05
2966,4600,4600,fineweb-edu-sample,check,shuffled_labels,0.005,-1,0.1,9.656629420909675e-05,9.36426603211595e-05
2966,4600,4600,fineweb-edu-sample,check,shuffled_labels,0.005,1,-0.1,0.0001698531172364495,0.00016774250626537011
2966,4600,4600,fineweb-edu-sample,check,shuffled_labels,0.005,1,0.1,0.00016252244500034258,0.00016037799415603192
2966,4600,4600,fineweb-edu-sample,check,shuffled_labels,0.01,-1,-0.1,0.00011920928955078125,0.00010461429622273464
2966,4600,4600,fineweb-edu-sample,check,shuffled_labels,0.01,-1,0.1,0.00013268416990062744,0.00012122348607202908
2966,4600,4600,fineweb-edu-sample,check,shuffled_labels,0.01,1,-0.1,0.000401074193776132,0.0003979548367616146
2966,4600,4600,fineweb-edu-sample,check,shuffled_labels,0.01,1,0.1,0.000401782208543114,0.0003987334091788844
28027,4683,4683,fineweb-edu-sample,fit,learned,0.005,-1,-0.1,0.0012729251668025562,0.00017847213915322626
28027,4683,4683,fineweb-edu-sample,fit,learned,0.005,-1,0.1,0.0012747145151359486,0.0002067916119267688
28027,4683,4683,fineweb-edu-sample,fit,learned,0.005,1,-0.1,0.0011465375698261687,0.0001224049238603651
28027,4683,4683,fineweb-edu-sample,fit,learned,0.005,1,0.1,0.001124083602331655,0.00014673749928794565
28027,4683,4683,fineweb-edu-sample,fit,learned,0.01,-1,-0.1,0.0026978037269121693,0.0003483377378740427
28027,4683,4683,fineweb-edu-sample,fit,learned,0.01,-1,0.1,0.00270916633404829,0.00046359145208838356
28027,4683,4683,fineweb-edu-sample,fit,learned,0.01,1,-0.1,0.0021542669540204557,0.00017874691108233146
28027,4683,4683,fineweb-edu-sample,fit,learned,0.01,1,0.1,0.0020880470483698992,0.0002214211230985553
28027,4683,4683,fineweb-edu-sample,fit,random_0,0.005,-1,-0.1,0.0005182629861383987,0.0005181384502368026
28027,4683,4683,fineweb-edu-sample,fit,random_0,0.005,-1,0.1,0.0005611382723543329,0.0005611102620686463
28027,4683,4683,fineweb-edu-sample,fit,random_0,0.005,1,-0.1,0.000565252992651114,0.0005625189500943292
28027,4683,4683,fineweb-edu-sample,fit,random_0,0.005,1,0.1,0.0005996672327501018,0.0005980649848501277
28027,4683,4683,fineweb-edu-sample,fit,random_0,0.01,-1,-0.1,0.0010049067919980475,0.0010028697451956931
28027,4683,4683,fineweb-edu-sample,fit,random_0,0.01,-1,0.1,0.0010488987955314534,0.0010451314179143539
28027,4683,4683,fineweb-edu-sample,fit,random_0,0.01,1,-0.1,0.001174224935735549,0.001160386370637791
28027,4683,4683,fineweb-edu-sample,fit,random_0,0.01,1,0.1,0.0012407875524289853,0.0012287990628965545
28027,4683,4683,fineweb-edu-sample,fit,random_1,0.005,-1,-0.1,0.0012489872608771513,0.0012352508542754388
28027,4683,4683,fineweb-edu-sample,fit,random_1,0.005,-1,0.1,0.0012995516814012875,0.0012622976327867597
28027,4683,4683,fineweb-edu-sample,fit,random_1,0.005,1,-0.1,0.0011531799706291292,0.0011369403137996572
28027,4683,4683,fineweb-edu-sample,fit,random_1,0.005,1,0.1,0.001169897301389989,0.0011238917660687181
28027,4683,4683,fineweb-edu-sample,fit,random_1,0.01,-1,-0.1,0.002636778416057858,0.0026190179580075483
28027,4683,4683,fineweb-edu-sample,fit,random_1,0.01,-1,0.1,0.0026734731615912543,0.0026102371981514033
28027,4683,4683,fineweb-edu-sample,fit,random_1,0.01,1,-0.1,0.0021953173139745955,0.002155399243445404
28027,4683,4683,fineweb-edu-sample,fit,random_1,0.01,1,0.1,0.0022405520148508504,0.00214578554801008
28027,4683,4683,fineweb-edu-sample,fit,random_2,0.005,-1,-0.1,0.0012405957670248635,0.0008766522581507102
28027,4683,4683,fineweb-edu-sample,fit,random_2,0.005,-1,0.1,0.001129899328333088,0.0007756375122000679
28027,4683,4683,fineweb-edu-sample,fit,random_2,0.005,1,-0.1,0.0011578741285057487,0.0007798018186824273
28027,4683,4683,fineweb-edu-sample,fit,random_2,0.005,1,0.1,0.0010858179954650739,0.0006990338034498603
28027,4683,4683,fineweb-edu-sample,fit,random_2,0.01,-1,-0.1,0.0025162074692382883,0.0018169423963854785
28027,4683,4683,fineweb-edu-sample,fit,random_2,0.01,-1,0.1,0.0023516657752825033,0.0016506616930096396
28027,4683,4683,fineweb-edu-sample,fit,random_2,0.01,1,-0.1,0.0022247114461881622,0.0014644615034392489
28027,4683,4683,fineweb-edu-sample,fit,random_2,0.01,1,0.1,0.0021048134998568843,0.0013073136401786502
28027,4683,4683,fineweb-edu-sample,fit,approx_spectrum_matched,0.005,-1,-0.1,0.0011406558795339188,0.0004310540710512161
28027,4683,4683,fineweb-edu-sample,fit,approx_spectrum_matched,0.005,-1,0.1,0.0012341526742758377,0.00039689230949059925
28027,4683,4683,fineweb-edu-sample,fit,approx_spectrum_matched,0.005,1,-0.1,0.0009737795846082134,0.0003932303155621964
28027,4683,4683,fineweb-edu-sample,fit,approx_spectrum_matched,0.005,1,0.1,0.001072718395652534,0.00036612486841847836
28027,4683,4683,fineweb-edu-sample,fit,approx_spectrum_matched,0.01,-1,-0.1,0.002448422995555189,0.0008917272166336493
28027,4683,4683,fineweb-edu-sample,fit,approx_spectrum_matched,0.01,-1,0.1,0.0026566922680622707,0.0008166013723354308
28027,4683,4683,fineweb-edu-sample,fit,approx_spectrum_matched,0.01,1,-0.1,0.0018417572741813793,0.000771105719912582
28027,4683,4683,fineweb-edu-sample,fit,approx_spectrum_matched,0.01,1,0.1,0.0020157470128086175,0.0006751387303935493
28027,4683,4683,fineweb-edu-sample,fit,leading_pc,0.005,-1,-0.1,0.0006580188652424215,0.0003644116114144925
28027,4683,4683,fineweb-edu-sample,fit,leading_pc,0.005,-1,0.1,0.0008016232553755257,0.0004172052720835955
28027,4683,4683,fineweb-edu-sample,fit,leading_pc,0.005,1,-0.1,0.0003795710639343136,2.9193174882080964e-05
28027,4683,4683,fineweb-edu-sample,fit,leading_pc,0.005,1,0.1,0.0005022172911838517,7.111994616271524e-05
28027,4683,4683,fineweb-edu-sample,fit,leading_pc,0.01,-1,-0.1,0.0018178006258175352,0.0011992819198737255
28027,4683,4683,fineweb-edu-sample,fit,leading_pc,0.01,-1,0.1,0.002175283452389406,0.001386233739399989
28027,4683,4683,fineweb-edu-sample,fit,leading_pc,0.01,1,-0.1,0.0006681058656492434,0.00014212664906113298
28027,4683,4683,fineweb-edu-sample,fit,leading_pc,0.01,1,0.1,0.000894692521897766,9.947576055070077e-05
28027,4683,4683,fineweb-edu-sample,fit,shuffled_labels,0.005,-1,-0.1,0.0003633749445106191,0.00021609077919781304
28027,4683,4683,fineweb-edu-sample,fit,shuffled_labels,0.005,-1,0.1,0.0003848592848716684,0.0002120572528651227
28027,4683,4683,fineweb-edu-sample,fit,shuffled_labels,0.005,1,-0.1,0.0003629532724157112,0.00021772099366107527
28027,4683,4683,fineweb-edu-sample,fit,shuffled_labels,0.005,1,0.1,0.00041223668568708395,0.00021738126438564036
28027,4683,4683,fineweb-edu-sample,fit,shuffled_labels,0.01,-1,-0.1,0.000724617409894524,0.0004309114095161691
28027,4683,4683,fineweb-edu-sample,fit,shuffled_labels,0.01,-1,0.1,0.0007925699162448829,0.00042255386069134024
28027,4683,4683,fineweb-edu-sample,fit,shuffled_labels,0.01,1,-0.1,0.0007213422570528619,0.00041825888559744517
28027,4683,4683,fineweb-edu-sample,fit,shuffled_labels,0.01,1,0.1,0.0007731471562173109,0.0004158842536451522
1645,4759,4759,fineweb-edu-sample,check,learned,0.005,-1,-0.1,0.0021456443566014185,0.0011795906305494507
1645,4759,4759,fineweb-edu-sample,check,learned,0.005,-1,0.1,0.002158482758274366,0.0012607463244123005
1645,4759,4759,fineweb-edu-sample,check,learned,0.005,1,-0.1,0.0019327320168877381,0.0011664286579862015
1645,4759,4759,fineweb-edu-sample,check,learned,0.005,1,0.1,0.001970071690368901,0.0012112897953238879
1645,4759,4759,fineweb-edu-sample,check,learned,0.01,-1,-0.1,0.004426433013006648,0.0023884578805167373
1645,4759,4759,fineweb-edu-sample,check,learned,0.01,-1,0.1,0.004480766294227444,0.0025696819605895813
1645,4759,4759,fineweb-edu-sample,check,learned,0.01,1,-0.1,0.0036396971227424103,0.002317841316987398
1645,4759,4759,fineweb-edu-sample,check,learned,0.01,1,0.1,0.003673148196299576,0.0024058760567641033
1645,4759,4759,fineweb-edu-sample,check,random_0,0.005,-1,-0.1,0.0023931415677337768,0.0021971764269105645
1645,4759,4759,fineweb-edu-sample,check,random_0,0.005,-1,0.1,0.0025481839109929073,0.0023589859939861114
1645,4759,4759,fineweb-edu-sample,check,random_0,0.005,1,-0.1,0.00209057287240762,0.0018686791960962905
1645,4759,4759,fineweb-edu-sample,check,random_0,0.005,1,0.1,0.0022595109372304024,0.002033431668769322
1645,4759,4759,fineweb-edu-sample,check,random_0,0.01,-1,-0.1,0.005077178138150238,0.004721219476689454
1645,4759,4759,fineweb-edu-sample,check,random_0,0.01,-1,0.1,0.005409638631025486,0.005059010262122418
1645,4759,4759,fineweb-edu-sample,check,random_0,0.01,1,-0.1,0.003871481529104269,0.003405589740503756
1645,4759,4759,fineweb-edu-sample,check,random_0,0.01,1,0.1,0.004186430521178533,0.0037153564608147964
1645,4759,4759,fineweb-edu-sample,check,random_1,0.005,-1,-0.1,0.0018906132113975511,0.0012681004875757238
1645,4759,4759,fineweb-edu-sample,check,random_1,0.005,-1,0.1,0.001803522191453089,0.00113224372248484
1645,4759,4759,fineweb-edu-sample,check,random_1,0.005,1,-0.1,0.001983877730300978,0.0013173761801274432
1645,4759,4759,fineweb-edu-sample,check,random_1,0.005,1,0.1,0.0018637041857808795,0.00120466054662861
1645,4759,4759,fineweb-edu-sample,check,random_1,0.01,-1,-0.1,0.0037089919730562532,0.0024640770048856343
1645,4759,4759,fineweb-edu-sample,check,random_1,0.01,-1,0.1,0.003512024310944432,0.0021910401738972313
1645,4759,4759,fineweb-edu-sample,check,random_1,0.01,1,-0.1,0.0040532474566577,0.002682837280312858
1645,4759,4759,fineweb-edu-sample,check,random_1,0.01,1,0.1,0.0038085037557139666,0.002449629709008734
1645,4759,4759,fineweb-edu-sample,check,random_2,0.005,-1,-0.1,0.0013309994298353676,0.001323825610263485
1645,4759,4759,fineweb-edu-sample,check,random_2,0.005,-1,0.1,0.0013590553332878945,0.001356841359184938
1645,4759,4759,fineweb-edu-sample,check,random_2,0.005,1,-0.1,0.0011762227585333598,0.0011547259909491631
1645,4759,4759,fineweb-edu-sample,check,random_2,0.005,1,0.1,0.0012256760602756239,0.0012017393479651897
1645,4759,4759,fineweb-edu-sample,check,random_2,0.01,-1,-0.1,0.002848946195993868,0.0027866676351008483
1645,4759,4759,fineweb-edu-sample,check,random_2,0.01,-1,0.1,0.002962972635219872,0.002915404104866024
1645,4759,4759,fineweb-edu-sample,check,random_2,0.01,1,-0.1,0.0022889628091569496,0.002153273479370712
1645,4759,4759,fineweb-edu-sample,check,random_2,0.01,1,0.1,0.0023655676595661698,0.0022194928858000596
1645,4759,4759,fineweb-edu-sample,check,approx_spectrum_matched,0.005,-1,-0.1,0.00042210681307803296,0.0004203664226473011
1645,4759,4759,fineweb-edu-sample,check,approx_spectrum_matched,0.005,-1,0.1,0.00040167835012967117,0.0003893776467914476
1645,4759,4759,fineweb-edu-sample,check,approx_spectrum_matched,0.005,1,-0.1,0.0005218396691977677,0.0004975689770265309
1645,4759,4759,fineweb-edu-sample,check,approx_spectrum_matched,0.005,1,0.1,0.0004442818111594766,0.0004159094607392442
1645,4759,4759,fineweb-edu-sample,check,approx_spectrum_matched,0.01,-1,-0.1,0.0007915841879275353,0.0007910219406584339
1645,4759,4759,fineweb-edu-sample,check,approx_spectrum_matched,0.01,-1,0.1,0.0007061610577127198,0.0006990549278649794
1645,4759,4759,fineweb-edu-sample,check,approx_spectrum_matched,0.01,1,-0.1,0.0010958746273781069,0.0010315840109477831
1645,4759,4759,fineweb-edu-sample,check,approx_spectrum_matched,0.01,1,0.1,0.000984730643526631,0.0008873099891736696
1645,4759,4759,fineweb-edu-sample,check,leading_pc,0.005,-1,-0.1,0.0015615211323799887,0.000347677233434286
1645,4759,4759,fineweb-edu-sample,check,leading_pc,0.005,-1,0.1,0.0016440991178803144,0.000504380296314404
1645,4759,4759,fineweb-edu-sample,check,leading_pc,0.005,1,-0.1,0.0020953533985103158,0.0008220570415609661
1645,4759,4759,fineweb-edu-sample,check,leading_pc,0.005,1,0.1,0.0022111648562993806,0.0010378498422399102
1645,4759,4759,fineweb-edu-sample,check,leading_pc,0.01,-1,-0.1,0.002720529791439331,0.00011866099239839354
1645,4759,4759,fineweb-edu-sample,check,leading_pc,0.01,-1,0.1,0.002849246035411584,0.00044781836409477885
1645,4759,4759,fineweb-edu-sample,check,leading_pc,0.01,1,-0.1,0.0047949896369542345,0.002071055018636564
1645,4759,4759,fineweb-edu-sample,check,leading_pc,0.01,1,0.1,0.005016276704696578,0.0024742265688247798
1645,4759,4759,fineweb-edu-sample,check,shuffled_labels,0.005,-1,-0.1,0.0013098178612230532,0.0011693251244360864
1645,4759,4759,fineweb-edu-sample,check,shuffled_labels,0.005,-1,0.1,0.0012182233114094454,0.001136075284125333
1645,4759,4759,fineweb-edu-sample,check,shuffled_labels,0.005,1,-0.1,0.0013528918944008099,0.0012773840631229141
1645,4759,4759,fineweb-edu-sample,check,shuffled_labels,0.005,1,0.1,0.0013057099001651485,0.0012584474542186148
1645,4759,4759,fineweb-edu-sample,check,shuffled_labels,0.01,-1,-0.1,0.002569683010878038,0.002229506847171716
1645,4759,4759,fineweb-edu-sample,check,shuffled_labels,0.01,-1,0.1,0.002372505005705617,0.0021280156030876072
1645,4759,4759,fineweb-edu-sample,check,shuffled_labels,0.01,1,-0.1,0.002740907187510008,0.002631819753198133
1645,4759,4759,fineweb-edu-sample,check,shuffled_labels,0.01,1,0.1,0.0026624226533823276,0.0026011064395329046
1645,4803,4803,fineweb-edu-sample,fit,learned,0.005,-1,-0.1,0.0007438427359059052,8.500759948505621e-05
1645,4803,4803,fineweb-edu-sample,fit,learned,0.005,-1,0.1,0.0009463031333742917,0.00037313467311791396
1645,4803,4803,fineweb-edu-sample,fit,learned,0.005,1,-0.1,0.0031082705411844052,0.0030724449016595362
1645,4803,4803,fineweb-edu-sample,fit,learned,0.005,1,0.1,0.003695488099128967,0.0036502026322112625
1645,4803,4803,fineweb-edu-sample,fit,learned,0.01,-1,-0.1,0.0024385526863613624,0.0017413161767588106
1645,4803,4803,fineweb-edu-sample,fit,learned,0.01,-1,0.1,0.0022233816856328656,0.0010635976679548688
1645,4803,4803,fineweb-edu-sample,fit,learned,0.01,1,-0.1,0.009716119398917653,0.009708397724174467
1645,4803,4803,fineweb-edu-sample,fit,learned,0.01,1,0.1,0.010616862690579253,0.010603349410017402
1645,4803,4803,fineweb-edu-sample,fit,random_0,0.005,-1,-0.1,0.0016332130008057829,0.0014739442520371542
1645,4803,4803,fineweb-edu-sample,fit,random_0,0.005,-1,0.1,0.0017366849866470822,0.0016267908266530938
1645,4803,4803,fineweb-edu-sample,fit,random_0,0.005,1,-0.1,0.001333851358781691,0.0012121859125250164
1645,4803,4803,fineweb-edu-sample,fit,random_0,0.005,1,0.1,0.001427617403946218,0.0013512841102353487
1645,4803,4803,fineweb-edu-sample,fit,random_0,0.01,-1,-0.1,0.0035688660730122295,0.0032043266092862373
1645,4803,4803,fineweb-edu-sample,fit,random_0,0.01,-1,0.1,0.003777648905665537,0.003512916008223922
1645,4803,4803,fineweb-edu-sample,fit,random_0,0.01,1,-0.1,0.0023829461689799103,0.0021470536858451605
1645,4803,4803,fineweb-edu-sample,fit,random_0,0.01,1,0.1,0.00256097802556932,0.002427715486726091
1645,4803,4803,fineweb-edu-sample,fit,random_1,0.005,-1,-0.1,0.0008741695802830212,0.00033529017142506384
1645,4803,4803,fineweb-edu-sample,fit,random_1,0.005,-1,0.1,0.000883598811205418,0.0002801357991163122
1645,4803,4803,fineweb-edu-sample,fit,random_1,0.005,1,-0.1,0.0006594366548491903,5.2285909656924756e-05
1645,4803,4803,fineweb-edu-sample,fit,random_1,0.005,1,0.1,0.000695996226971428,1.0692833509746058e-05
1645,4803,4803,fineweb-edu-sample,fit,random_1,0.01,-1,-0.1,0.001983721495397346,0.000990166333905197
1645,4803,4803,fineweb-edu-sample,fit,random_1,0.01,-1,0.1,0.0019893519372800694,0.0008545291762823725
1645,4803,4803,fineweb-edu-sample,fit,random_1,0.01,1,-0.1,0.0011677804310431103,0.0001875330818406792
1645,4803,4803,fineweb-edu-sample,fit,random_1,0.01,1,0.1,0.0012681903543512547,0.0003141897022616934
1645,4803,4803,fineweb-edu-sample,fit,random_2,0.005,-1,-0.1,0.002693044224276585,0.002320047796918679
1645,4803,4803,fineweb-edu-sample,fit,random_2,0.005,-1,0.1,0.0026528796620810874,0.0022887217231009516
1645,4803,4803,fineweb-edu-sample,fit,random_2,0.005,1,-0.1,0.002642926719668352,0.0022002863870730772
1645,4803,4803,fineweb-edu-sample,fit,random_2,0.005,1,0.1,0.002589152266581373,0.0021478561763842254
1645,4803,4803,fineweb-edu-sample,fit,random_2,0.01,-1,-0.1,0.005428793391586152,0.0047481803927156225
1645,4803,4803,fineweb-edu-sample,fit,random_2,0.01,-1,0.1,0.005340160732629942,0.004684564864327276
1645,4803,4803,fineweb-edu-sample,fit,random_2,0.01,1,-0.1,0.005185479480517667,0.004233245688610363
1645,4803,4803,fineweb-edu-sample,fit,random_2,0.01,1,0.1,0.00508843745253548,0.004137803657950273
1645,4803,4803,fineweb-edu-sample,fit,approx_spectrum_matched,0.005,-1,-0.1,0.0011930432346276031,0.0008739214633274802
1645,4803,4803,fineweb-edu-sample,fit,approx_spectrum_matched,0.005,-1,0.1,0.0009663672951705842,0.0006699298136167213
1645,4803,4803,fineweb-edu-sample,fit,approx_spectrum_matched,0.005,1,-0.1,0.0008836295612257768,0.0005303470111787049
1645,4803,4803,fineweb-edu-sample,fit,approx_spectrum_matched,0.005,1,0.1,0.0006524265062684939,0.0002903682431077217
1645,4803,4803,fineweb-edu-sample,fit,approx_spectrum_matched,0.01,-1,-0.1,0.0026832707740757815,0.0020476774664338914
1645,4803,4803,fineweb-edu-sample,fit,approx_spectrum_matched,0.01,-1,0.1,0.002253221677278307,0.0016763863193988478
1645,4803,4803,fineweb-edu-sample,fit,approx_spectrum_matched,0.01,1,-0.1,0.0014949854827301997,0.0006925929446367184
1645,4803,4803,fineweb-edu-sample,fit,approx_spectrum_matched,0.01,1,0.1,0.0011152426033660644,0.00022342256963852236
1645,4803,4803,fineweb-edu-sample,fit,leading_pc,0.005,-1,-0.1,0.0019078421550269976,0.0012711358781245532
1645,4803,4803,fineweb-edu-sample,fit,leading_pc,0.005,-1,0.1,0.0016784756020835185,0.0009755768034446794
1645,4803,4803,fineweb-edu-sample,fit,leading_pc,0.005,1,-0.1,0.0017812023389867963,0.0012462181553203442
1645,4803,4803,fineweb-edu-sample,fit,leading_pc,0.005,1,0.1,0.001624663062458546,0.0010761181585802063
1645,4803,4803,fineweb-edu-sample,fit,leading_pc,0.01,-1,-0.1,0.003839682296268385,0.0022991213076760356
1645,4803,4803,fineweb-edu-sample,fit,leading_pc,0.01,-1,0.1,0.003369497668407623,0.0015049709949108623
1645,4803,4803,fineweb-edu-sample,fit,leading_pc,0.01,1,-0.1,0.003427284248972445,0.002395992570471198
1645,4803,4803,fineweb-edu-sample,fit,leading_pc,0.01,1,0.1,0.0031483478049956523,0.002114419526775894
1645,4803,4803,fineweb-edu-sample,fit,shuffled_labels,0.005,-1,-0.1,0.0007658263067922302,0.0007393489333097287
1645,4803,4803,fineweb-edu-sample,fit,shuffled_labels,0.005,-1,0.1,0.0007510755910838866,0.000702832742966261
1645,4803,4803,fineweb-edu-sample,fit,shuffled_labels,0.005,1,-0.1,0.0009118618952720025,0.0008834169611422823
1645,4803,4803,fineweb-edu-sample,fit,shuffled_labels,0.005,1,0.1,0.0008977844630414993,0.0008545983622418455
1645,4803,4803,fineweb-edu-sample,fit,shuffled_labels,0.01,-1,-0.1,0.0013320008814041182,0.0012804648310706724
1645,4803,4803,fineweb-edu-sample,fit,shuffled_labels,0.01,-1,0.1,0.001335340212988121,0.0012210366634389659
1645,4803,4803,fineweb-edu-sample,fit,shuffled_labels,0.01,1,-0.1,0.001963635391737739,0.0019004665114814006
1645,4803,4803,fineweb-edu-sample,fit,shuffled_labels,0.01,1,0.1,0.0019235214381557752,0.0018308538257479734
2966,4808,4808,fineweb-edu-sample,fit,learned,0.005,-1,-0.1,0.00012141289110442771,9.177429182427661e-05
2966,4808,4808,fineweb-edu-sample,fit,learned,0.005,-1,0.1,0.00011336295751281137,8.638325390671842e-05
2966,4808,4808,fineweb-edu-sample,fit,learned,0.005,1,-0.1,0.00014540015248517353,0.0001370348808111742
2966,4808,4808,fineweb-edu-sample,fit,learned,0.005,1,0.1,0.00013662861616033938,0.0001273083937414243
2966,4808,4808,fineweb-edu-sample,fit,learned,0.01,-1,-0.1,0.00023091131714608466,0.000138052583100149
2966,4808,4808,fineweb-edu-sample,fit,learned,0.01,-1,0.1,0.00022472136817833287,0.00013972209850332808
2966,4808,4808,fineweb-edu-sample,fit,learned,0.01,1,-0.1,0.000319234553773648,0.0003140969705111371
2966,4808,4808,fineweb-edu-sample,fit,learned,0.01,1,0.1,0.0003204359894675663,0.00031251767160709226
2966,4808,4808,fineweb-edu-sample,fit,random_0,0.005,-1,-0.1,9.29379964424535e-05,5.452493936126615e-05
2966,4808,4808,fineweb-edu-sample,fit,random_0,0.005,-1,0.1,8.891191116948444e-05,4.816280081080984e-05
2966,4808,4808,fineweb-edu-sample,fit,random_0,0.005,1,-0.1,9.960761869275299e-05,4.624569582889456e-05
2966,4808,4808,fineweb-edu-sample,fit,random_0,0.005,1,0.1,0.00010090036517102482,5.6348313199256464e-05
2966,4808,4808,fineweb-edu-sample,fit,random_0,0.01,-1,-0.1,0.0001688515321552569,0.00010618147938848233
2966,4808,4808,fineweb-edu-sample,fit,random_0,0.01,-1,0.1,0.00017476195690205778,0.00011329892380363018
2966,4808,4808,fineweb-edu-sample,fit,random_0,0.01,1,-0.1,0.00020712524009069736,9.302016224209629e-05
2966,4808,4808,fineweb-edu-sample,fit,random_0,0.01,1,0.1,0.00020582580792646727,0.00010265133911370226
2966,4808,4808,fineweb-edu-sample,fit,random_1,0.005,-1,-0.1,0.00021455976631148792,3.054917725089869e-05
2966,4808,4808,fineweb-edu-sample,fit,random_1,0.005,-1,0.1,0.00021528550811038914,3.635098976943545e-05
2966,4808,4808,fineweb-edu-sample,fit,random_1,0.005,1,-0.1,0.00024465045743606614,6.230076432364666e-05
2966,4808,4808,fineweb-edu-sample,fit,random_1,0.005,1,0.1,0.00023605702994874728,5.999318134322669e-05
2966,4808,4808,fineweb-edu-sample,fit,random_1,0.01,-1,-0.1,0.00039389635585297173,2.420755195554319e-05
2966,4808,4808,fineweb-edu-sample,fit,random_1,0.01,-1,0.1,0.0003967571706693657,2.2732286512709308e-05
2966,4808,4808,fineweb-edu-sample,fit,random_1,0.01,1,-0.1,0.0004984688797109191,0.00014860264277197682
2966,4808,4808,fineweb-edu-sample,fit,random_1,0.01,1,0.1,0.0005086312691128116,0.0001471345549059841
2966,4808,4808,fineweb-edu-sample,fit,random_2,0.005,-1,-0.1,0.000270147503893083,0.00026344364590757225
2966,4808,4808,fineweb-edu-sample,fit,random_2,0.005,-1,0.1,0.00026998417152416794,0.00026372875600048034
2966,4808,4808,fineweb-edu-sample,fit,random_2,0.005,1,-0.1,0.0002681521221561923,0.0002671848788773622
2966,4808,4808,fineweb-edu-sample,fit,random_2,0.005,1,0.1,0.00026200195058627624,0.00026017471688878315
2966,4808,4808,fineweb-edu-sample,fit,random_2,0.01,-1,-0.1,0.0005382391172664161,0.0005144792916655797
2966,4808,4808,fineweb-edu-sample,fit,random_2,0.01,-1,0.1,0.000536423788827852,0.0005120896434249497
2966,4808,4808,fineweb-edu-sample,fit,random_2,0.01,1,-0.1,0.0005237374089852756,0.0005235879082377209
2966,4808,4808,fineweb-edu-sample,fit,random_2,0.01,1,0.1,0.0005207935022481709,0.0005206037550679307
2966,4808,4808,fineweb-edu-sample,fit,approx_spectrum_matched,0.005,-1,-0.1,0.0002910957091224155,0.00028995098773321865
2966,4808,4808,fineweb-edu-sample,fit,approx_spectrum_matched,0.005,-1,0.1,0.0002976991799107972,0.00029680909323891045
2966,4808,4808,fineweb-edu-sample,fit,approx_spectrum_matched,0.005,1,-0.1,0.0002835557777761471,0.000282236731948463
2966,4808,4808,fineweb-edu-sample,fit,approx_spectrum_matched,0.005,1,0.1,0.0002907455675608569,0.0002886260029579911
2966,4808,4808,fineweb-edu-sample,fit,approx_spectrum_matched,0.01,-1,-0.1,0.000594476539711961,0.0005924258705385899
2966,4808,4808,fineweb-edu-sample,fit,approx_spectrum_matched,0.01,-1,0.1,0.000585836318588159,0.0005841344244547517
2966,4808,4808,fineweb-edu-sample,fit,approx_spectrum_matched,0.01,1,-0.1,0.0005662521060581974,0.0005634267878773041
2966,4808,4808,fineweb-edu-sample,fit,approx_spectrum_matched,0.01,1,0.1,0.0005712732046424706,0.0005682001864019446
2966,4808,4808,fineweb-edu-sample,fit,leading_pc,0.005,-1,-0.1,0.00035928089850871303,0.0003331979024401518
2966,4808,4808,fineweb-edu-sample,fit,leading_pc,0.005,-1,0.1,0.0003728756817619394,0.00034442449774855474
2966,4808,4808,fineweb-edu-sample,fit,leading_pc,0.005,1,-0.1,0.0003004134646819711,0.0002820194289686107
2966,4808,4808,fineweb-edu-sample,fit,leading_pc,0.005,1,0.1,0.0002981586148760335,0.00027877973217500535
2966,4808,4808,fineweb-edu-sample,fit,leading_pc,0.01,-1,-0.1,0.0008355242954216511,0.0007626030774935666
2966,4808,4808,fineweb-edu-sample,fit,leading_pc,0.01,-1,0.1,0.0008376567291885751,0.0007631519881115132
2966,4808,4808,fineweb-edu-sample,fit,leading_pc,0.01,1,-0.1,0.0005407224045174694,0.0005059465279900471
2966,4808,4808,fineweb-edu-sample,fit,leading_pc,0.01,1,0.1,0.000548366049051618,0.0005120052733460827
2966,4808,4808,fineweb-edu-sample,fit,shuffled_labels,0.005,-1,-0.1,0.00020466926240707842,0.00011282370713930009
2966,4808,4808,fineweb-edu-sample,fit,shuffled_labels,0.005,-1,0.1,0.00021041868042478951,0.00011516596502257605
2966,4808,4808,fineweb-edu-sample,fit,shuffled_labels,0.005,1,-0.1,0.00019550323486328125,0.00010943740236993552
2966,4808,4808,fineweb-edu-sample,fit,shuffled_labels,0.005,1,0.1,0.00019842156169390537,0.00011979743829932545
2966,4808,4808,fineweb-edu-sample,fit,shuffled_labels,0.01,-1,-0.1,0.0004188747782896772,0.0002309858241503044
2966,4808,4808,fineweb-edu-sample,fit,shuffled_labels,0.01,-1,0.1,0.00041751770082167007,0.00022461575628076862
2966,4808,4808,fineweb-edu-sample,fit,shuffled_labels,0.01,1,-0.1,0.0003891855966551947,0.00022987033552039607
2966,4808,4808,fineweb-edu-sample,fit,shuffled_labels,0.01,1,0.1,0.00038817824991314675,0.0002331851727122893
2966,5107,5107,fineweb-edu-sample,check,learned,0.005,-1,-0.1,0.00014999390133521072,0.00014921716225985325
2966,5107,5107,fineweb-edu-sample,check,learned,0.005,-1,0.1,0.0001429493860057963,0.00014248995957774255
2966,5107,5107,fineweb-edu-sample,check,learned,0.005,1,-0.1,0.0001402420155511164,0.00013416125198370744
2966,5107,5107,fineweb-edu-sample,check,learned,0.005,1,0.1,0.00014717515353287067,0.00014070868757531474
2966,5107,5107,fineweb-edu-sample,check,learned,0.01,-1,-0.1,0.00028226343257675143,0.0002818062676702013
2966,5107,5107,fineweb-edu-sample,check,learned,0.01,-1,0.1,0.00028072712000913667,0.00028013576609309504
2966,5107,5107,fineweb-edu-sample,check,learned,0.01,1,-0.1,0.0002848039412957949,0.0002665133441535138
2966,5107,5107,fineweb-edu-sample,check,learned,0.01,1,0.1,0.0002862818472429991,0.00027083843302463543
2966,5107,5107,fineweb-edu-sample,check,random_0,0.005,-1,-0.1,0.0001645219493546807,0.00016435630564527604
2966,5107,5107,fineweb-edu-sample,check,random_0,0.005,-1,0.1,0.0001774808144594891,0.00017733190080096103
2966,5107,5107,fineweb-edu-sample,check,random_0,0.005,1,-0.1,0.00015923791095536654,0.0001563352948951879
2966,5107,5107,fineweb-edu-sample,check,random_0,0.005,1,0.1,0.00015041775060146704,0.00014903899117802122
2966,5107,5107,fineweb-edu-sample,check,random_0,0.01,-1,-0.1,0.0003548706579600355,0.00035257080964363737
2966,5107,5107,fineweb-edu-sample,check,random_0,0.01,-1,0.1,0.0003566741943359375,0.000353306730707464
2966,5107,5107,fineweb-edu-sample,check,random_0,0.01,1,-0.1,0.00030563439241959323,0.0002940028576384525
2966,5107,5107,fineweb-edu-sample,check,random_0,0.01,1,0.1,0.00029110039566030696,0.000282332233469868
2966,5107,5107,fineweb-edu-sample,check,random_1,0.005,-1,-0.1,0.0005395681620620542,0.00043476056559489174
2966,5107,5107,fineweb-edu-sample,check,random_1,0.005,-1,0.1,0.0005482905796515386,0.00044291533298440367
2966,5107,5107,fineweb-edu-sample,check,random_1,0.005,1,-0.1,0.0005322434060139395,0.0004182061499350063
2966,5107,5107,fineweb-edu-sample,check,random_1,0.005,1,0.1,0.0005331610920254076,0.0004185759404226397
2966,5107,5107,fineweb-edu-sample,check,random_1,0.01,-1,-0.1,0.001089302317369088,0.0008869849227164475
2966,5107,5107,fineweb-edu-sample,check,random_1,0.01,-1,0.1,0.001092370550514208,0.0008943398420738489
2966,5107,5107,fineweb-edu-sample,check,random_1,0.01,1,-0.1,0.0010316852104819783,0.0007991152032447915
2966,5107,5107,fineweb-edu-sample,check,random_1,0.01,1,0.1,0.001032737699694254,0.0008043545516973725
2966,5107,5107,fineweb-edu-sample,check,random_2,0.005,-1,-0.1,0.00027343191466842995,0.00019407764224252356
2966,5107,5107,fineweb-edu-sample,check,random_2,0.005,-1,0.1,0.0002811463587464426,0.00020328984107483253
2966,5107,5107,fineweb-edu-sample,check,random_2,0.005,1,-0.1,0.0002850832274098721,0.0002130111633939579
2966,5107,5107,fineweb-edu-sample,check,random_2,0.005,1,0.1,0.0002927469491785717,0.0002115527569466243
2966,5107,5107,fineweb-edu-sample,check,random_2,0.01,-1,-0.1,0.0005482706739027518,0.00039103069446462367
2966,5107,5107,fineweb-edu-sample,check,random_2,0.01,-1,0.1,0.000539191299428441,0.0003867537148464939
2966,5107,5107,fineweb-edu-sample,check,random_2,0.01,1,-0.1,0.0005883992778250952,0.00043238795785536805
2966,5107,5107,fineweb-edu-sample,check,random_2,0.01,1,0.1,0.0005980024667793628,0.0004451288802008095
2966,5107,5107,fineweb-edu-sample,check,approx_spectrum_matched,0.005,-1,-0.1,0.0005566223720853894,0.00036008004506754175
2966,5107,5107,fineweb-edu-sample,check,approx_spectrum_matched,0.005,-1,0.1,0.0005545737100399081,0.00036587531887940556
2966,5107,5107,fineweb-edu-sample,check,approx_spectrum_matched,0.005,1,-0.1,0.0004303386006100355,0.00029270949556865495
2966,5107,5107,fineweb-edu-sample,check,approx_spectrum_matched,0.005,1,0.1,0.000435908454343236,0.0002951147854510273
2966,5107,5107,fineweb-edu-sample,check,approx_spectrum_matched,0.01,-1,-0.1,0.0012124377808939981,0.0007815236225949628
2966,5107,5107,fineweb-edu-sample,check,approx_spectrum_matched,0.01,-1,0.1,0.0012036053748432102,0.0007728611906697918
2966,5107,5107,fineweb-edu-sample,check,approx_spectrum_matched,0.01,1,-0.1,0.0007145929444572097,0.0004911963266854884
2966,5107,5107,fineweb-edu-sample,check,approx_spectrum_matched,0.01,1,0.1,0.0007212867781100393,0.0005004321587615383
2966,5107,5107,fineweb-edu-sample,check,leading_pc,0.005,-1,-0.1,0.00012632135426208043,9.569858241185293e-05
2966,5107,5107,fineweb-edu-sample,check,leading_pc,0.005,-1,0.1,0.00012449377178362165,8.839096498239302e-05
2966,5107,5107,fineweb-edu-sample,check,leading_pc,0.005,1,-0.1,7.903423063316597e-05,7.588136698497754e-05
2966,5107,5107,fineweb-edu-sample,check,leading_pc,0.005,1,0.1,7.656169638224144e-05,7.085493836016665e-05
2966,5107,5107,fineweb-edu-sample,check,leading_pc,0.01,-1,-0.1,0.0003065095010094111,0.00023874535558177643
2966,5107,5107,fineweb-edu-sample,check,leading_pc,0.01,-1,0.1,0.0003088859687481596,0.00023592102996449401
2966,5107,5107,fineweb-edu-sample,check,leading_pc,0.01,1,-0.1,0.00013757392465105675,0.00013565666319981546
2966,5107,5107,fineweb-edu-sample,check,leading_pc,0.01,1,0.1,0.0001396050212717726,0.00013753525337154766
2966,5107,5107,fineweb-edu-sample,check,shuffled_labels,0.005,-1,-0.1,0.00015072882156471517,0.00014510903589604813
2966,5107,5107,fineweb-edu-sample,check,shuffled_labels,0.005,-1,0.1,0.0001560212347501212,0.00014900483149875562
2966,5107,5107,fineweb-edu-sample,check,shuffled_labels,0.005,1,-0.1,0.0001779107490038234,0.00015566293226895072
2966,5107,5107,fineweb-edu-sample,check,shuffled_labels,0.005,1,0.1,0.00017711146847154842,0.0001540691592211387
2966,5107,5107,fineweb-edu-sample,check,shuffled_labels,0.01,-1,-0.1,0.0002867326150896814,0.0002816846668822998
2966,5107,5107,fineweb-edu-sample,check,shuffled_labels,0.01,-1,0.1,0.0002936217486242482,0.00028767698110476736
2966,5107,5107,fineweb-edu-sample,check,shuffled_labels,0.01,1,-0.1,0.00037973486273542786,0.00031803092579448504
2966,5107,5107,fineweb-edu-sample,check,shuffled_labels,0.01,1,0.1,0.00037024309709421664,0.0003080277652984731
28027,5234,5234,fineweb-edu-sample,fit,learned,0.005,-1,-0.1,0.0006016864962565376,0.0003370502778205637
28027,5234,5234,fineweb-edu-sample,fit,learned,0.005,-1,0.1,0.0005896839062827165,0.00029917420907858944
28027,5234,5234,fineweb-edu-sample,fit,learned,0.005,1,-0.1,0.0006282327297289909,0.0003719964300015064
28027,5234,5234,fineweb-edu-sample,fit,learned,0.005,1,0.1,0.0006460272459318691,0.0003448476200613923
28027,5234,5234,fineweb-edu-sample,fit,learned,0.01,-1,-0.1,0.0011673652443751881,0.0006512694119958162
28027,5234,5234,fineweb-edu-sample,fit,learned,0.01,-1,0.1,0.0011816656890106972,0.0005858580558614928
28027,5234,5234,fineweb-edu-sample,fit,learned,0.01,1,-0.1,0.001311560952056991,0.0008004573803921847
28027,5234,5234,fineweb-edu-sample,fit,learned,0.01,1,0.1,0.0013312819514815185,0.0007409151352989898
28027,5234,5234,fineweb-edu-sample,fit,random_0,0.005,-1,-0.1,0.0007267674091785016,2.9755464953618953e-05
28027,5234,5234,fineweb-edu-sample,fit,random_0,0.005,-1,0.1,0.0007180725897164698,6.842305417276998e-05
28027,5234,5234,fineweb-edu-sample,fit,random_0,0.005,1,-0.1,0.0006721949589128205,6.365705882213036e-05
28027,5234,5234,fineweb-edu-sample,fit,random_0,0.005,1,0.1,0.0006813001859463324,0.00010074515343459101
28027,5234,5234,fineweb-edu-sample,fit,random_0,0.01,-1,-0.1,0.0015075194501954804,2.2861496834607737e-05
28027,5234,5234,fineweb-edu-sample,fit,random_0,0.01,-1,0.1,0.0015049072121510578,9.302035287095616e-05
28027,5234,5234,fineweb-edu-sample,fit,random_0,0.01,1,-0.1,0.0012990019183319569,0.00017808128603092555
28027,5234,5234,fineweb-edu-sample,fit,random_0,0.01,1,0.1,0.00131128657938601,0.00023919795697932957
28027,5234,5234,fineweb-edu-sample,fit,random_1,0.005,-1,-0.1,0.00045584659685747733,0.0004038979238099194
28027,5234,5234,fineweb-edu-sample,fit,random_1,0.005,-1,0.1,0.0004392040394477617,0.0003809213130395688
28027,5234,5234,fineweb-edu-sample,fit,random_1,0.005,1,-0.1,0.0004860458483152508,0.0004200548681010308
28027,5234,5234,fineweb-edu-sample,fit,random_1,0.005,1,0.1,0.00046027013903138247,0.00038071377058362417
28027,5234,5234,fineweb-edu-sample,fit,random_1,0.01,-1,-0.1,0.0009040843836861782,0.00081428705226549
28027,5234,5234,fineweb-edu-sample,fit,random_1,0.01,-1,0.1,0.0008616100435177717,0.0007627132490934817
28027,5234,5234,fineweb-edu-sample,fit,random_1,0.01,1,-0.1,0.0009890923416465908,0.0008404331144111071
28027,5234,5234,fineweb-edu-sample,fit,random_1,0.01,1,0.1,0.0009515595831287047,0.0007794555934844745
28027,5234,5234,fineweb-edu-sample,fit,random_2,0.005,-1,-0.1,0.000937497505992438,0.00045709714148898167
28027,5234,5234,fineweb-edu-sample,fit,random_2,0.005,-1,0.1,0.0009424855006124344,0.00041249063118999746
28027,5234,5234,fineweb-edu-sample,fit,random_2,0.005,1,-0.1,0.0009667296868666813,0.00041920118465206134
28027,5234,5234,fineweb-edu-sample,fit,random_2,0.005,1,0.1,0.000964538325442969,0.0003624597080495429
28027,5234,5234,fineweb-edu-sample,fit,random_2,0.01,-1,-0.1,0.0018535205007705093,0.0009628311828196614
28027,5234,5234,fineweb-edu-sample,fit,random_2,0.01,-1,0.1,0.001869124902394827,0.0008708604569843699
28027,5234,5234,fineweb-edu-sample,fit,random_2,0.01,1,-0.1,0.0019638426488502356,0.0007892891578765382
28027,5234,5234,fineweb-edu-sample,fit,random_2,0.01,1,0.1,0.0019669709060341376,0.0007014636009085954
28027,5234,5234,fineweb-edu-sample,fit,approx_spectrum_matched,0.005,-1,-0.1,0.0010093647020747315,0.0002371783618764067
28027,5234,5234,fineweb-edu-sample,fit,approx_spectrum_matched,0.005,-1,0.1,0.0010296508732726079,0.00018769840713791087
28027,5234,5234,fineweb-edu-sample,fit,approx_spectrum_matched,0.005,1,-0.1,0.0008784894826409578,0.00015079989786257638
28027,5234,5234,fineweb-edu-sample,fit,approx_spectrum_matched,0.005,1,0.1,0.0008860722486285109,0.00011315460934914606
28027,5234,5234,fineweb-edu-sample,fit,approx_spectrum_matched,0.01,-1,-0.1,0.0021306087932149724,0.0005560762650671907
28027,5234,5234,fineweb-edu-sample,fit,approx_spectrum_matched,0.01,-1,0.1,0.0021915388584501125,0.0004844929133106264
28027,5234,5234,fineweb-edu-sample,fit,approx_spectrum_matched,0.01,1,-0.1,0.0016327583887092378,0.00025779430641823794
28027,5234,5234,fineweb-edu-sample,fit,approx_spectrum_matched,0.01,1,0.1,0.0016522033213769356,0.00017038620041025647
28027,5234,5234,fineweb-edu-sample,fit,leading_pc,0.005,-1,-0.1,0.0020018878427661532,0.00025324220359650227
28027,5234,5234,fineweb-edu-sample,fit,leading_pc,0.005,-1,0.1,0.0019783658788036194,0.00013368460356112877
28027,5234,5234,fineweb-edu-sample,fit,leading_pc,0.005,1,-0.1,0.0015713647462773635,0.00026263097038963017
28027,5234,5234,fineweb-edu-sample,fit,leading_pc,0.005,1,0.1,0.0015764049666233374,0.00018346665163788685
28027,5234,5234,fineweb-edu-sample,fit,leading_pc,0.01,-1,-0.1,0.004405262944191201,0.0003235676246210444
28027,5234,5234,fineweb-edu-sample,fit,leading_pc,0.01,-1,0.1,0.004383604064437929,7.119937422962283e-05
28027,5234,5234,fineweb-edu-sample,fit,leading_pc,0.01,1,-0.1,0.0027635995029825712,0.0004791014525835473
28027,5234,5234,fineweb-edu-sample,fit,leading_pc,0.01,1,0.1,0.0027757069431615577,0.00032715286685773825
28027,5234,5234,fineweb-edu-sample,fit,shuffled_labels,0.005,-1,-0.1,1.9221920366999028e-05,1.8044095464115402e-05
28027,5234,5234,fineweb-edu-sample,fit,shuffled_labels,0.005,-1,0.1,4.622124029561094e-05,4.5636475460982246e-05
28027,5234,5234,fineweb-edu-sample,fit,shuffled_labels,0.005,1,-0.1,4.019315817429832e-05,3.4067077121696234e-05
28027,5234,5234,fineweb-edu-sample,fit,shuffled_labels,0.005,1,0.1,5.4954318822427486e-05,5.2230345523156005e-05
28027,5234,5234,fineweb-edu-sample,fit,shuffled_labels,0.01,-1,-0.1,5.2115051119320675e-05,5.061481872500258e-05
28027,5234,5234,fineweb-edu-sample,fit,shuffled_labels,0.01,-1,0.1,7.643240048018224e-05,7.63290146767633e-05
28027,5234,5234,fineweb-edu-sample,fit,shuffled_labels,0.01,1,-0.1,9.078709013299832e-05,6.856172561185068e-05
28027,5234,5234,fineweb-edu-sample,fit,shuffled_labels,0.01,1,0.1,0.00011699139184991687,0.00010327347784493373
2966,5259,5259,fineweb-edu-sample,fit,learned,0.005,-1,-0.1,0.0009482874424072057,0.0008965727358218061
2966,5259,5259,fineweb-edu-sample,fit,learned,0.005,-1,0.1,0.0009514835048786898,0.0009050202025527253
2966,5259,5259,fineweb-edu-sample,fit,learned,0.005,1,-0.1,0.0006273552157390264,0.0006006001217274789
2966,5259,5259,fineweb-edu-sample,fit,learned,0.005,1,0.1,0.0005991399596224846,0.0005737387614038215
2966,5259,5259,fineweb-edu-sample,fit,learned,0.01,-1,-0.1,0.0021149874565347592,0.0019814475843374945
2966,5259,5259,fineweb-edu-sample,fit,learned,0.01,-1,0.1,0.0021170023805858365,0.0019992841356353333
2966,5259,5259,fineweb-edu-sample,fit,learned,0.01,1,-0.1,0.0008791472949684862,0.0008251440753621039
2966,5259,5259,fineweb-edu-sample,fit,learned,0.01,1,0.1,0.0008471684465425014,0.0007953561116268883
2966,5259,5259,fineweb-edu-sample,fit,random_0,0.005,-1,-0.1,0.0005689948677890536,0.0005555169252710113
2966,5259,5259,fineweb-edu-sample,fit,random_0,0.005,-1,0.1,0.0005588975459909284,0.0005478196687780048
2966,5259,5259,fineweb-edu-sample,fit,random_0,0.005,1,-0.1,0.0007822291217865261,0.0007292151062912315
2966,5259,5259,fineweb-edu-sample,fit,random_0,0.005,1,0.1,0.00079490202362518,0.0007511670762379005
2966,5259,5259,fineweb-edu-sample,fit,random_0,0.01,-1,-0.1,0.0008498962572019248,0.0008379572536562262
2966,5259,5259,fineweb-edu-sample,fit,random_0,0.01,-1,0.1,0.0008340090800286792,0.000823323965895135
2966,5259,5259,fineweb-edu-sample,fit,random_0,0.01,1,-0.1,0.0018287734664169156,0.0016708873561031715
2966,5259,5259,fineweb-edu-sample,fit,random_0,0.01,1,0.1,0.0018672880557650008,0.001726936522166411
2966,5259,5259,fineweb-edu-sample,fit,random_1,0.005,-1,-0.1,0.00039969365532013297,0.00011000825289350061
2966,5259,5259,fineweb-edu-sample,fit,random_1,0.005,-1,0.1,0.00038586969820177,0.00011977351983310543
2966,5259,5259,fineweb-edu-sample,fit,random_1,0.005,1,-0.1,0.00026324348009435053,0.00014562135454784575
2966,5259,5259,fineweb-edu-sample,fit,random_1,0.005,1,0.1,0.00026118186764293605,0.00013034834086617195
2966,5259,5259,fineweb-edu-sample,fit,random_1,0.01,-1,-0.1,0.0012552401048166674,0.0008502441108997194
2966,5259,5259,fineweb-edu-sample,fit,random_1,0.01,-1,0.1,0.001251607528356496,0.0008849170431671629
2966,5259,5259,fineweb-edu-sample,fit,random_1,0.01,1,-0.1,0.0004496317140090791,0.00032629881949031506
2966,5259,5259,fineweb-edu-sample,fit,random_1,0.01,1,0.1,0.00044208237448907023,0.0002982169058008588
2966,5259,5259,fineweb-edu-sample,fit,random_2,0.005,-1,-0.1,0.0005606859365996574,0.00033063994351513324
2966,5259,5259,fineweb-edu-sample,fit,random_2,0.005,-1,0.1,0.0005362518822061546,0.0002907275812098668
2966,5259,5259,fineweb-edu-sample,fit,random_2,0.005,1,-0.1,0.0005604058497685833,0.00044148986185635434
2966,5259,5259,fineweb-edu-sample,fit,random_2,0.005,1,0.1,0.0005359777456674056,0.000394719143446552
2966,5259,5259,fineweb-edu-sample,fit,random_2,0.01,-1,-0.1,0.0010712057610384282,0.0005084613642018836
2966,5259,5259,fineweb-edu-sample,fit,random_2,0.01,-1,0.1,0.001036030645811085,0.00043335479262162057
2966,5259,5259,fineweb-edu-sample,fit,random_2,0.01,1,-0.1,0.0011063313668106972,0.0009385665918074452
2966,5259,5259,fineweb-edu-sample,fit,random_2,0.01,1,0.1,0.001057274548013238,0.0008713050038404579
2966,5259,5259,fineweb-edu-sample,fit,approx_spectrum_matched,0.005,-1,-0.1,0.0008480862543858926,0.0008476121679365643
2966,5259,5259,fineweb-edu-sample,fit,approx_spectrum_matched,0.005,-1,0.1,0.0008241892685140189,0.0008232286242395773
2966,5259,5259,fineweb-edu-sample,fit,approx_spectrum_matched,0.005,1,-0.1,0.001178198546815315,0.0011552081465578642
2966,5259,5259,fineweb-edu-sample,fit,approx_spectrum_matched,0.005,1,0.1,0.0011683724058127601,0.001153514689894344
2966,5259,5259,fineweb-edu-sample,fit,approx_spectrum_matched,0.01,-1,-0.1,0.0016532878805306992,0.0016351225766029589
2966,5259,5259,fineweb-edu-sample,fit,approx_spectrum_matched,0.01,-1,0.1,0.001584005957999836,0.0015569106005057262
2966,5259,5259,fineweb-edu-sample,fit,approx_spectrum_matched,0.01,1,-0.1,0.002898962719706321,0.002827664441965807
2966,5259,5259,fineweb-edu-sample,fit,approx_spectrum_matched,0.01,1,0.1,0.002860782424432574,0.0028033900620331727
2966,5259,5259,fineweb-edu-sample,fit,leading_pc,0.005,-1,-0.1,0.0009701657444957506,0.0007349887040758597
2966,5259,5259,fineweb-edu-sample,fit,leading_pc,0.005,-1,0.1,0.0009466557023621879,0.000725597031550234
2966,5259,5259,fineweb-edu-sample,fit,leading_pc,0.005,1,-0.1,0.0009629987019910472,0.0006164545935682756
2966,5259,5259,fineweb-edu-sample,fit,leading_pc,0.005,1,0.1,0.0009431641309496803,0.0005952821163830111
2966,5259,5259,fineweb-edu-sample,fit,leading_pc,0.01,-1,-0.1,0.0017630359289066537,0.00144710103952559
2966,5259,5259,fineweb-edu-sample,fit,leading_pc,0.01,-1,0.1,0.001691556547971295,0.0013880578224768271
2966,5259,5259,fineweb-edu-sample,fit,leading_pc,0.01,1,-0.1,0.001853647415166776,0.001047809609168677
2966,5259,5259,fineweb-edu-sample,fit,leading_pc,0.01,1,0.1,0.0018251674134113303,0.001032521162800016
2966,5259,5259,fineweb-edu-sample,fit,shuffled_labels,0.005,-1,-0.1,0.0005555302286390435,6.846500951442423e-05
2966,5259,5259,fineweb-edu-sample,fit,shuffled_labels,0.005,-1,0.1,0.0005491771558752791,7.025236282705829e-05
2966,5259,5259,fineweb-edu-sample,fit,shuffled_labels,0.005,1,-0.1,0.00048169245029959,4.55970989890006e-05
2966,5259,5259,fineweb-edu-sample,fit,shuffled_labels,0.005,1,0.1,0.0005015220810234684,4.9974740973246864e-05
2966,5259,5259,fineweb-edu-sample,fit,shuffled_labels,0.01,-1,-0.1,0.0011583342586331323,0.0001603491643933682
2966,5259,5259,fineweb-edu-sample,fit,shuffled_labels,0.01,-1,0.1,0.0011677533909558466,0.00016544647790303006
2966,5259,5259,fineweb-edu-sample,fit,shuffled_labels,0.01,1,-0.1,0.0009652561016016045,6.774694593037413e-05
2966,5259,5259,fineweb-edu-sample,fit,shuffled_labels,0.01,1,0.1,0.000974457887854278,6.717598388244316e-05
28027,5284,5284,fineweb-edu-sample,check,learned,0.005,-1,-0.1,0.0026953820888741785,0.002674648296582287
28027,5284,5284,fineweb-edu-sample,check,learned,0.005,-1,0.1,0.0025661263579186454,0.002566072029370064
28027,5284,5284,fineweb-edu-sample,check,learned,0.005,1,-0.1,0.002548656249225992,0.002538504962024087
28027,5284,5284,fineweb-edu-sample,check,learned,0.005,1,0.1,0.0024011402495108095,0.002400856544151812
28027,5284,5284,fineweb-edu-sample,check,learned,0.01,-1,-0.1,0.005474840857929463,0.005423315902799135
28027,5284,5284,fineweb-edu-sample,check,learned,0.01,-1,0.1,0.005190742073864829,0.005189862221749514
28027,5284,5284,fineweb-edu-sample,check,learned,0.01,1,-0.1,0.0048467866363659995,0.004834223430199901
28027,5284,5284,fineweb-edu-sample,check,learned,0.01,1,0.1,0.0046402591652963225,0.004638270441618712
28027,5284,5284,fineweb-edu-sample,check,random_0,0.005,-1,-0.1,0.00036402543168945336,0.00021782232734878653
28027,5284,5284,fineweb-edu-sample,check,random_0,0.005,-1,0.1,0.00032329418665937205,0.00020785082016238135
28027,5284,5284,fineweb-edu-sample,check,random_0,0.005,1,-0.1,0.00043507961242556144,0.00024784716404931383
28027,5284,5284,fineweb-edu-sample,check,random_0,0.005,1,0.1,0.0004213678601401449,0.00028221500934180814
28027,5284,5284,fineweb-edu-sample,check,random_0,0.01,-1,-0.1,0.0006495390286441107,0.0004033408344999372
28027,5284,5284,fineweb-edu-sample,check,random_0,0.01,-1,0.1,0.0005800104186513262,0.00036736582101023834
28027,5284,5284,fineweb-edu-sample,check,random_0,0.01,1,-0.1,0.0009361822994735521,0.0005433212521786271
28027,5284,5284,fineweb-edu-sample,check,random_0,0.01,1,0.1,0.0009088095928452452,0.0006147145028814296
28027,5284,5284,fineweb-edu-sample,check,random_1,0.005,-1,-0.1,0.0014437448819946028,0.0013780753445878406
28027,5284,5284,fineweb-edu-sample,check,random_1,0.005,-1,0.1,0.001362367822230314,0.00125057552804292
28027,5284,5284,fineweb-edu-sample,check,random_1,0.005,1,-0.1,0.0012550731735864312,0.0011201166512585098
28027,5284,5284,fineweb-edu-sample,check,random_1,0.005,1,0.1,0.0011586577790217807,0.0009697274854085111
28027,5284,5284,fineweb-edu-sample,check,random_1,0.01,-1,-0.1,0.0031002310700916306,0.003014869043670714
28027,5284,5284,fineweb-edu-sample,check,random_1,0.01,-1,0.1,0.002930715810096605,0.0027595082439030565
28027,5284,5284,fineweb-edu-sample,check,random_1,0.01,1,-0.1,0.0023208066177732435,0.0019317506009204075
28027,5284,5284,fineweb-edu-sample,check,random_1,0.01,1,0.1,0.0021480296711192705,0.001648339039723116
28027,5284,5284,fineweb-edu-sample,check,random_2,0.005,-1,-0.1,0.0013603609222850811,0.001294373391866446
28027,5284,5284,fineweb-edu-sample,check,random_2,0.005,-1,0.1,0.0012291648514834274,0.0012043528828764925
28027,5284,5284,fineweb-edu-sample,check,random_2,0.005,1,-0.1,0.0013132524725737319,0.0012909614573688277
28027,5284,5284,fineweb-edu-sample,check,random_2,0.005,1,0.1,0.0011594551174993208,0.0011560421326202487
28027,5284,5284,fineweb-edu-sample,check,random_2,0.01,-1,-0.1,0.002780672279992715,0.0025977477874342633
28027,5284,5284,fineweb-edu-sample,check,random_2,0.01,-1,0.1,0.002480800984118685,0.0023969840433841366
28027,5284,5284,fineweb-edu-sample,check,random_2,0.01,1,-0.1,0.002564840941774213,0.0025452512764353712
28027,5284,5284,fineweb-edu-sample,check,random_2,0.01,1,0.1,0.0022280063011210095,0.002227821913343482
28027,5284,5284,fineweb-edu-sample,check,approx_spectrum_matched,0.005,-1,-0.1,0.0003498984149650544,0.0003463251337988045
28027,5284,5284,fineweb-edu-sample,check,approx_spectrum_matched,0.005,-1,0.1,0.0003269309060831578,0.0003216140008795834
28027,5284,5284,fineweb-edu-sample,check,approx_spectrum_matched,0.005,1,-0.1,0.00035345182449031073,0.0003272130680137048
28027,5284,5284,fineweb-edu-sample,check,approx_spectrum_matched,0.005,1,0.1,0.000304204168956794,0.0002727536175219971
28027,5284,5284,fineweb-edu-sample,check,approx_spectrum_matched,0.01,-1,-0.1,0.0007440450648356382,0.0007434120787759254
28027,5284,5284,fineweb-edu-sample,check,approx_spectrum_matched,0.01,-1,0.1,0.0006869502517181117,0.0006869439468626068
28027,5284,5284,fineweb-edu-sample,check,approx_spectrum_matched,0.01,1,-0.1,0.0007298007894660327,0.0006532777675493673
28027,5284,5284,fineweb-edu-sample,check,approx_spectrum_matched,0.01,1,0.1,0.0006209481788666634,0.0005396717344185291
28027,5284,5284,fineweb-edu-sample,check,leading_pc,0.005,-1,-0.1,0.0009591033897749353,0.0008586180116484104
28027,5284,5284,fineweb-edu-sample,check,leading_pc,0.005,-1,0.1,0.0009851275661186237,0.0008701621709932842
28027,5284,5284,fineweb-edu-sample,check,leading_pc,0.005,1,-0.1,0.0009255389587444368,0.0007778430436767876
28027,5284,5284,fineweb-edu-sample,check,leading_pc,0.005,1,0.1,0.0009043829859657879,0.0007332847012447963
28027,5284,5284,fineweb-edu-sample,check,leading_pc,0.01,-1,-0.1,0.0018904945065975822,0.001729592430744858
28027,5284,5284,fineweb-edu-sample,check,leading_pc,0.01,-1,0.1,0.0019688458440978223,0.0017645746263059276
28027,5284,5284,fineweb-edu-sample,check,leading_pc,0.01,1,-0.1,0.0017854513309676075,0.0014233018141356244
28027,5284,5284,fineweb-edu-sample,check,leading_pc,0.01,1,0.1,0.0017486120517955404,0.0013620931933043486
28027,5284,5284,fineweb-edu-sample,check,shuffled_labels,0.005,-1,-0.1,0.0011265740813980838,0.0011260416345939609
28027,5284,5284,fineweb-edu-sample,check,shuffled_labels,0.005,-1,0.1,0.0011381906196865474,0.0011247564622976396
28027,5284,5284,fineweb-edu-sample,check,shuffled_labels,0.005,1,-0.1,0.001178135222180888,0.0011780849651926491
28027,5284,5284,fineweb-edu-sample,check,shuffled_labels,0.005,1,0.1,0.0011885912966438149,0.0011761128116344335
28027,5284,5284,fineweb-edu-sample,check,shuffled_labels,0.01,-1,-0.1,0.0022163496267525594,0.002214964991233479
28027,5284,5284,fineweb-edu-sample,check,shuffled_labels,0.01,-1,0.1,0.002243178277919465,0.0022167495173077453
28027,5284,5284,fineweb-edu-sample,check,shuffled_labels,0.01,1,-0.1,0.002382997216550778,0.0023829542936262224
28027,5284,5284,fineweb-edu-sample,check,shuffled_labels,0.01,1,0.1,0.0024008953108783744,0.0023786085608404344
2966,5571,5571,fineweb-edu-sample,fit,learned,0.005,-1,-0.1,0.0002119824087014587,0.00017257093260285704
2966,5571,5571,fineweb-edu-sample,fit,learned,0.005,-1,0.1,0.00021241476444671864,0.0001800878531114382
2966,5571,5571,fineweb-edu-sample,fit,learned,0.005,1,-0.1,0.0002565118003025675,0.0001954964786999011
2966,5571,5571,fineweb-edu-sample,fit,learned,0.005,1,0.1,0.0002614476875039211,0.00020392886161026103
2966,5571,5571,fineweb-edu-sample,fit,learned,0.01,-1,-0.1,0.0003680222267367779,0.00031970053194792307
2966,5571,5571,fineweb-edu-sample,fit,learned,0.01,-1,0.1,0.0003637014275683534,0.000309444497633242
2966,5571,5571,fineweb-edu-sample,fit,learned,0.01,1,-0.1,0.000571124527758108,0.0004183025369841184
2966,5571,5571,fineweb-edu-sample,fit,learned,0.01,1,0.1,0.0005684692932200678,0.0004156621280693887
2966,5571,5571,fineweb-edu-sample,fit,random_0,0.005,-1,-0.1,0.00011727092301806295,1.2429143225215824e-05
2966,5571,5571,fineweb-edu-sample,fit,random_0,0.005,-1,0.1,0.00012839233415447483,1.3998655111294246e-05
2966,5571,5571,fineweb-edu-sample,fit,random_0,0.005,1,-0.1,6.408804937901093e-05,3.0276824933098803e-05
2966,5571,5571,fineweb-edu-sample,fit,random_0,0.005,1,0.1,6.996519033503263e-05,3.696242830086e-05
2966,5571,5571,fineweb-edu-sample,fit,random_0,0.01,-1,-0.1,0.00031252483563994077,1.5537859342599362e-05
2966,5571,5571,fineweb-edu-sample,fit,random_0,0.01,-1,0.1,0.000329316045363881,2.6490238516203254e-05
2966,5571,5571,fineweb-edu-sample,fit,random_0,0.01,1,-0.1,7.730058337844636e-05,7.107189748905979e-05
2966,5571,5571,fineweb-edu-sample,fit,random_0,0.01,1,0.1,8.453476944728329e-05,7.846978078328819e-05
2966,5571,5571,fineweb-edu-sample,fit,random_1,0.005,-1,-0.1,0.0005900747606385504,3.4558396135759215e-05
2966,5571,5571,fineweb-edu-sample,fit,random_1,0.005,-1,0.1,0.0005890226416441258,2.9863110351560757e-05
2966,5571,5571,fineweb-edu-sample,fit,random_1,0.005,1,-0.1,0.0005631979772559511,6.636903465931543e-05
2966,5571,5571,fineweb-edu-sample,fit,random_1,0.005,1,0.1,0.0005475189102082655,6.1308542911946e-05
2966,5571,5571,fineweb-edu-sample,fit,random_1,0.01,-1,-0.1,0.001237729656887627,3.792976937867043e-05
2966,5571,5571,fineweb-edu-sample,fit,random_1,0.01,-1,0.1,0.0012122314756073558,2.680361047156652e-05
2966,5571,5571,fineweb-edu-sample,fit,random_1,0.01,1,-0.1,0.001062145431126428,0.00016586511414854444
2966,5571,5571,fineweb-edu-sample,fit,random_1,0.01,1,0.1,0.0010460885701933092,0.00015344917524795764
2966,5571,5571,fineweb-edu-sample,fit,random_2,0.005,-1,-0.1,0.00017693742961313522,7.315234996848664e-05
2966,5571,5571,fineweb-edu-sample,fit,random_2,0.005,-1,0.1,0.0001752303569597211,6.821097256034262e-05
2966,5571,5571,fineweb-edu-sample,fit,random_2,0.005,1,-0.1,8.48984423387759e-05,3.7965657183940533e-05
2966,5571,5571,fineweb-edu-sample,fit,random_2,0.005,1,0.1,0.00010293168197706809,3.9176648564413755e-05
2966,5571,5571,fineweb-edu-sample,fit,random_2,0.01,-1,-0.1,0.0004271289971512573,0.00017047279627735505
2966,5571,5571,fineweb-edu-sample,fit,random_2,0.01,-1,0.1,0.00042470775080929855,0.0001701516943030608
2966,5571,5571,fineweb-edu-sample,fit,random_2,0.01,1,-0.1,8.193971724483311e-05,2.859946012156089e-05
2966,5571,5571,fineweb-edu-sample,fit,random_2,0.01,1,0.1,8.882108092594811e-05,3.498323700382868e-05
2966,5571,5571,fineweb-edu-sample,fit,approx_spectrum_matched,0.005,-1,-0.1,0.0001559549123576654,0.0001254757298260717
2966,5571,5571,fineweb-edu-sample,fit,approx_spectrum_matched,0.005,-1,0.1,0.00015932427467325207,0.00012675174014284643
2966,5571,5571,fineweb-edu-sample,fit,approx_spectrum_matched,0.005,1,-0.1,0.00012813351769308802,0.00012106673090904634
2966,5571,5571,fineweb-edu-sample,fit,approx_spectrum_matched,0.005,1,0.1,0.0001345762534639909,0.00012960610509153372
2966,5571,5571,fineweb-edu-sample,fit,approx_spectrum_matched,0.01,-1,-0.1,0.00036147181661808905,0.00025315725939345566
2966,5571,5571,fineweb-edu-sample,fit,approx_spectrum_matched,0.01,-1,0.1,0.0003618678834053112,0.00024213653110216987
2966,5571,5571,fineweb-edu-sample,fit,approx_spectrum_matched,0.01,1,-0.1,0.0002575997727795089,0.0002562170848775726
2966,5571,5571,fineweb-edu-sample,fit,approx_spectrum_matched,0.01,1,0.1,0.0002506004971212561,0.0002488029009552435
2966,5571,5571,fineweb-edu-sample,fit,leading_pc,0.005,-1,-0.1,0.00045124015095392736,1.2683478540825724e-05
2966,5571,5571,fineweb-edu-sample,fit,leading_pc,0.005,-1,0.1,0.0004518172355024087,2.372761733076374e-05
2966,5571,5571,fineweb-edu-sample,fit,leading_pc,0.005,1,-0.1,0.0004148168113400256,2.9110731318380654e-06
2966,5571,5571,fineweb-edu-sample,fit,leading_pc,0.005,1,0.1,0.00040776798657181086,5.10054090505774e-06
2966,5571,5571,fineweb-edu-sample,fit,leading_pc,0.01,-1,-0.1,0.0009463704081871171,5.533275436907593e-05
2966,5571,5571,fineweb-edu-sample,fit,leading_pc,0.01,-1,0.1,0.0009349935300207838,4.912620814719816e-05
2966,5571,5571,fineweb-edu-sample,fit,leading_pc,0.01,1,-0.1,0.000799068110917325,2.3880473785100987e-05
2966,5571,5571,fineweb-edu-sample,fit,leading_pc,0.01,1,0.1,0.0007948915473457245,1.850028448323994e-05
2966,5571,5571,fineweb-edu-sample,fit,shuffled_labels,0.005,-1,-0.1,0.00019852924821303186,0.00018986105304625363
2966,5571,5571,fineweb-edu-sample,fit,shuffled_labels,0.005,-1,0.1,0.0001980574004200344,0.00018964054360601584
2966,5571,5571,fineweb-edu-sample,fit,shuffled_labels,0.005,1,-0.1,0.00019517557086565104,0.00017309208594895348
2966,5571,5571,fineweb-edu-sample,fit,shuffled_labels,0.005,1,0.1,0.00020657838288543894,0.0001841915825663766
2966,5571,5571,fineweb-edu-sample,fit,shuffled_labels,0.01,-1,-0.1,0.00040073503714717053,0.0003948625990115361
2966,5571,5571,fineweb-edu-sample,fit,shuffled_labels,0.01,-1,0.1,0.0003989531541087768,0.0003937590777155757
2966,5571,5571,fineweb-edu-sample,fit,shuffled_labels,0.01,1,-0.1,0.0004195917728996818,0.0003519558671889568
2966,5571,5571,fineweb-edu-sample,fit,shuffled_labels,0.01,1,0.1,0.00040510649260532244,0.0003471903558225102
1645,5639,5639,fineweb-edu-sample,check,learned,0.005,-1,-0.1,0.012777087045185766,0.006080248554932388
1645,5639,5639,fineweb-edu-sample,check,learned,0.005,-1,0.1,0.014026264014924841,0.004719703223695261
1645,5639,5639,fineweb-edu-sample,check,learned,0.005,1,-0.1,0.013117007924170018,0.0036180647567798287
1645,5639,5639,fineweb-edu-sample,check,learned,0.005,1,0.1,0.013616401593204843,0.0028656703728926337
1645,5639,5639,fineweb-edu-sample,check,learned,0.01,-1,-0.1,0.022225895854999657,0.013169269760583477
1645,5639,5639,fineweb-edu-sample,check,learned,0.01,-1,0.1,0.02501115864022782,0.010634177190532893
1645,5639,5639,fineweb-edu-sample,check,learned,0.01,1,-0.1,0.023111744192895942,0.0042817097525885825
1645,5639,5639,fineweb-edu-sample,check,learned,0.01,1,0.1,0.023191406618162148,0.00345567373155388
1645,5639,5639,fineweb-edu-sample,check,random_0,0.005,-1,-0.1,0.008125606999141924,0.007855726750889157
1645,5639,5639,fineweb-edu-sample,check,random_0,0.005,-1,0.1,0.0076584458966352615,0.007341648107900446
1645,5639,5639,fineweb-edu-sample,check,random_0,0.005,1,-0.1,0.009382555600414458,0.009315005020268547
1645,5639,5639,fineweb-edu-sample,check,random_0,0.005,1,0.1,0.008519839456398216,0.008438247463526576
1645,5639,5639,fineweb-edu-sample,check,random_0,0.01,-1,-0.1,0.014558665243973107,0.013904704353102837
1645,5639,5639,fineweb-edu-sample,check,random_0,0.01,-1,0.1,0.013984169031409968,0.013230725753429783
1645,5639,5639,fineweb-edu-sample,check,random_0,0.01,1,-0.1,0.01972787854768083,0.01971771796912848
1645,5639,5639,fineweb-edu-sample,check,random_0,0.01,1,0.1,0.01776857988047694,0.017753214996288774
1645,5639,5639,fineweb-edu-sample,check,random_1,0.005,-1,-0.1,0.014308224729395795,0.0046894609990450285
1645,5639,5639,fineweb-edu-sample,check,random_1,0.005,-1,0.1,0.013675949993343156,0.005175625128605542
1645,5639,5639,fineweb-edu-sample,check,random_1,0.005,1,-0.1,0.01507660116364729,0.004602655024309337
1645,5639,5639,fineweb-edu-sample,check,random_1,0.005,1,0.1,0.014500659847230445,0.0052921759500091
1645,5639,5639,fineweb-edu-sample,check,random_1,0.01,-1,-0.1,0.02666420049229368,0.008946589959892243
1645,5639,5639,fineweb-edu-sample,check,random_1,0.01,-1,0.1,0.025531480988613398,0.009746052710863574
1645,5639,5639,fineweb-edu-sample,check,random_1,0.01,1,-0.1,0.030262737134746715,0.008791539291004806
1645,5639,5639,fineweb-edu-sample,check,random_1,0.01,1,0.1,0.029012053099021107,0.010185260778875105
1645,5639,5639,fineweb-edu-sample,check,random_2,0.005,-1,-0.1,0.010451638733868302,0.0003717077656538615
1645,5639,5639,fineweb-edu-sample,check,random_2,0.005,-1,0.1,0.010254960807716294,0.0011383491252457082
1645,5639,5639,fineweb-edu-sample,check,random_2,0.005,1,-0.1,0.010567551150850972,0.00419704862168842
1645,5639,5639,fineweb-edu-sample,check,random_2,0.005,1,0.1,0.010320111298547346,0.004734824181444747
1645,5639,5639,fineweb-edu-sample,check,random_2,0.01,-1,-0.1,0.021164826186882493,0.0020284094166572973
1645,5639,5639,fineweb-edu-sample,check,random_2,0.01,-1,0.1,0.020701418073664823,0.0005413658782049701
1645,5639,5639,fineweb-edu-sample,check,random_2,0.01,1,-0.1,0.022095418776455624,0.012613795707018064
1645,5639,5639,fineweb-edu-sample,check,random_2,0.01,1,0.1,0.0215213087166579,0.013313584018624687
1645,5639,5639,fineweb-edu-sample,check,approx_spectrum_matched,0.005,-1,-0.1,0.007548555598565245,0.004855354915440456
1645,5639,5639,fineweb-edu-sample,check,approx_spectrum_matched,0.005,-1,0.1,0.006706895581708744,0.0051884600832936825
1645,5639,5639,fineweb-edu-sample,check,approx_spectrum_matched,0.005,1,-0.1,0.006811834020823114,0.004314830380849509
1645,5639,5639,fineweb-edu-sample,check,approx_spectrum_matched,0.005,1,0.1,0.006229213897513171,0.00475375872897868
1645,5639,5639,fineweb-edu-sample,check,approx_spectrum_matched,0.01,-1,-0.1,0.015624129305548573,0.010262747850937044
1645,5639,5639,fineweb-edu-sample,check,approx_spectrum_matched,0.01,-1,0.1,0.013716514986406485,0.010784498022885934
1645,5639,5639,fineweb-edu-sample,check,approx_spectrum_matched,0.01,1,-0.1,0.01274993891247087,0.00801705159939173
1645,5639,5639,fineweb-edu-sample,check,approx_spectrum_matched,0.01,1,0.1,0.011903082506570729,0.009097997600066193
1645,5639,5639,fineweb-edu-sample,check,leading_pc,0.005,-1,-0.1,0.007824944505313665,0.0037529734159069566
1645,5639,5639,fineweb-edu-sample,check,leading_pc,0.005,-1,0.1,0.006037546470996247,0.004028692225735688
1645,5639,5639,fineweb-edu-sample,check,leading_pc,0.005,1,-0.1,0.006357518101095254,0.00535019288973018
1645,5639,5639,fineweb-edu-sample,check,leading_pc,0.005,1,0.1,0.005639465801782689,0.005417260875583184
1645,5639,5639,fineweb-edu-sample,check,leading_pc,0.01,-1,-0.1,0.01892613775350227,0.004930798421047082
1645,5639,5639,fineweb-edu-sample,check,leading_pc,0.01,-1,0.1,0.014059214946352589,0.005518883799979675
1645,5639,5639,fineweb-edu-sample,check,leading_pc,0.01,1,-0.1,0.01235735149096754,0.011544158118630679
1645,5639,5639,fineweb-edu-sample,check,leading_pc,0.01,1,0.1,0.011531386428419844,0.011469079637235488
1645,5639,5639,fineweb-edu-sample,check,shuffled_labels,0.005,-1,-0.1,0.006227318029581033,0.0061037164935641925
1645,5639,5639,fineweb-edu-sample,check,shuffled_labels,0.005,-1,0.1,0.006284105983516248,0.0062421902242527205
1645,5639,5639,fineweb-edu-sample,check,shuffled_labels,0.005,1,-0.1,0.0051805696493710885,0.005180139022425178
1645,5639,5639,fineweb-edu-sample,check,shuffled_labels,0.005,1,0.1,0.005466048716911735,0.004883813048304385
1645,5639,5639,fineweb-edu-sample,check,shuffled_labels,0.01,-1,-0.1,0.013229272915541906,0.012563342110136098
1645,5639,5639,fineweb-edu-sample,check,shuffled_labels,0.01,-1,0.1,0.013040203365138805,0.013035189403872398
1645,5639,5639,fineweb-edu-sample,check,shuffled_labels,0.01,1,-0.1,0.008841445512350566,0.008813836303881429
1645,5639,5639,fineweb-edu-sample,check,shuffled_labels,0.01,1,0.1,0.009837476749901949,0.007969431968768984
1645,5723,5723,fineweb-edu-sample,fit,learned,0.005,-1,-0.1,0.00145125167797002,0.0003310080146101681
1645,5723,5723,fineweb-edu-sample,fit,learned,0.005,-1,0.1,0.0015351524038509684,0.00045493405383264233
1645,5723,5723,fineweb-edu-sample,fit,learned,0.005,1,-0.1,0.0013796463906285371,0.00045029192922341264
1645,5723,5723,fineweb-edu-sample,fit,learned,0.005,1,0.1,0.001421594164713935,0.0005363095985331162
1645,5723,5723,fineweb-edu-sample,fit,learned,0.01,-1,-0.1,0.002832959865615138,0.00023338379055790927
1645,5723,5723,fineweb-edu-sample,fit,learned,0.01,-1,0.1,0.0030427712508022554,0.0005573896563132812
1645,5723,5723,fineweb-edu-sample,fit,learned,0.01,1,-0.1,0.0026488871958884456,0.0008697444286146576
1645,5723,5723,fineweb-edu-sample,fit,learned,0.01,1,0.1,0.002702373156517927,0.0010081225470327797
1645,5723,5723,fineweb-edu-sample,fit,random_0,0.005,-1,-0.1,0.00010464810415888015,0.00010362048980500457
1645,5723,5723,fineweb-edu-sample,fit,random_0,0.005,-1,0.1,7.51226638538665e-05,7.495661379031295e-05
1645,5723,5723,fineweb-edu-sample,fit,random_0,0.005,1,-0.1,0.00023815521953541845,0.00012265770599662046
1645,5723,5723,fineweb-edu-sample,fit,random_0,0.005,1,0.1,0.0002294553089186063,7.773953224815126e-05
1645,5723,5723,fineweb-edu-sample,fit,random_0,0.01,-1,-0.1,0.00032655930895777747,0.00021678374289935639
1645,5723,5723,fineweb-edu-sample,fit,random_0,0.01,-1,0.1,0.0002924563227973191,0.0001655473277854932
1645,5723,5723,fineweb-edu-sample,fit,random_0,0.01,1,-0.1,0.0006690213954601984,0.00027669878615482936
1645,5723,5723,fineweb-edu-sample,fit,random_0,0.01,1,0.1,0.0006549528044761711,0.00017205065462471873
1645,5723,5723,fineweb-edu-sample,fit,random_1,0.005,-1,-0.1,0.0015012387773274433,0.0007978463210188841
1645,5723,5723,fineweb-edu-sample,fit,random_1,0.005,-1,0.1,0.0015077832224276752,0.0006787893607859267
1645,5723,5723,fineweb-edu-sample,fit,random_1,0.005,1,-0.1,0.0013708576525284918,0.0007575954152028843
1645,5723,5723,fineweb-edu-sample,fit,random_1,0.005,1,0.1,0.0013772919441744356,0.0006513436881956785
1645,5723,5723,fineweb-edu-sample,fit,random_1,0.01,-1,-0.1,0.0031308361271245445,0.0016367920425339963
1645,5723,5723,fineweb-edu-sample,fit,random_1,0.01,-1,0.1,0.003137713324026313,0.0013929421443661847
1645,5723,5723,fineweb-edu-sample,fit,random_1,0.01,1,-0.1,0.0025992806381840007,0.0014830171567852715
1645,5723,5723,fineweb-edu-sample,fit,random_1,0.01,1,0.1,0.0026084077401065157,0.0012915133044326373
1645,5723,5723,fineweb-edu-sample,fit,random_2,0.005,-1,-0.1,0.0008119584754063715,0.0007522922016313141
1645,5723,5723,fineweb-edu-sample,fit,random_2,0.005,-1,0.1,0.0008649338421435527,0.0008023689112970348
1645,5723,5723,fineweb-edu-sample,fit,random_2,0.005,1,-0.1,0.0007132025495662014,0.0006256684495348215
1645,5723,5723,fineweb-edu-sample,fit,random_2,0.005,1,0.1,0.0007732371420568764,0.0006802783902976502
1645,5723,5723,fineweb-edu-sample,fit,random_2,0.01,-1,-0.1,0.001738924175750181,0.0016439937707838723
1645,5723,5723,fineweb-edu-sample,fit,random_2,0.01,-1,0.1,0.0018364533667570542,0.001732429700313686
1645,5723,5723,fineweb-edu-sample,fit,random_2,0.01,1,-0.1,0.001353723140252069,0.001131989498760412
1645,5723,5723,fineweb-edu-sample,fit,random_2,0.01,1,0.1,0.0014624542003641436,0.0012385670688772913
1645,5723,5723,fineweb-edu-sample,fit,approx_spectrum_matched,0.005,-1,-0.1,0.0011863286848026878,0.0009890857031111175
1645,5723,5723,fineweb-edu-sample,fit,approx_spectrum_matched,0.005,-1,0.1,0.0011471918171259861,0.0010056055903902095
1645,5723,5723,fineweb-edu-sample,fit,approx_spectrum_matched,0.005,1,-0.1,0.0011378063017108916,0.0008990424508084386
1645,5723,5723,fineweb-edu-sample,fit,approx_spectrum_matched,0.005,1,0.1,0.0010901481937728276,0.0009061156732306096
1645,5723,5723,fineweb-edu-sample,fit,approx_spectrum_matched,0.01,-1,-0.1,0.0024426404992185023,0.0020822776451353414
1645,5723,5723,fineweb-edu-sample,fit,approx_spectrum_matched,0.01,-1,0.1,0.0023490406327948865,0.002093493790653816
1645,5723,5723,fineweb-edu-sample,fit,approx_spectrum_matched,0.01,1,-0.1,0.0022242009824946793,0.0016931076835062146
1645,5723,5723,fineweb-edu-sample,fit,approx_spectrum_matched,0.01,1,0.1,0.0021334159672916565,0.001714200943893779
1645,5723,5723,fineweb-edu-sample,fit,leading_pc,0.005,-1,-0.1,0.002698510120160752,0.002229970921421585
1645,5723,5723,fineweb-edu-sample,fit,leading_pc,0.005,-1,0.1,0.0025322501374897993,0.002147557335143279
1645,5723,5723,fineweb-edu-sample,fit,leading_pc,0.005,1,-0.1,0.002235731754694052,0.0017789428504930759
1645,5723,5723,fineweb-edu-sample,fit,leading_pc,0.005,1,0.1,0.002092281088333365,0.0017194778912514933
1645,5723,5723,fineweb-edu-sample,fit,leading_pc,0.01,-1,-0.1,0.005911052358946123,0.004991625497226522
1645,5723,5723,fineweb-edu-sample,fit,leading_pc,0.01,-1,0.1,0.005547090008176969,0.004790230757776792
1645,5723,5723,fineweb-edu-sample,fit,leading_pc,0.01,1,-0.1,0.004071801840550955,0.0031840597169515827
1645,5723,5723,fineweb-edu-sample,fit,leading_pc,0.01,1,0.1,0.0038092044385039797,0.003095576151249819
1645,5723,5723,fineweb-edu-sample,fit,shuffled_labels,0.005,-1,-0.1,0.0018891925341314522,0.0018578197206761805
1645,5723,5723,fineweb-edu-sample,fit,shuffled_labels,0.005,-1,0.1,0.001812021857357675,0.0017982794874918375
1645,5723,5723,fineweb-edu-sample,fit,shuffled_labels,0.005,1,-0.1,0.0018641660088962594,0.0018403905303368327
1645,5723,5723,fineweb-edu-sample,fit,shuffled_labels,0.005,1,0.1,0.001777051563848463,0.0017688897970737087
1645,5723,5723,fineweb-edu-sample,fit,shuffled_labels,0.01,-1,-0.1,0.0038444053653141734,0.0037710071824098457
1645,5723,5723,fineweb-edu-sample,fit,shuffled_labels,0.01,-1,0.1,0.0036818332048234826,0.003644920135112075
1645,5723,5723,fineweb-edu-sample,fit,shuffled_labels,0.01,1,-0.1,0.003707746662074627,0.0036650409239827766
1645,5723,5723,fineweb-edu-sample,fit,shuffled_labels,0.01,1,0.1,0.0035516766560488773,0.003538632033063538
2966,5762,5762,fineweb-edu-sample,check,learned,0.005,-1,-0.1,0.00017054579425003036,2.930917238790901e-05
2966,5762,5762,fineweb-edu-sample,check,learned,0.005,-1,0.1,0.00016679488431163618,3.157536938458705e-05
2966,5762,5762,fineweb-edu-sample,check,learned,0.005,1,-0.1,0.0001374689357168133,5.254581322138256e-05
2966,5762,5762,fineweb-edu-sample,check,learned,0.005,1,0.1,0.00013488677292072574,3.662334931042331e-05
2966,5762,5762,fineweb-edu-sample,check,learned,0.01,-1,-0.1,0.00037138023629177747,5.164231503589277e-05
2966,5762,5762,fineweb-edu-sample,check,learned,0.01,-1,0.1,0.0003641728096542932,4.805778868788588e-05
2966,5762,5762,fineweb-edu-sample,check,learned,0.01,1,-0.1,0.0002483735775108327,0.00013527862206772726
2966,5762,5762,fineweb-edu-sample,check,learned,0.01,1,0.1,0.00023441384534987855,0.00011104281094434332
2966,5762,5762,fineweb-edu-sample,check,random_0,0.005,-1,-0.1,0.0005514448046062109,0.0002588743300984422
2966,5762,5762,fineweb-edu-sample,check,random_0,0.005,-1,0.1,0.0005603932212683801,0.00027460500899587217
2966,5762,5762,fineweb-edu-sample,check,random_0,0.005,1,-0.1,0.000566345256006219,0.00020321274813450905
2966,5762,5762,fineweb-edu-sample,check,random_0,0.005,1,0.1,0.0005584827862349114,0.00020269678990081526
2966,5762,5762,fineweb-edu-sample,check,random_0,0.01,-1,-0.1,0.001082769518255053,0.0005791258431820824
2966,5762,5762,fineweb-edu-sample,check,random_0,0.01,-1,0.1,0.0010987491181852472,0.0005926149968995033
2966,5762,5762,fineweb-edu-sample,check,random_0,0.01,1,-0.1,0.001125566006384626,0.0003476348205892953
2966,5762,5762,fineweb-edu-sample,check,random_0,0.01,1,0.1,0.0011199824856414809,0.00034679367142014206
2966,5762,5762,fineweb-edu-sample,check,random_1,0.005,-1,-0.1,8.072502423785967e-05,7.45536315227206e-05
2966,5762,5762,fineweb-edu-sample,check,random_1,0.005,-1,0.1,7.390206819938421e-05,6.657979584000737e-05
2966,5762,5762,fineweb-edu-sample,check,random_1,0.005,1,-0.1,0.00015621421099549452,3.444911831527146e-05
2966,5762,5762,fineweb-edu-sample,check,random_1,0.005,1,0.1,0.0001492165110427747,3.984844759637436e-05
2966,5762,5762,fineweb-edu-sample,check,random_1,0.01,-1,-0.1,0.00017913154369603954,0.0001696537217816514
2966,5762,5762,fineweb-edu-sample,check,random_1,0.01,-1,0.1,0.00017533672542569044,0.00016534683741924872
2966,5762,5762,fineweb-edu-sample,check,random_1,0.01,1,-0.1,0.00040677004558241375,3.6636201422916506e-05
2966,5762,5762,fineweb-edu-sample,check,random_1,0.01,1,0.1,0.0003915053766792549,4.290782936960855e-05
2966,5762,5762,fineweb-edu-sample,check,random_2,0.005,-1,-0.1,0.000350287120923055,0.00014373827382807005
2966,5762,5762,fineweb-edu-sample,check,random_2,0.005,-1,0.1,0.00034304316050272365,0.00012737226115898037
2966,5762,5762,fineweb-edu-sample,check,random_2,0.005,1,-0.1,0.0003185957418056084,9.38895489400809e-05
2966,5762,5762,fineweb-edu-sample,check,random_2,0.005,1,0.1,0.00032244911894232424,0.00010692539297453227
2966,5762,5762,fineweb-edu-sample,check,random_2,0.01,-1,-0.1,0.0007256064111258559,0.00032187927231458474
2966,5762,5762,fineweb-edu-sample,check,random_2,0.01,-1,0.1,0.000706849127654652,0.00030902305394475596
2966,5762,5762,fineweb-edu-sample,check,random_2,0.01,1,-0.1,0.0006153653268962032,0.00015688067868396306
2966,5762,5762,fineweb-edu-sample,check,random_2,0.01,1,0.1,0.0006164086319639564,0.00016817676555949034
2966,5762,5762,fineweb-edu-sample,check,approx_spectrum_matched,0.005,-1,-0.1,0.00015118144472530063,0.00013540602181186828
2966,5762,5762,fineweb-edu-sample,check,approx_spectrum_matched,0.005,-1,0.1,0.00013354590589284568,0.00012296165243590117
2966,5762,5762,fineweb-edu-sample,check,approx_spectrum_matched,0.005,1,-0.1,0.00012237168898356868,0.00011884819881521547
2966,5762,5762,fineweb-edu-sample,check,approx_spectrum_matched,0.005,1,0.1,0.0001380729727989435,0.00013496972589584506
2966,5762,5762,fineweb-edu-sample,check,approx_spectrum_matched,0.01,-1,-0.1,0.00028934705075791487,0.00025328409757539784
2966,5762,5762,fineweb-edu-sample,check,approx_spectrum_matched,0.01,-1,0.1,0.0002830891088079781,0.0002467263925872761
2966,5762,5762,fineweb-edu-sample,check,approx_spectrum_matched,0.01,1,-0.1,0.0002365155565727573,0.00023436686056719472
2966,5762,5762,fineweb-edu-sample,check,approx_spectrum_matched,0.01,1,0.1,0.00025076376070034574,0.0002491356557336982
2966,5762,5762,fineweb-edu-sample,check,leading_pc,0.005,-1,-0.1,0.00029707414185723324,0.0002897055556795869
2966,5762,5762,fineweb-edu-sample,check,leading_pc,0.005,-1,0.1,0.0002761661177267188,0.0002686392145380656
2966,5762,5762,fineweb-edu-sample,check,leading_pc,0.005,1,-0.1,0.0002528051029296266,0.0002181654806046915
2966,5762,5762,fineweb-edu-sample,check,leading_pc,0.005,1,0.1,0.00025817506770117835,0.00022580786971278797
2966,5762,5762,fineweb-edu-sample,check,leading_pc,0.01,-1,-0.1,0.000643487284016985,0.0006422807725970033
2966,5762,5762,fineweb-edu-sample,check,leading_pc,0.01,-1,0.1,0.0006311315825053092,0.0006298247277164632
2966,5762,5762,fineweb-edu-sample,check,leading_pc,0.01,1,-0.1,0.0004958329231539839,0.0003983271625330345
2966,5762,5762,fineweb-edu-sample,check,leading_pc,0.01,1,0.1,0.0004960371736354489,0.0004035197084655246
2966,5762,5762,fineweb-edu-sample,check,shuffled_labels,0.005,-1,-0.1,0.00016720606188921444,0.00015774509569794026
2966,5762,5762,fineweb-edu-sample,check,shuffled_labels,0.005,-1,0.1,0.0001830489597940723,0.00017882086464553407
2966,5762,5762,fineweb-edu-sample,check,shuffled_labels,0.005,1,-0.1,0.00016728491408029365,0.00016682232746798706
2966,5762,5762,fineweb-edu-sample,check,shuffled_labels,0.005,1,0.1,0.00015409219822191286,0.00015304557320603655
2966,5762,5762,fineweb-edu-sample,check,shuffled_labels,0.01,-1,-0.1,0.0003650530251583711,0.00034042121632649484
2966,5762,5762,fineweb-edu-sample,check,shuffled_labels,0.01,-1,0.1,0.00036826773065838083,0.00034713785186963095
2966,5762,5762,fineweb-edu-sample,check,shuffled_labels,0.01,1,-0.1,0.00030938170825694675,0.0003091337729115799
2966,5762,5762,fineweb-edu-sample,check,shuffled_labels,0.01,1,0.1,0.0002969895556714724,0.0002969894856367017
2966,5889,5889,fineweb-edu-sample,check,learned,0.005,-1,-0.1,0.00017055845929242884,0.00016752068300868945
2966,5889,5889,fineweb-edu-sample,check,learned,0.005,-1,0.1,0.00017192608239479014,0.000167934125918492
2966,5889,5889,fineweb-edu-sample,check,learned,0.005,1,-0.1,0.0001983642578125,0.00019582440010747202
2966,5889,5889,fineweb-edu-sample,check,learned,0.005,1,0.1,0.00019964847808060134,0.000193949930788331
2966,5889,5889,fineweb-edu-sample,check,learned,0.01,-1,-0.1,0.00032094789442119464,0.00031372444738017813
2966,5889,5889,fineweb-edu-sample,check,learned,0.01,-1,0.1,0.00031622034166246544,0.0003098524469671446
2966,5889,5889,fineweb-edu-sample,check,learned,0.01,1,-0.1,0.0004159080737546442,0.00040580089198931477
2966,5889,5889,fineweb-edu-sample,check,learned,0.01,1,0.1,0.0004150072429184091,0.000404970475422392
2966,5889,5889,fineweb-edu-sample,check,random_0,0.005,-1,-0.1,4.926907101856037e-05,1.4589155386519322e-05
2966,5889,5889,fineweb-edu-sample,check,random_0,0.005,-1,0.1,4.403456260915831e-05,1.0772850527224064e-05
2966,5889,5889,fineweb-edu-sample,check,random_0,0.005,1,-0.1,5.7829162352735644e-05,1.8301319648364414e-05
2966,5889,5889,fineweb-edu-sample,check,random_0,0.005,1,0.1,5.300404827724553e-05,2.116509438900803e-05
2966,5889,5889,fineweb-edu-sample,check,random_0,0.01,-1,-0.1,9.01764499664505e-05,2.1721486235496952e-05
2966,5889,5889,fineweb-edu-sample,check,random_0,0.01,-1,0.1,8.56822107132576e-05,2.216115013048053e-05
2966,5889,5889,fineweb-edu-sample,check,random_0,0.01,1,-0.1,0.00011790130203648065,4.509700402774828e-05
2966,5889,5889,fineweb-edu-sample,check,random_0,0.01,1,0.1,0.00011900693885655591,5.0988834685753505e-05
2966,5889,5889,fineweb-edu-sample,check,random_1,0.005,-1,-0.1,7.651416467107472e-05,2.8351761444621497e-05
2966,5889,5889,fineweb-edu-sample,check,random_1,0.005,-1,0.1,7.714747778380083e-05,3.0490892078557848e-05
2966,5889,5889,fineweb-edu-sample,check,random_1,0.005,1,-0.1,0.00010457855319719938,4.504849323194949e-05
2966,5889,5889,fineweb-edu-sample,check,random_1,0.005,1,0.1,9.727945503520936e-05,5.2085804142122275e-05
2966,5889,5889,fineweb-edu-sample,check,random_1,0.01,-1,-0.1,0.00013693448165620105,4.0671326811029814e-05
2966,5889,5889,fineweb-edu-sample,check,random_1,0.01,-1,0.1,0.00013448160522820465,4.587026681353166e-05
2966,5889,5889,fineweb-edu-sample,check,random_1,0.01,1,-0.1,0.00022150099703419082,0.00010766924482540268
2966,5889,5889,fineweb-edu-sample,check,random_1,0.01,1,0.1,0.00022451081458797805,0.00010678851270571205
2966,5889,5889,fineweb-edu-sample,check,random_2,0.005,-1,-0.1,0.0001590121448317366,6.346331570381708e-05
2966,5889,5889,fineweb-edu-sample,check,random_2,0.005,-1,0.1,0.0001618438982818331,6.500338257296795e-05
2966,5889,5889,fineweb-edu-sample,check,random_2,0.005,1,-0.1,0.00015647525959853526,7.836094999695427e-05
2966,5889,5889,fineweb-edu-sample,check,random_2,0.005,1,0.1,0.00016222557964298186,8.059642029688836e-05
2966,5889,5889,fineweb-edu-sample,check,random_2,0.01,-1,-0.1,0.0003182715686318265,0.0001199398329460529
2966,5889,5889,fineweb-edu-sample,check,random_2,0.01,-1,0.1,0.0003185971691515285,0.00011838362313208869
2966,5889,5889,fineweb-edu-sample,check,random_2,0.01,1,-0.1,0.00032142361635883885,0.0001734026169992902
2966,5889,5889,fineweb-edu-sample,check,random_2,0.01,1,0.1,0.000321400978900136,0.00017184110628779632
2966,5889,5889,fineweb-edu-sample,check,approx_spectrum_matched,0.005,-1,-0.1,0.00017019813821387048,9.180186106624973e-05
2966,5889,5889,fineweb-edu-sample,check,approx_spectrum_matched,0.005,-1,0.1,0.00016846596739052142,8.833376136307614e-05
2966,5889,5889,fineweb-edu-sample,check,approx_spectrum_matched,0.005,1,-0.1,0.0001656211345374482,8.09893955193201e-05
2966,5889,5889,fineweb-edu-sample,check,approx_spectrum_matched,0.005,1,0.1,0.00016395433939240725,7.933686763318727e-05
2966,5889,5889,fineweb-edu-sample,check,approx_spectrum_matched,0.01,-1,-0.1,0.00034257223960585016,0.00018653784786172527
2966,5889,5889,fineweb-edu-sample,check,approx_spectrum_matched,0.01,-1,0.1,0.00033883365341846145,0.00018736749112595232
2966,5889,5889,fineweb-edu-sample,check,approx_spectrum_matched,0.01,1,-0.1,0.0003066177870285212,0.00013271854055603118
2966,5889,5889,fineweb-edu-sample,check,approx_spectrum_matched,0.01,1,0.1,0.0003085250646018159,0.00013559190321851006
2966,5889,5889,fineweb-edu-sample,check,leading_pc,0.005,-1,-0.1,0.00027501725199364943,8.477930144109876e-05
2966,5889,5889,fineweb-edu-sample,check,leading_pc,0.005,-1,0.1,0.0002664901204420857,7.73783940552069e-05
2966,5889,5889,fineweb-edu-sample,check,leading_pc,0.005,1,-0.1,0.00025679352280002344,2.8090860433883333e-05
2966,5889,5889,fineweb-edu-sample,check,leading_pc,0.005,1,0.1,0.00025011915772577453,3.2619423953862556e-05
2966,5889,5889,fineweb-edu-sample,check,leading_pc,0.01,-1,-0.1,0.0005846731382647682,0.00020849629067670077
2966,5889,5889,fineweb-edu-sample,check,leading_pc,0.01,-1,0.1,0.0005728947927273339,0.00020501493274942053
2966,5889,5889,fineweb-edu-sample,check,leading_pc,0.01,1,-0.1,0.0004948099465572353,1.4893436243500828e-05
2966,5889,5889,fineweb-edu-sample,check,leading_pc,0.01,1,0.1,0.0004854717489603587,1.3719281832519311e-05
2966,5889,5889,fineweb-edu-sample,check,shuffled_labels,0.005,-1,-0.1,0.00017700359738342562,6.367663881867571e-05
2966,5889,5889,fineweb-edu-sample,check,shuffled_labels,0.005,-1,0.1,0.00018275993248688507,6.305549870581044e-05
2966,5889,5889,fineweb-edu-sample,check,shuffled_labels,0.005,1,-0.1,0.0001632817432775986,4.2521733800777284e-05
2966,5889,5889,fineweb-edu-sample,check,shuffled_labels,0.005,1,0.1,0.0001679143985775566,3.896826705398251e-05
2966,5889,5889,fineweb-edu-sample,check,shuffled_labels,0.01,-1,-0.1,0.0003658245452295096,0.00014839467983174614
2966,5889,5889,fineweb-edu-sample,check,shuffled_labels,0.01,-1,0.1,0.0003658755077552339,0.00014519241046527645
2966,5889,5889,fineweb-edu-sample,check,shuffled_labels,0.01,1,-0.1,0.00032517357523040004,6.503960560063709e-05
2966,5889,5889,fineweb-edu-sample,check,shuffled_labels,0.01,1,0.1,0.0003205211272727036,6.192302257197822e-05
1645,6070,6070,wikimedia-en,fit,learned,0.005,-1,-0.1,0.002228269836188738,0.0019375567517035004
1645,6070,6070,wikimedia-en,fit,learned,0.005,-1,0.1,0.002338925292285324,0.0020086856663933204
1645,6070,6070,wikimedia-en,fit,learned,0.005,1,-0.1,0.001995235789927745,0.0019021854014082266
1645,6070,6070,wikimedia-en,fit,learned,0.005,1,0.1,0.0020604400659519784,0.0019629076881305637
1645,6070,6070,wikimedia-en,fit,learned,0.01,-1,-0.1,0.004604537915349615,0.004004457396547139
1645,6070,6070,wikimedia-en,fit,learned,0.01,-1,0.1,0.004840785940898732,0.004142054991940937
1645,6070,6070,wikimedia-en,fit,learned,0.01,1,-0.1,0.003911800115704646,0.0039064306286622445
1645,6070,6070,wikimedia-en,fit,learned,0.01,1,0.1,0.003992654879412838,0.0039899239602040875
1645,6070,6070,wikimedia-en,fit,random_0,0.005,-1,-0.1,0.00369923678342157,0.00039690300770412173
1645,6070,6070,wikimedia-en,fit,random_0,0.005,-1,0.1,0.0036573947171440933,0.00035049975703317166
1645,6070,6070,wikimedia-en,fit,random_0,0.005,1,-0.1,0.003286979476638391,0.0003873041689945609
1645,6070,6070,wikimedia-en,fit,random_0,0.005,1,0.1,0.003242433666645978,0.00036310128724253255
1645,6070,6070,wikimedia-en,fit,random_0,0.01,-1,-0.1,0.007760526976460549,0.0008207841573788569
1645,6070,6070,wikimedia-en,fit,random_0,0.01,-1,0.1,0.007681828208157756,0.0006940887449039759
1645,6070,6070,wikimedia-en,fit,random_0,0.01,1,-0.1,0.0061193021376675935,0.0007636189025618117
1645,6070,6070,wikimedia-en,fit,random_0,0.01,1,0.1,0.006013088617124588,0.0007357416235498184
1645,6070,6070,wikimedia-en,fit,random_1,0.005,-1,-0.1,0.0010713366906598487,0.000237111030387477
1645,6070,6070,wikimedia-en,fit,random_1,0.005,-1,0.1,0.001069500250833027,0.00030004565648169906
1645,6070,6070,wikimedia-en,fit,random_1,0.005,1,-0.1,0.0013615584702433717,0.000611937846306336
1645,6070,6070,wikimedia-en,fit,random_1,0.005,1,0.1,0.0013857573684552403,0.0006568548109228129
1645,6070,6070,wikimedia-en,fit,random_1,0.01,-1,-0.1,0.0019415334133081694,0.00013340526318578302
1645,6070,6070,wikimedia-en,fit,random_1,0.01,-1,0.1,0.0019205610893597224,0.0002860471378808869
1645,6070,6070,wikimedia-en,fit,random_1,0.01,1,-0.1,0.003097925585707461,0.001619924336270423
1645,6070,6070,wikimedia-en,fit,random_1,0.01,1,0.1,0.003134595064790766,0.00167088166531323
1645,6070,6070,wikimedia-en,fit,random_2,0.005,-1,-0.1,0.0016766682113243392,0.00018189671935350937
1645,6070,6070,wikimedia-en,fit,random_2,0.005,-1,0.1,0.001584132055898981,7.366784487760998e-05
1645,6070,6070,wikimedia-en,fit,random_2,0.005,1,-0.1,0.0018798449689753048,0.0003764964846475732
1645,6070,6070,wikimedia-en,fit,random_2,0.005,1,0.1,0.0017794175748140374,0.0002556171636595577
1645,6070,6070,wikimedia-en,fit,random_2,0.01,-1,-0.1,0.0030019322964806652,0.00013539145566322601
1645,6070,6070,wikimedia-en,fit,random_2,0.01,-1,0.1,0.002813496504444911,5.143848651806773e-05
1645,6070,6070,wikimedia-en,fit,random_2,0.01,1,-0.1,0.003772382652197232,0.0009087571878633919
1645,6070,6070,wikimedia-en,fit,random_2,0.01,1,0.1,0.0035806222605279663,0.0006675864469956751
1645,6070,6070,wikimedia-en,fit,approx_spectrum_matched,0.005,-1,-0.1,0.001306908355406144,2.633890213495679e-05
1645,6070,6070,wikimedia-en,fit,approx_spectrum_matched,0.005,-1,0.1,0.0012387675066639313,4.292534515978283e-05
1645,6070,6070,wikimedia-en,fit,approx_spectrum_matched,0.005,1,-0.1,0.001371855117553913,0.00011311445944933513
1645,6070,6070,wikimedia-en,fit,approx_spectrum_matched,0.005,1,0.1,0.0013139680293940128,0.00013024320919171245
1645,6070,6070,wikimedia-en,fit,approx_spectrum_matched,0.01,-1,-0.1,0.0024869427700621926,4.626310754166058e-05
1645,6070,6070,wikimedia-en,fit,approx_spectrum_matched,0.01,-1,0.1,0.0023509698699312165,1.942906807617912e-05
1645,6070,6070,wikimedia-en,fit,approx_spectrum_matched,0.01,1,-0.1,0.0027629485530122804,0.0002744081383210368
1645,6070,6070,wikimedia-en,fit,approx_spectrum_matched,0.01,1,0.1,0.002649886026527376,0.0003097523961639564
1645,6070,6070,wikimedia-en,fit,leading_pc,0.005,-1,-0.1,0.003289973384012255,0.0005465218962557856
1645,6070,6070,wikimedia-en,fit,leading_pc,0.005,-1,0.1,0.0033037939085638524,0.0006888292522832009
1645,6070,6070,wikimedia-en,fit,leading_pc,0.005,1,-0.1,0.002873394958413571,0.00023347975990897684
1645,6070,6070,wikimedia-en,fit,leading_pc,0.005,1,0.1,0.0029494439317479778,0.00032090832258358063
1645,6070,6070,wikimedia-en,fit,leading_pc,0.01,-1,-0.1,0.007014899887257704,0.0013416207111174281
1645,6070,6070,wikimedia-en,fit,leading_pc,0.01,-1,0.1,0.006939269925957205,0.0017052672426127841
1645,6070,6070,wikimedia-en,fit,leading_pc,0.01,1,-0.1,0.005403506389729177,0.00012924889433632038
1645,6070,6070,wikimedia-en,fit,leading_pc,0.01,1,0.1,0.005574195888654531,0.00028052234821443006
1645,6070,6070,wikimedia-en,fit,shuffled_labels,0.005,-1,-0.1,0.0032111217246890483,0.000930723376333046
1645,6070,6070,wikimedia-en,fit,shuffled_labels,0.005,-1,0.1,0.003127188970624185,0.0008567226097233012
1645,6070,6070,wikimedia-en,fit,shuffled_labels,0.005,1,-0.1,0.003139363637494938,0.0009944171120927574
1645,6070,6070,wikimedia-en,fit,shuffled_labels,0.005,1,0.1,0.0030618222990914786,0.0009293180408121007
1645,6070,6070,wikimedia-en,fit,shuffled_labels,0.01,-1,-0.1,0.006396150327885386,0.0017632235268976516
1645,6070,6070,wikimedia-en,fit,shuffled_labels,0.01,-1,0.1,0.006229379628929187,0.0016218630987349693
1645,6070,6070,wikimedia-en,fit,shuffled_labels,0.01,1,-0.1,0.006128631804388937,0.0020205537621111468
1645,6070,6070,wikimedia-en,fit,shuffled_labels,0.01,1,0.1,0.005993684358399617,0.0019042460080852168
1645,6134,6134,wikimedia-en,fit,learned,0.005,-1,-0.1,0.0054839136007464265,0.002685664998392997
1645,6134,6134,wikimedia-en,fit,learned,0.005,-1,0.1,0.00558819324280219,0.002805142002128544
1645,6134,6134,wikimedia-en,fit,learned,0.005,1,-0.1,0.00819956988636494,0.003216105292407225
1645,6134,6134,wikimedia-en,fit,learned,0.005,1,0.1,0.00847408596971699,0.0033719668519123632
1645,6134,6134,wikimedia-en,fit,learned,0.01,-1,-0.1,0.009359293200472244,0.004854636646617519
1645,6134,6134,wikimedia-en,fit,learned,0.01,-1,0.1,0.009503369216515857,0.005060872320187168
1645,6134,6134,wikimedia-en,fit,learned,0.01,1,-0.1,0.02110347593817464,0.006902215856006022
1645,6134,6134,wikimedia-en,fit,learned,0.01,1,0.1,0.02201071663563455,0.0073353902885602215
1645,6134,6134,wikimedia-en,fit,random_0,0.005,-1,-0.1,0.002123271697179666,0.0017440748502638112
1645,6134,6134,wikimedia-en,fit,random_0,0.005,-1,0.1,0.0022163176186712798,0.0018356992512269395
1645,6134,6134,wikimedia-en,fit,random_0,0.005,1,-0.1,0.0020098419232931295,0.0017183473362805696
1645,6134,6134,wikimedia-en,fit,random_0,0.005,1,0.1,0.002080384126257764,0.0017998943711859034
1645,6134,6134,wikimedia-en,fit,random_0,0.01,-1,-0.1,0.004373661512734748,0.003491114597478098
1645,6134,6134,wikimedia-en,fit,random_0,0.01,-1,0.1,0.004561653247104356,0.003683141498343079
1645,6134,6134,wikimedia-en,fit,random_0,0.01,1,-0.1,0.003925811907027072,0.0034120197483594704
1645,6134,6134,wikimedia-en,fit,random_0,0.01,1,0.1,0.00404689325177594,0.003555206953029133
1645,6134,6134,wikimedia-en,fit,random_1,0.005,-1,-0.1,0.001997493394081158,0.0007250308784356733
1645,6134,6134,wikimedia-en,fit,random_1,0.005,-1,0.1,0.0019267969427785253,0.0006572093719336296
1645,6134,6134,wikimedia-en,fit,random_1,0.005,1,-0.1,0.001898277707176928,0.0008511103159816966
1645,6134,6134,wikimedia-en,fit,random_1,0.005,1,0.1,0.0018444968578977942,0.0007799024995344278
1645,6134,6134,wikimedia-en,fit,random_1,0.01,-1,-0.1,0.004102680314226998,0.0012698345355193824
1645,6134,6134,wikimedia-en,fit,random_1,0.01,-1,0.1,0.003969838880521346,0.0011290156995313603
1645,6134,6134,wikimedia-en,fit,random_1,0.01,1,-0.1,0.003722848755879889,0.0018013856879955882
1645,6134,6134,wikimedia-en,fit,random_1,0.01,1,0.1,0.0035801368564919276,0.0016474645652764014
1645,6134,6134,wikimedia-en,fit,random_2,0.005,-1,-0.1,0.0018143804251289492,0.0004967683852750302
1645,6134,6134,wikimedia-en,fit,random_2,0.005,-1,0.1,0.001766936030333345,0.0005472249870868912
1645,6134,6134,wikimedia-en,fit,random_2,0.005,1,-0.1,0.001997037056401767,0.00040568336487340476
1645,6134,6134,wikimedia-en,fit,random_2,0.005,1,0.1,0.001988363151067266,0.00048544650400643246
1645,6134,6134,wikimedia-en,fit,random_2,0.01,-1,-0.1,0.003450368141229545,0.0010828909375307208
1645,6134,6134,wikimedia-en,fit,random_2,0.01,-1,0.1,0.003382522181538938,0.0011929451691044125
1645,6134,6134,wikimedia-en,fit,random_2,0.01,1,-0.1,0.004198338206975162,0.0007212310966902616
1645,6134,6134,wikimedia-en,fit,random_2,0.01,1,0.1,0.00419028395368255,0.0009003922359803107
1645,6134,6134,wikimedia-en,fit,approx_spectrum_matched,0.005,-1,-0.1,0.0016132395440512789,0.0015380416759404505
1645,6134,6134,wikimedia-en,fit,approx_spectrum_matched,0.005,-1,0.1,0.0015986543718907893,0.0015484116492690536
1645,6134,6134,wikimedia-en,fit,approx_spectrum_matched,0.005,1,-0.1,0.001636988839552564,0.0015884052551681286
1645,6134,6134,wikimedia-en,fit,approx_spectrum_matched,0.005,1,0.1,0.0016133861173741704,0.0015876805400342677
1645,6134,6134,wikimedia-en,fit,approx_spectrum_matched,0.01,-1,-0.1,0.003206738397523164,0.003018871133322748
1645,6134,6134,wikimedia-en,fit,approx_spectrum_matched,0.01,-1,0.1,0.00317511624092715,0.0030526460484367125
1645,6134,6134,wikimedia-en,fit,approx_spectrum_matched,0.01,1,-0.1,0.0032940042470753134,0.0032248329806175875
1645,6134,6134,wikimedia-en,fit,approx_spectrum_matched,0.01,1,0.1,0.0032452771208340615,0.0032098537675924062
1645,6134,6134,wikimedia-en,fit,leading_pc,0.005,-1,-0.1,0.004546463892356297,0.001831782519566961
1645,6134,6134,wikimedia-en,fit,leading_pc,0.005,-1,0.1,0.004485692406329998,0.0017315425496090362
1645,6134,6134,wikimedia-en,fit,leading_pc,0.005,1,-0.1,0.003361435669977458,0.0018708550726547447
1645,6134,6134,wikimedia-en,fit,leading_pc,0.005,1,0.1,0.003273833917024849,0.0017812334475345664
1645,6134,6134,wikimedia-en,fit,leading_pc,0.01,-1,-0.1,0.010838481512426036,0.003413016410480683
1645,6134,6134,wikimedia-en,fit,leading_pc,0.01,-1,0.1,0.010868838964160065,0.003221842092621323
1645,6134,6134,wikimedia-en,fit,leading_pc,0.01,1,-0.1,0.005917545098819018,0.0036761494936662807
1645,6134,6134,wikimedia-en,fit,leading_pc,0.01,1,0.1,0.005747879462685626,0.0035219033909027852
1645,6134,6134,wikimedia-en,fit,shuffled_labels,0.005,-1,-0.1,0.00501996951058259,0.0011691403982877252
1645,6134,6134,wikimedia-en,fit,shuffled_labels,0.005,-1,0.1,0.005028364949786536,0.0013576008975652704
1645,6134,6134,wikimedia-en,fit,shuffled_labels,0.005,1,-0.1,0.004590173308458515,0.0014300866131515828
1645,6134,6134,wikimedia-en,fit,shuffled_labels,0.005,1,0.1,0.004576545351782605,0.0015609163225724634
1645,6134,6134,wikimedia-en,fit,shuffled_labels,0.01,-1,-0.1,0.01042789199261081,0.0020151287994722364
1645,6134,6134,wikimedia-en,fit,shuffled_labels,0.01,-1,0.1,0.010488002726758986,0.0024033787441362217
1645,6134,6134,wikimedia-en,fit,shuffled_labels,0.01,1,-0.1,0.008761056799459722,0.0030542906777321055
1645,6134,6134,wikimedia-en,fit,shuffled_labels,0.01,1,0.1,0.008700692868524987,0.0032880027525721404
2966,6181,6181,wikimedia-en,check,learned,0.005,-1,-0.1,0.00014370451175400203,0.0001435417029639577
2966,6181,6181,wikimedia-en,check,learned,0.005,-1,0.1,0.0001360148217245574,0.00013600470835419134
2966,6181,6181,wikimedia-en,check,learned,0.005,1,-0.1,0.0001395431172253164,0.0001387472919990355
2966,6181,6181,wikimedia-en,check,learned,0.005,1,0.1,0.0001412790526762856,0.0001404530901814666
2966,6181,6181,wikimedia-en,check,learned,0.01,-1,-0.1,0.0002771322429657273,0.0002759074602049357
2966,6181,6181,wikimedia-en,check,learned,0.01,-1,0.1,0.0002699319516801158,0.000269127410110475
2966,6181,6181,wikimedia-en,check,learned,0.01,1,-0.1,0.000276514574811796,0.0002723930272566824
2966,6181,6181,wikimedia-en,check,learned,0.01,1,0.1,0.000279938745949114,0.0002753675270815408
2966,6181,6181,wikimedia-en,check,random_0,0.005,-1,-0.1,0.0001621947417420859,4.696515896725734e-05
2966,6181,6181,wikimedia-en,check,random_0,0.005,-1,0.1,0.00016121609749824913,4.649286476259364e-05
2966,6181,6181,wikimedia-en,check,random_0,0.005,1,-0.1,0.00016785751654580536,5.511247601790863e-05
2966,6181,6181,wikimedia-en,check,random_0,0.005,1,0.1,0.0001577055551167507,5.890251895130697e-05
2966,6181,6181,wikimedia-en,check,random_0,0.01,-1,-0.1,0.0003168625074268315,8.879449791925717e-05
2966,6181,6181,wikimedia-en,check,random_0,0.01,-1,0.1,0.00032302400552436427,8.029623280537743e-05
2966,6181,6181,wikimedia-en,check,random_0,0.01,1,-0.1,0.0003286746905261844,0.000123175245869858
2966,6181,6181,wikimedia-en,check,random_0,0.01,1,0.1,0.00032695872407138794,0.00012317652861012124
2966,6181,6181,wikimedia-en,check,random_1,0.005,-1,-0.1,7.629990554416508e-05,4.5625220221318053e-05
2966,6181,6181,wikimedia-en,check,random_1,0.005,-1,0.1,8.2137882233179e-05,4.54614097696583e-05
2966,6181,6181,wikimedia-en,check,random_1,0.005,1,-0.1,8.711907532966064e-05,3.4794966457907165e-05
2966,6181,6181,wikimedia-en,check,random_1,0.005,1,0.1,8.256859139218659e-05,3.456798203814705e-05
2966,6181,6181,wikimedia-en,check,random_1,0.01,-1,-0.1,0.00015531135979194053,0.00010089494019251733
2966,6181,6181,wikimedia-en,check,random_1,0.01,-1,0.1,0.0001520265745238432,0.00010130671098080037
2966,6181,6181,wikimedia-en,check,random_1,0.01,1,-0.1,0.00018596893700190194,5.815395341793772e-05
2966,6181,6181,wikimedia-en,check,random_1,0.01,1,0.1,0.00018215429094610967,5.7549121223481856e-05
2966,6181,6181,wikimedia-en,check,random_2,0.005,-1,-0.1,6.892895126187382e-05,4.922898241930096e-06
2966,6181,6181,wikimedia-en,check,random_2,0.005,-1,0.1,6.476565111675128e-05,5.070598074514192e-06
2966,6181,6181,wikimedia-en,check,random_2,0.005,1,-0.1,7.016476908461155e-05,1.528325567799793e-05
2966,6181,6181,wikimedia-en,check,random_2,0.005,1,0.1,7.210181492399521e-05,2.3900533341702706e-05
2966,6181,6181,wikimedia-en,check,random_2,0.01,-1,-0.1,0.00013555936134890137,2.6426161815461266e-05
2966,6181,6181,wikimedia-en,check,random_2,0.01,-1,0.1,0.00013048620736265957,2.6736105891308935e-05
2966,6181,6181,wikimedia-en,check,random_2,0.01,1,-0.1,0.0001531144830759023,6.524583926459597e-05
2966,6181,6181,wikimedia-en,check,random_2,0.01,1,0.1,0.00015736782147114786,6.322645752913447e-05
2966,6181,6181,wikimedia-en,check,approx_spectrum_matched,0.005,-1,-0.1,0.00028920242438427144,0.00020807290823071937
2966,6181,6181,wikimedia-en,check,approx_spectrum_matched,0.005,-1,0.1,0.0002857603572903043,0.0002024505932322237
2966,6181,6181,wikimedia-en,check,approx_spectrum_matched,0.005,1,-0.1,0.00029083470606907605,0.0002240346991001541
2966,6181,6181,wikimedia-en,check,approx_spectrum_matched,0.005,1,0.1,0.0002897239971261077,0.0002230512135413061
2966,6181,6181,wikimedia-en,check,approx_spectrum_matched,0.01,-1,-0.1,0.0005686114666601119,0.0003953467855347459
2966,6181,6181,wikimedia-en,check,approx_spectrum_matched,0.01,-1,0.1,0.0005612792645189326,0.0003922451222594145
2966,6181,6181,wikimedia-en,check,approx_spectrum_matched,0.01,1,-0.1,0.000578383620724181,0.00047063849432882847
2966,6181,6181,wikimedia-en,check,approx_spectrum_matched,0.01,1,0.1,0.0005815912271922318,0.0004667364799064715
2966,6181,6181,wikimedia-en,check,leading_pc,0.005,-1,-0.1,2.97020177886914e-05,2.8942065068110654e-05
2966,6181,6181,wikimedia-en,check,leading_pc,0.005,-1,0.1,2.685571258607621e-05,2.448931707416461e-05
2966,6181,6181,wikimedia-en,check,leading_pc,0.005,1,-0.1,4.728147604461876e-05,2.346483600251806e-05
2966,6181,6181,wikimedia-en,check,leading_pc,0.005,1,0.1,4.728147604461876e-05,2.3750087025206138e-05
2966,6181,6181,wikimedia-en,check,leading_pc,0.01,-1,-0.1,6.082618224755087e-05,5.6126913662094615e-05
2966,6181,6181,wikimedia-en,check,leading_pc,0.01,-1,0.1,6.475160673815901e-05,5.835150157813019e-05
2966,6181,6181,wikimedia-en,check,leading_pc,0.01,1,-0.1,0.00013272871721425482,4.8076879835463476e-05
2966,6181,6181,wikimedia-en,check,leading_pc,0.01,1,0.1,0.0001255449846936342,5.190274095003013e-05
2966,6181,6181,wikimedia-en,check,shuffled_labels,0.005,-1,-0.1,9.117445680783935e-05,7.546730807266001e-05
2966,6181,6181,wikimedia-en,check,shuffled_labels,0.005,-1,0.1,9.384853057970081e-05,7.75151428724449e-05
2966,6181,6181,wikimedia-en,check,shuffled_labels,0.005,1,-0.1,7.083560029872864e-05,6.247418514628329e-05
2966,6181,6181,wikimedia-en,check,shuffled_labels,0.005,1,0.1,7.179843988311276e-05,6.070725562862187e-05
2966,6181,6181,wikimedia-en,check,shuffled_labels,0.01,-1,-0.1,0.00020349273641022528,0.00015700472221767746
2966,6181,6181,wikimedia-en,check,shuffled_labels,0.01,-1,0.1,0.0002006708434618696,0.00016280767927505428
2966,6181,6181,wikimedia-en,check,shuffled_labels,0.01,1,-0.1,0.00012689603498490287,0.00010655511066680208
2966,6181,6181,wikimedia-en,check,shuffled_labels,0.01,1,0.1,0.0001319969317895836,0.00011210417501248863
1645,6182,6182,wikimedia-en,fit,learned,0.005,-1,-0.1,0.0002552749407639346,0.00024084481989089353
1645,6182,6182,wikimedia-en,fit,learned,0.005,-1,0.1,0.00021318887543835915,0.0002065337340841274
1645,6182,6182,wikimedia-en,fit,learned,0.005,1,-0.1,0.0004847576832290067,0.00048103407503853634
1645,6182,6182,wikimedia-en,fit,learned,0.005,1,0.1,0.0004781906469057366,0.00047685277105221507
1645,6182,6182,wikimedia-en,fit,learned,0.01,-1,-0.1,0.0006430233501153107,0.00022335321537780197
1645,6182,6182,wikimedia-en,fit,learned,0.01,-1,0.1,0.0005412404224160659,0.00017323222909086585
1645,6182,6182,wikimedia-en,fit,learned,0.01,1,-0.1,0.0011937543734696337,0.0011919210026924902
1645,6182,6182,wikimedia-en,fit,learned,0.01,1,0.1,0.0011509000958538644,0.0011508908541548086
1645,6182,6182,wikimedia-en,fit,random_0,0.005,-1,-0.1,0.0010239074011671062,0.00035937970858327306
1645,6182,6182,wikimedia-en,fit,random_0,0.005,-1,0.1,0.0009861163058547924,0.00028037902068875505
1645,6182,6182,wikimedia-en,fit,random_0,0.005,1,-0.1,0.0010996759159945739,0.0003708931731713565
1645,6182,6182,wikimedia-en,fit,random_0,0.005,1,0.1,0.001053117399253103,0.000276989917733772
1645,6182,6182,wikimedia-en,fit,random_0,0.01,-1,-0.1,0.001990696453458317,0.0007351654950100149
1645,6182,6182,wikimedia-en,fit,random_0,0.01,-1,0.1,0.0018854785810729568,0.0005634530682027885
1645,6182,6182,wikimedia-en,fit,random_0,0.01,1,-0.1,0.002272722400955804,0.0007373098151964791
1645,6182,6182,wikimedia-en,fit,random_0,0.01,1,0.1,0.002166912425632792,0.0005409983166114752
1645,6182,6182,wikimedia-en,fit,random_1,0.005,-1,-0.1,0.0010808989676373041,0.00014248681173256822
1645,6182,6182,wikimedia-en,fit,random_1,0.005,-1,0.1,0.0010647906137301892,0.0002404906861944876
1645,6182,6182,wikimedia-en,fit,random_1,0.005,1,-0.1,0.0009069383833620629,0.00022475614802836303
1645,6182,6182,wikimedia-en,fit,random_1,0.005,1,0.1,0.0008980535124028134,0.00027693203450989014
1645,6182,6182,wikimedia-en,fit,random_1,0.01,-1,-0.1,0.0023145556793410637,0.00020484249309548637
1645,6182,6182,wikimedia-en,fit,random_1,0.01,-1,0.1,0.002294621313560124,0.00040503396003702856
1645,6182,6182,wikimedia-en,fit,random_1,0.01,1,-0.1,0.001621733269776419,0.0004814456941839516
1645,6182,6182,wikimedia-en,fit,random_1,0.01,1,0.1,0.0016180984707060198,0.0005892361855606916
1645,6182,6182,wikimedia-en,fit,random_2,0.005,-1,-0.1,0.00095898508505069,0.00025130855077852083
1645,6182,6182,wikimedia-en,fit,random_2,0.005,-1,0.1,0.0010280690962513534,0.00024770775949219337
1645,6182,6182,wikimedia-en,fit,random_2,0.005,1,-0.1,0.0011277138304598578,0.00024226899624884012
1645,6182,6182,wikimedia-en,fit,random_2,0.005,1,0.1,0.00119544226279881,0.0002030926568177006
1645,6182,6182,wikimedia-en,fit,random_2,0.01,-1,-0.1,0.001716150446459914,0.0005339722334729325
1645,6182,6182,wikimedia-en,fit,random_2,0.01,-1,0.1,0.0018498003806918678,0.0005031007630519215
1645,6182,6182,wikimedia-en,fit,random_2,0.01,1,-0.1,0.00236158997947299,0.00042428276038769655
1645,6182,6182,wikimedia-en,fit,random_2,0.01,1,0.1,0.00254162820451736,0.00038170227760390084
1645,6182,6182,wikimedia-en,fit,approx_spectrum_matched,0.005,-1,-0.1,0.0007229055764117942,6.894667546821893e-05
1645,6182,6182,wikimedia-en,fit,approx_spectrum_matched,0.005,-1,0.1,0.0007664108278740574,2.1064870874526742e-05
1645,6182,6182,wikimedia-en,fit,approx_spectrum_matched,0.005,1,-0.1,0.000723051345206137,8.296649586106483e-07
1645,6182,6182,wikimedia-en,fit,approx_spectrum_matched,0.005,1,0.1,0.0007713157567717653,7.266282077341815e-05
1645,6182,6182,wikimedia-en,fit,approx_spectrum_matched,0.01,-1,-0.1,0.0014307609976267806,0.00022685369635486833
1645,6182,6182,wikimedia-en,fit,approx_spectrum_matched,0.01,-1,0.1,0.0015141652933985874,0.00013309664479791962
1645,6182,6182,wikimedia-en,fit,approx_spectrum_matched,0.01,1,-0.1,0.0014612653512576783,6.030245026631556e-05
1645,6182,6182,wikimedia-en,fit,approx_spectrum_matched,0.01,1,0.1,0.0015368901748580275,0.00019834370006831974
1645,6182,6182,wikimedia-en,fit,leading_pc,0.005,-1,-0.1,0.0021615783649598696,0.0010651589973890176
1645,6182,6182,wikimedia-en,fit,leading_pc,0.005,-1,0.1,0.002134674060884767,0.0009404615791034128
1645,6182,6182,wikimedia-en,fit,leading_pc,0.005,1,-0.1,0.0019012758018511153,0.0006971455069389846
1645,6182,6182,wikimedia-en,fit,leading_pc,0.005,1,0.1,0.0018762293389921424,0.0005848311918298939
1645,6182,6182,wikimedia-en,fit,leading_pc,0.01,-1,-0.1,0.004665356479665122,0.002610104849970777
1645,6182,6182,wikimedia-en,fit,leading_pc,0.01,-1,0.1,0.004590434820398171,0.0023283164232509564
1645,6182,6182,wikimedia-en,fit,leading_pc,0.01,1,-0.1,0.0036108801016471984,0.0011125039465206762
1645,6182,6182,wikimedia-en,fit,leading_pc,0.01,1,0.1,0.003597418358351274,0.0009191332189701729
1645,6182,6182,wikimedia-en,fit,shuffled_labels,0.005,-1,-0.1,0.002305653369247933,0.001536702669301215
1645,6182,6182,wikimedia-en,fit,shuffled_labels,0.005,-1,0.1,0.0022905218222643445,0.0014258613307187092
1645,6182,6182,wikimedia-en,fit,shuffled_labels,0.005,1,-0.1,0.002552642966636486,0.0016331175476783167
1645,6182,6182,wikimedia-en,fit,shuffled_labels,0.005,1,0.1,0.0025017312288028266,0.0014811918642309674
1645,6182,6182,wikimedia-en,fit,shuffled_labels,0.01,-1,-0.1,0.004373736581362883,0.0029753036384514903
1645,6182,6182,wikimedia-en,fit,shuffled_labels,0.01,-1,0.1,0.004339560427108224,0.002766435991895503
1645,6182,6182,wikimedia-en,fit,shuffled_labels,0.01,1,-0.1,0.005301439626894367,0.0032975354220778404
1645,6182,6182,wikimedia-en,fit,shuffled_labels,0.01,1,0.1,0.005204310078736821,0.002985890628237355
1645,6331,6331,wikimedia-en,check,learned,0.005,-1,-0.1,0.002506534968789773,0.001893647639076884
1645,6331,6331,wikimedia-en,check,learned,0.005,-1,0.1,0.0025093788204789956,0.0018303708553259474
1645,6331,6331,wikimedia-en,check,learned,0.005,1,-0.1,0.0022255875679440527,0.001866918334869587
1645,6331,6331,wikimedia-en,check,learned,0.005,1,0.1,0.0022165833127747595,0.0018087334588276372
1645,6331,6331,wikimedia-en,check,learned,0.01,-1,-0.1,0.00537592034074064,0.003780844832783257
1645,6331,6331,wikimedia-en,check,learned,0.01,-1,0.1,0.005389809680966394,0.003638333376628581
1645,6331,6331,wikimedia-en,check,learned,0.01,1,-0.1,0.004266519545133842,0.0036872598913441357
1645,6331,6331,wikimedia-en,check,learned,0.01,1,0.1,0.0042592093530318936,0.0035990922082158225
1645,6331,6331,wikimedia-en,check,random_0,0.005,-1,-0.1,0.001105176870092599,0.00038551698774293933
1645,6331,6331,wikimedia-en,check,random_0,0.005,-1,0.1,0.0011585133382216335,0.0002784507160758091
1645,6331,6331,wikimedia-en,check,random_0,0.005,1,-0.1,0.0010208703817532723,0.0003849339223572318
1645,6331,6331,wikimedia-en,check,random_0,0.005,1,0.1,0.0010822354801625432,0.00028801307363169774
1645,6331,6331,wikimedia-en,check,random_0,0.01,-1,-0.1,0.0022604485979403855,0.000807046006636467
1645,6331,6331,wikimedia-en,check,random_0,0.01,-1,0.1,0.0023636205644894165,0.0005785466021407628
1645,6331,6331,wikimedia-en,check,random_0,0.01,1,-0.1,0.0019345654325854545,0.000795650521293316
1645,6331,6331,wikimedia-en,check,random_0,0.01,1,0.1,0.002037206609699599,0.0006001299613537273
1645,6331,6331,wikimedia-en,check,random_1,0.005,-1,-0.1,0.0030339094977083815,0.0010262629012529442
1645,6331,6331,wikimedia-en,check,random_1,0.005,-1,0.1,0.00287555848648646,0.000976375990324112
1645,6331,6331,wikimedia-en,check,random_1,0.005,1,-0.1,0.0034696768707264975,0.0013875096906939492
1645,6331,6331,wikimedia-en,check,random_1,0.005,1,0.1,0.0032758534040893566,0.001313085374418792
1645,6331,6331,wikimedia-en,check,random_1,0.01,-1,-0.1,0.0057043581813112105,0.0017363272975833136
1645,6331,6331,wikimedia-en,check,random_1,0.01,-1,0.1,0.005392619538271221,0.0016413811175654775
1645,6331,6331,wikimedia-en,check,random_1,0.01,1,-0.1,0.007385963770842477,0.0031450634299876523
1645,6331,6331,wikimedia-en,check,random_1,0.01,1,0.1,0.0069969860158217885,0.0029958813672964295
1645,6331,6331,wikimedia-en,check,random_2,0.005,-1,-0.1,0.0011712227219228429,0.00046868672861594195
1645,6331,6331,wikimedia-en,check,random_2,0.005,-1,0.1,0.0009945341751521682,0.00037377269695255196
1645,6331,6331,wikimedia-en,check,random_2,0.005,1,-0.1,0.0007049620925347504,0.00015610478186625244
1645,6331,6331,wikimedia-en,check,random_2,0.005,1,0.1,0.0005526304034132657,7.408495058563708e-05
1645,6331,6331,wikimedia-en,check,random_2,0.01,-1,-0.1,0.002902042266354774,0.0013138914461681903
1645,6331,6331,wikimedia-en,check,random_2,0.01,-1,0.1,0.0025466541886895325,0.001131543856140805
1645,6331,6331,wikimedia-en,check,random_2,0.01,1,-0.1,0.0010698956101436049,8.255742872593103e-05
1645,6331,6331,wikimedia-en,check,random_2,0.01,1,0.1,0.0007868149779081341,8.462161359656427e-05
1645,6331,6331,wikimedia-en,check,approx_spectrum_matched,0.005,-1,-0.1,0.0008491152426119517,0.0006071956710809701
1645,6331,6331,wikimedia-en,check,approx_spectrum_matched,0.005,-1,0.1,0.0008519835133013373,0.000629122672595
1645,6331,6331,wikimedia-en,check,approx_spectrum_matched,0.005,1,-0.1,0.0007755313315930166,0.000526921766070387
1645,6331,6331,wikimedia-en,check,approx_spectrum_matched,0.005,1,0.1,0.0007669203433417457,0.0005497570283486635
1645,6331,6331,wikimedia-en,check,approx_spectrum_matched,0.01,-1,-0.1,0.001746396676564274,0.0012874975549579803
1645,6331,6331,wikimedia-en,check,approx_spectrum_matched,0.01,-1,0.1,0.0017587040178745849,0.001331257218795543
1645,6331,6331,wikimedia-en,check,approx_spectrum_matched,0.01,1,-0.1,0.0014412477846480341,0.0009645324388415538
1645,6331,6331,wikimedia-en,check,approx_spectrum_matched,0.01,1,0.1,0.0014358298461374802,0.0010178042125733636
1645,6331,6331,wikimedia-en,check,leading_pc,0.005,-1,-0.1,0.0015269824597184275,0.0003755253062965685
1645,6331,6331,wikimedia-en,check,leading_pc,0.005,-1,0.1,0.0012637893993001522,0.0003286053627533314
1645,6331,6331,wikimedia-en,check,leading_pc,0.005,1,-0.1,0.0013845000349923715,0.00038225559785000655
1645,6331,6331,wikimedia-en,check,leading_pc,0.005,1,0.1,0.001204375599811809,0.00033963437478754026
1645,6331,6331,wikimedia-en,check,leading_pc,0.01,-1,-0.1,0.0033190075277383453,0.0006993799182511702
1645,6331,6331,wikimedia-en,check,leading_pc,0.01,-1,0.1,0.002712926532044371,0.0006091608719513023
1645,6331,6331,wikimedia-en,check,leading_pc,0.01,1,-0.1,0.0027000620611020644,0.0007282669790026331
1645,6331,6331,wikimedia-en,check,leading_pc,0.01,1,0.1,0.0023812959323247828,0.0006696623282692577
1645,6331,6331,wikimedia-en,check,shuffled_labels,0.005,-1,-0.1,0.0019718966931064116,0.0008709095518128056
1645,6331,6331,wikimedia-en,check,shuffled_labels,0.005,-1,0.1,0.0019481172031759,0.0008396943447776617
1645,6331,6331,wikimedia-en,check,shuffled_labels,0.005,1,-0.1,0.0019787722297038516,0.0007668303480273624
1645,6331,6331,wikimedia-en,check,shuffled_labels,0.005,1,0.1,0.0019343679684602558,0.0007347814267183486
1645,6331,6331,wikimedia-en,check,shuffled_labels,0.01,-1,-0.1,0.003907579818694399,0.0018622178783064432
1645,6331,6331,wikimedia-en,check,shuffled_labels,0.01,-1,0.1,0.0038954791022925623,0.0017963133062260798
1645,6331,6331,wikimedia-en,check,shuffled_labels,0.01,1,-0.1,0.00395780152549495,0.0014483545595452639
1645,6331,6331,wikimedia-en,check,shuffled_labels,0.01,1,0.1,0.0038428946775032934,0.0013922800856779839
1645,6355,6355,wikimedia-en,check,learned,0.005,-1,-0.1,0.0015134571027860023,0.001476957683661373
1645,6355,6355,wikimedia-en,check,learned,0.005,-1,0.1,0.0014884064594105626,0.0014040822393876398
1645,6355,6355,wikimedia-en,check,learned,0.005,1,-0.1,0.0010923789804360136,0.0009797077565096934
1645,6355,6355,wikimedia-en,check,learned,0.005,1,0.1,0.0009626439993660222,0.0009234164962977745
1645,6355,6355,wikimedia-en,check,learned,0.01,-1,-0.1,0.004069756762904731,0.003572557198011708
1645,6355,6355,wikimedia-en,check,learned,0.01,-1,0.1,0.004086052081670165,0.003402708098393963
1645,6355,6355,wikimedia-en,check,learned,0.01,1,-0.1,0.0021934346011839574,0.0016812791578706592
1645,6355,6355,wikimedia-en,check,learned,0.01,1,0.1,0.0018501348716575276,0.0015819808059691107
1645,6355,6355,wikimedia-en,check,random_0,0.005,-1,-0.1,0.0013729267166984528,0.00041993952132922337
1645,6355,6355,wikimedia-en,check,random_0,0.005,-1,0.1,0.0013497281544334657,0.0003851063931774043
1645,6355,6355,wikimedia-en,check,random_0,0.005,1,-0.1,0.0013226125356641735,0.00046884920230158246
1645,6355,6355,wikimedia-en,check,random_0,0.005,1,0.1,0.0013098581339077676,0.00043120827047756475
1645,6355,6355,wikimedia-en,check,random_0,0.01,-1,-0.1,0.0027441605599370154,0.000805596275467466
1645,6355,6355,wikimedia-en,check,random_0,0.01,-1,0.1,0.0026889261271968723,0.0007220395775392363
1645,6355,6355,wikimedia-en,check,random_0,0.01,1,-0.1,0.0025630140969516674,0.0009909113341773084
1645,6355,6355,wikimedia-en,check,random_0,0.01,1,0.1,0.0025402711836380668,0.0009334331800546822
1645,6355,6355,wikimedia-en,check,random_1,0.005,-1,-0.1,0.0023995946767464906,0.0014778064237263068
1645,6355,6355,wikimedia-en,check,random_1,0.005,-1,0.1,0.002456205235049878,0.0015300711590627678
1645,6355,6355,wikimedia-en,check,random_1,0.005,1,-0.1,0.002572538899092635,0.001602295956301211
1645,6355,6355,wikimedia-en,check,random_1,0.005,1,0.1,0.002619538031823991,0.0016691872544133367
1645,6355,6355,wikimedia-en,check,random_1,0.01,-1,-0.1,0.0045952117820298255,0.0028246472066939957
1645,6355,6355,wikimedia-en,check,random_1,0.01,-1,0.1,0.004726835279628005,0.0029249155791918986
1645,6355,6355,wikimedia-en,check,random_1,0.01,1,-0.1,0.0052810458184521306,0.0033218981406105356
1645,6355,6355,wikimedia-en,check,random_1,0.01,1,0.1,0.005358231940733282,0.003461142285073743
1645,6355,6355,wikimedia-en,check,random_2,0.005,-1,-0.1,0.0013625183540631912,0.0010173669520294583
1645,6355,6355,wikimedia-en,check,random_2,0.005,-1,0.1,0.0013350186970318757,0.0010614050351091227
1645,6355,6355,wikimedia-en,check,random_2,0.005,1,-0.1,0.001143086781996415,0.000890758253998515
1645,6355,6355,wikimedia-en,check,random_2,0.005,1,0.1,0.001112952636778446,0.0009294226881919825
1645,6355,6355,wikimedia-en,check,random_2,0.01,-1,-0.1,0.002932688857031504,0.0021481877276847854
1645,6355,6355,wikimedia-en,check,random_2,0.01,-1,0.1,0.0028838461661716192,0.0022423220876547872
1645,6355,6355,wikimedia-en,check,random_2,0.01,1,-0.1,0.002074347142572763,0.0016741631946867582
1645,6355,6355,wikimedia-en,check,random_2,0.01,1,0.1,0.0019912776819052277,0.0017244145705326431
1645,6355,6355,wikimedia-en,check,approx_spectrum_matched,0.005,-1,-0.1,0.0008825816561395047,0.0006852360076114293
1645,6355,6355,wikimedia-en,check,approx_spectrum_matched,0.005,-1,0.1,0.0008889523606517119,0.0006439158228828839
1645,6355,6355,wikimedia-en,check,approx_spectrum_matched,0.005,1,-0.1,0.0007720706310677619,0.0006310346586698639
1645,6355,6355,wikimedia-en,check,approx_spectrum_matched,0.005,1,0.1,0.0007880139087994946,0.0005949466809849963
1645,6355,6355,wikimedia-en,check,approx_spectrum_matched,0.01,-1,-0.1,0.0018982970513758018,0.0014396431000245756
1645,6355,6355,wikimedia-en,check,approx_spectrum_matched,0.01,-1,0.1,0.00189508411004295,0.0013520790095556878
1645,6355,6355,wikimedia-en,check,approx_spectrum_matched,0.01,1,-0.1,0.00144320301877406,0.0012105990604514088
1645,6355,6355,wikimedia-en,check,approx_spectrum_matched,0.01,1,0.1,0.0014861879069818264,0.0011496043674940413
1645,6355,6355,wikimedia-en,check,leading_pc,0.005,-1,-0.1,0.004934114077895815,0.000105334190451289
1645,6355,6355,wikimedia-en,check,leading_pc,0.005,-1,0.1,0.004977006632375354,6.603776259981235e-07
1645,6355,6355,wikimedia-en,check,leading_pc,0.005,1,-0.1,0.004190103338335707,5.012260890365842e-05
1645,6355,6355,wikimedia-en,check,leading_pc,0.005,1,0.1,0.0041895095074537024,2.083610595825104e-05
1645,6355,6355,wikimedia-en,check,leading_pc,0.01,-1,-0.1,0.010611017425349804,0.0003147832672451196
1645,6355,6355,wikimedia-en,check,leading_pc,0.01,-1,0.1,0.010770783258441562,0.00010583964029079685
1645,6355,6355,wikimedia-en,check,leading_pc,0.01,1,-0.1,0.007718584348503528,0.00011105313688478145
1645,6355,6355,wikimedia-en,check,leading_pc,0.01,1,0.1,0.0077015630406417485,2.6518399401205172e-05
1645,6355,6355,wikimedia-en,check,shuffled_labels,0.005,-1,-0.1,0.0019131964207683343,0.000594887139231834
1645,6355,6355,wikimedia-en,check,shuffled_labels,0.005,-1,0.1,0.001608004416382051,0.0005846728648971105
1645,6355,6355,wikimedia-en,check,shuffled_labels,0.005,1,-0.1,0.002003855437924724,0.0005595319064513803
1645,6355,6355,wikimedia-en,check,shuffled_labels,0.005,1,0.1,0.0017243500403178453,0.0005564764471253882
1645,6355,6355,wikimedia-en,check,shuffled_labels,0.01,-1,-0.1,0.003760120144647145,0.0011767820152273482
1645,6355,6355,wikimedia-en,check,shuffled_labels,0.01,-1,0.1,0.003142901136126186,0.0011524440427858695
1645,6355,6355,wikimedia-en,check,shuffled_labels,0.01,1,-0.1,0.004103752032596772,0.001029532102001551
1645,6355,6355,wikimedia-en,check,shuffled_labels,0.01,1,0.1,0.0035783685617823977,0.001046652518244561
2966,6563,6563,wikimedia-en,fit,learned,0.005,-1,-0.1,0.0003094803797443349,0.000309415936709241
2966,6563,6563,wikimedia-en,fit,learned,0.005,-1,0.1,0.0002948231552397692,0.0002947849456318624
2966,6563,6563,wikimedia-en,fit,learned,0.005,1,-0.1,0.0003024234185354416,0.0003023147437649951
2966,6563,6563,wikimedia-en,fit,learned,0.005,1,0.1,0.00028781006166987336,0.00028770633859012457
2966,6563,6563,wikimedia-en,fit,learned,0.01,-1,-0.1,0.0005961250253380852,0.0005955017183641412
2966,6563,6563,wikimedia-en,fit,learned,0.01,-1,0.1,0.000593565737679048,0.0005931690594781969
2966,6563,6563,wikimedia-en,fit,learned,0.01,1,-0.1,0.0005712561023019751,0.0005696721173494726
2966,6563,6563,wikimedia-en,fit,learned,0.01,1,0.1,0.0005843833918545095,0.000583026878577663
2966,6563,6563,wikimedia-en,fit,random_0,0.005,-1,-0.1,0.0002315386904947103,4.2219742076361673e-05
2966,6563,6563,wikimedia-en,fit,random_0,0.005,-1,0.1,0.00022497243954905702,4.274380257280492e-05
2966,6563,6563,wikimedia-en,fit,random_0,0.005,1,-0.1,0.00020849813795813268,7.710982737090303e-05
2966,6563,6563,wikimedia-en,fit,random_0,0.005,1,0.1,0.00019865862389204701,7.15095297305503e-05
2966,6563,6563,wikimedia-en,fit,random_0,0.01,-1,-0.1,0.00047686077595872323,4.531642931552042e-05
2966,6563,6563,wikimedia-en,fit,random_0,0.01,-1,0.1,0.000477527892977741,5.2462009226127796e-05
2966,6563,6563,wikimedia-en,fit,random_0,0.01,1,-0.1,0.00036182114809117736,0.0001389368423828561
2966,6563,6563,wikimedia-en,fit,random_0,0.01,1,0.1,0.0003676708249281107,0.00012737038448109575
2966,6563,6563,wikimedia-en,fit,random_1,0.005,-1,-0.1,0.00030671030511729696,8.455799464004398e-06
2966,6563,6563,wikimedia-en,fit,random_1,0.005,-1,0.1,0.0002931569728870895,2.6787650773876852e-06
2966,6563,6563,wikimedia-en,fit,random_1,0.005,1,-0.1,0.0003118597266150755,1.897416201371401e-05
2966,6563,6563,wikimedia-en,fit,random_1,0.005,1,0.1,0.00030558119607414577,2.589092908123151e-06
2966,6563,6563,wikimedia-en,fit,random_1,0.01,-1,-0.1,0.0005935689937142563,1.383208457351078e-07
2966,6563,6563,wikimedia-en,fit,random_1,0.01,-1,0.1,0.0005906980884767211,4.1713424688159465e-06
2966,6563,6563,wikimedia-en,fit,random_1,0.01,1,-0.1,0.0006204228663876394,5.893265131494582e-05
2966,6563,6563,wikimedia-en,fit,random_1,0.01,1,0.1,0.000621246354158415,5.959279771367616e-05
2966,6563,6563,wikimedia-en,fit,random_2,0.005,-1,-0.1,0.0003129633243493163,0.000192092605630414
2966,6563,6563,wikimedia-en,fit,random_2,0.005,-1,0.1,0.0003028786901934504,0.00018585679451265343
2966,6563,6563,wikimedia-en,fit,random_2,0.005,1,-0.1,0.0002683405344454295,0.00016545851651042322
2966,6563,6563,wikimedia-en,fit,random_2,0.005,1,0.1,0.0002768588976778058,0.00017756355854647377
2966,6563,6563,wikimedia-en,fit,random_2,0.01,-1,-0.1,0.0006369323670609934,0.0003780139915620392
2966,6563,6563,wikimedia-en,fit,random_2,0.01,-1,0.1,0.0006406824941410993,0.00037971239353401596
2966,6563,6563,wikimedia-en,fit,random_2,0.01,1,-0.1,0.0005051266016656145,0.00032150980885819027
2966,6563,6563,wikimedia-en,fit,random_2,0.01,1,0.1,0.0005105454419201753,0.0003365470553739115
2966,6563,6563,wikimedia-en,fit,approx_spectrum_matched,0.005,-1,-0.1,0.0004913641054823724,8.10440004425656e-05
2966,6563,6563,wikimedia-en,fit,approx_spectrum_matched,0.005,-1,0.1,0.0004990063838939876,8.920050893256643e-05
2966,6563,6563,wikimedia-en,fit,approx_spectrum_matched,0.005,1,-0.1,0.00048556640621744775,5.857946427409847e-05
2966,6563,6563,wikimedia-en,fit,approx_spectrum_matched,0.005,1,0.1,0.000489010861789135,5.5929107846614125e-05
2966,6563,6563,wikimedia-en,fit,approx_spectrum_matched,0.01,-1,-0.1,0.001003725794750692,0.00021875136978263124
2966,6563,6563,wikimedia-en,fit,approx_spectrum_matched,0.01,-1,0.1,0.0010040759485479068,0.0002325483173785625
2966,6563,6563,wikimedia-en,fit,approx_spectrum_matched,0.01,1,-0.1,0.0009604262189305009,9.581619788285273e-05
2966,6563,6563,wikimedia-en,fit,approx_spectrum_matched,0.01,1,0.1,0.0009606838785472453,9.69352330161937e-05
2966,6563,6563,wikimedia-en,fit,leading_pc,0.005,-1,-0.1,0.0007847479713914136,0.0005688525663384921
2966,6563,6563,wikimedia-en,fit,leading_pc,0.005,-1,0.1,0.000782527441772239,0.0005765885225976696
2966,6563,6563,wikimedia-en,fit,leading_pc,0.005,1,-0.1,0.000646490255147038,0.0004412791330959425
2966,6563,6563,wikimedia-en,fit,leading_pc,0.005,1,0.1,0.0006475712061713861,0.00044380052290736004
2966,6563,6563,wikimedia-en,fit,leading_pc,0.01,-1,-0.1,0.0017476509402562781,0.0013298725253409395
2966,6563,6563,wikimedia-en,fit,leading_pc,0.01,-1,0.1,0.001730762443750279,0.0013128539734994522
2966,6563,6563,wikimedia-en,fit,leading_pc,0.01,1,-0.1,0.001181693402881859,0.0007638385978974675
2966,6563,6563,wikimedia-en,fit,leading_pc,0.01,1,0.1,0.0011504438418341385,0.000746092457044878
2966,6563,6563,wikimedia-en,fit,shuffled_labels,0.005,-1,-0.1,0.0001568207152640874,0.00010918625566529195
2966,6563,6563,wikimedia-en,fit,shuffled_labels,0.005,-1,0.1,0.00017989230826956527,0.00013582371993951738
2966,6563,6563,wikimedia-en,fit,shuffled_labels,0.005,1,-0.1,0.00016195875159388584,0.00010441729284540683
2966,6563,6563,wikimedia-en,fit,shuffled_labels,0.005,1,0.1,0.00015152175987316022,9.692168817018092e-05
2966,6563,6563,wikimedia-en,fit,shuffled_labels,0.01,-1,-0.1,0.0003541259976429425,0.0002579885393175657
2966,6563,6563,wikimedia-en,fit,shuffled_labels,0.01,-1,0.1,0.0003668684817977262,0.00027716909478397783
2966,6563,6563,wikimedia-en,fit,shuffled_labels,0.01,1,-0.1,0.0002984120693252279,0.00016519002168232465
2966,6563,6563,wikimedia-en,fit,shuffled_labels,0.01,1,0.1,0.00029956952915453287,0.0001749903903813852
28027,6565,6565,wikimedia-en,fit,learned,0.005,-1,-0.1,0.0003837102419749967,8.252270036381453e-05
28027,6565,6565,wikimedia-en,fit,learned,0.005,-1,0.1,0.0003651464408698396,0.00011180138573295507
28027,6565,6565,wikimedia-en,fit,learned,0.005,1,-0.1,0.0003330290248727575,0.00010777632174016816
28027,6565,6565,wikimedia-en,fit,learned,0.005,1,0.1,0.00029952054584432374,0.00014202199624309533
28027,6565,6565,wikimedia-en,fit,learned,0.01,-1,-0.1,0.0007966948662736569,0.0001462436702592012
28027,6565,6565,wikimedia-en,fit,learned,0.01,-1,0.1,0.0007810336470914893,0.0001852637607938488
28027,6565,6565,wikimedia-en,fit,learned,0.01,1,-0.1,0.0005956190484252978,0.0002506958526595366
28027,6565,6565,wikimedia-en,fit,learned,0.01,1,0.1,0.0005256121294362837,0.0003153586581925545
28027,6565,6565,wikimedia-en,fit,random_0,0.005,-1,-0.1,0.000351580027053951,0.0002900108142020513
28027,6565,6565,wikimedia-en,fit,random_0,0.005,-1,0.1,0.00035535215475476594,0.0003016867158062523
28027,6565,6565,wikimedia-en,fit,random_0,0.005,1,-0.1,0.00037665789389691186,0.0003054146840087867
28027,6565,6565,wikimedia-en,fit,random_0,0.005,1,0.1,0.00037785967666916366,0.0003207964943011278
28027,6565,6565,wikimedia-en,fit,random_0,0.01,-1,-0.1,0.0006739509177363856,0.000564023980108787
28027,6565,6565,wikimedia-en,fit,random_0,0.01,-1,0.1,0.0006729130301614699,0.0005747193039009839
28027,6565,6565,wikimedia-en,fit,random_0,0.01,1,-0.1,0.000775018089091078,0.0006274218878688449
28027,6565,6565,wikimedia-en,fit,random_0,0.01,1,0.1,0.0007750579875455169,0.0006548541040105708
28027,6565,6565,wikimedia-en,fit,random_1,0.005,-1,-0.1,0.0001933138065455953,0.00019317791866632774
28027,6565,6565,wikimedia-en,fit,random_1,0.005,-1,0.1,0.0001983665502855906,0.00019797292992301512
28027,6565,6565,wikimedia-en,fit,random_1,0.005,1,-0.1,0.00023088374446962452,0.00022865730678935935
28027,6565,6565,wikimedia-en,fit,random_1,0.005,1,0.1,0.00022991266182409916,0.0002277843530155137
28027,6565,6565,wikimedia-en,fit,random_1,0.01,-1,-0.1,0.00036835168940021747,0.00036768126703554045
28027,6565,6565,wikimedia-en,fit,random_1,0.01,-1,0.1,0.0003498893172592513,0.000347578712543964
28027,6565,6565,wikimedia-en,fit,random_1,0.01,1,-0.1,0.000517707265406685,0.0005068842474273883
28027,6565,6565,wikimedia-en,fit,random_1,0.01,1,0.1,0.0005035273954942663,0.0004940455568835592
28027,6565,6565,wikimedia-en,fit,random_2,0.005,-1,-0.1,0.0001873672743262148,1.993633440385708e-05
28027,6565,6565,wikimedia-en,fit,random_2,0.005,-1,0.1,0.00019179289145639908,2.1521688874477436e-05
28027,6565,6565,wikimedia-en,fit,random_2,0.005,1,-0.1,0.00013160014479916083,1.206017670606023e-07
28027,6565,6565,wikimedia-en,fit,random_2,0.005,1,0.1,0.00014357154286620189,5.824889461551326e-06
28027,6565,6565,wikimedia-en,fit,random_2,0.01,-1,-0.1,0.00042145931385492003,5.506314757242998e-05
28027,6565,6565,wikimedia-en,fit,random_2,0.01,-1,0.1,0.00043394801301778626,7.290832077558655e-05
28027,6565,6565,wikimedia-en,fit,random_2,0.01,1,-0.1,0.00022776849493252925,1.9702782341361916e-05
28027,6565,6565,wikimedia-en,fit,random_2,0.01,1,0.1,0.00023617643840936735,7.583786377853613e-06
28027,6565,6565,wikimedia-en,fit,approx_spectrum_matched,0.005,-1,-0.1,0.0003972886331361405,0.00025872880479968567
28027,6565,6565,wikimedia-en,fit,approx_spectrum_matched,0.005,-1,0.1,0.00039740307936572423,0.0002753417917298369
28027,6565,6565,wikimedia-en,fit,approx_spectrum_matched,0.005,1,-0.1,0.0003536910491517409,0.000198297603347779
28027,6565,6565,wikimedia-en,fit,approx_spectrum_matched,0.005,1,0.1,0.00035691508150234445,0.00020555999542156005
28027,6565,6565,wikimedia-en,fit,approx_spectrum_matched,0.01,-1,-0.1,0.0008412791374006949,0.0006059841646992217
28027,6565,6565,wikimedia-en,fit,approx_spectrum_matched,0.01,-1,0.1,0.0008449199229883413,0.0006355335248998525
28027,6565,6565,wikimedia-en,fit,approx_spectrum_matched,0.01,1,-0.1,0.0006688738799155088,0.0003314956359362161
28027,6565,6565,wikimedia-en,fit,approx_spectrum_matched,0.01,1,0.1,0.0006663447406602258,0.000341006300676343
28027,6565,6565,wikimedia-en,fit,leading_pc,0.005,-1,-0.1,0.0006430127419989366,0.0005217554290666226
28027,6565,6565,wikimedia-en,fit,leading_pc,0.005,-1,0.1,0.00065199665842554,0.0005366165070301199
28027,6565,6565,wikimedia-en,fit,leading_pc,0.005,1,-0.1,0.0006059983099749284,0.00046667042014668895
28027,6565,6565,wikimedia-en,fit,leading_pc,0.005,1,0.1,0.0006220771585283142,0.000475832032340376
28027,6565,6565,wikimedia-en,fit,leading_pc,0.01,-1,-0.1,0.0013409152639170551,0.0011113692094955946
28027,6565,6565,wikimedia-en,fit,leading_pc,0.01,-1,0.1,0.0013754463501291837,0.00114847536609902
28027,6565,6565,wikimedia-en,fit,leading_pc,0.01,1,-0.1,0.0011946205045440415,0.0008772783862361787
28027,6565,6565,wikimedia-en,fit,leading_pc,0.01,1,0.1,0.0012366949809689016,0.000905386654150407
28027,6565,6565,wikimedia-en,fit,shuffled_labels,0.005,-1,-0.1,0.0001794960997077819,0.00015052242177335254
28027,6565,6565,wikimedia-en,fit,shuffled_labels,0.005,-1,0.1,0.00017141748692849212,0.0001426068508406057
28027,6565,6565,wikimedia-en,fit,shuffled_labels,0.005,1,-0.1,0.00018360150224470335,0.000164060911378389
28027,6565,6565,wikimedia-en,fit,shuffled_labels,0.005,1,0.1,0.00018520443618516328,0.00015836689043828464
28027,6565,6565,wikimedia-en,fit,shuffled_labels,0.01,-1,-0.1,0.0003442817116963329,0.00029005392963740544
28027,6565,6565,wikimedia-en,fit,shuffled_labels,0.01,-1,0.1,0.0003393606873323703,0.0002804309870420968
28027,6565,6565,wikimedia-en,fit,shuffled_labels,0.01,1,-0.1,0.00037817726247593595,0.00033631193369509173
28027,6565,6565,wikimedia-en,fit,shuffled_labels,0.01,1,0.1,0.0003713823791240836,0.00031903865138790483
2966,6692,6692,wikimedia-en,fit,learned,0.005,-1,-0.1,7.036539743689238e-05,5.974422501835856e-05
2966,6692,6692,wikimedia-en,fit,learned,0.005,-1,0.1,7.152557373046875e-05,6.323614461920435e-05
2966,6692,6692,wikimedia-en,fit,learned,0.005,1,-0.1,6.03156597169567e-05,5.22221776019697e-05
2966,6692,6692,wikimedia-en,fit,learned,0.005,1,0.1,7.461244580867253e-05,6.486468374852183e-05
2966,6692,6692,wikimedia-en,fit,learned,0.01,-1,-0.1,0.00015201760055121358,0.00013405259241724716
2966,6692,6692,wikimedia-en,fit,learned,0.01,-1,0.1,0.0001434479613923199,0.00012778995701960997
2966,6692,6692,wikimedia-en,fit,learned,0.01,1,-0.1,0.00011798227159465385,0.00010013266736290415
2966,6692,6692,wikimedia-en,fit,learned,0.01,1,0.1,0.00013600479125625616,0.00012103514191680686
2966,6692,6692,wikimedia-en,fit,random_0,0.005,-1,-0.1,8.840411739469363e-05,7.837662966352756e-06
2966,6692,6692,wikimedia-en,fit,random_0,0.005,-1,0.1,8.807945166792921e-05,8.68628632793072e-06
2966,6692,6692,wikimedia-en,fit,random_0,0.005,1,-0.1,8.27940913789297e-05,1.1301549786758482e-06
2966,6692,6692,wikimedia-en,fit,random_0,0.005,1,0.1,8.423163401318185e-05,7.865814222407657e-06
2966,6692,6692,wikimedia-en,fit,random_0,0.01,-1,-0.1,0.00018542038376732003,1.2489850955748617e-05
2966,6692,6692,wikimedia-en,fit,random_0,0.01,-1,0.1,0.00017431643062612752,1.9552641718827943e-05
2966,6692,6692,wikimedia-en,fit,random_0,0.01,1,-0.1,0.00015228061731915966,8.544533390121462e-07
2966,6692,6692,wikimedia-en,fit,random_0,0.01,1,0.1,0.00014431711149617726,1.0075903583157308e-05
2966,6692,6692,wikimedia-en,fit,random_1,0.005,-1,-0.1,0.0003342516240127938,0.00032857944019988085
2966,6692,6692,wikimedia-en,fit,random_1,0.005,-1,0.1,0.0003393178042429281,0.0003329491682717049
2966,6692,6692,wikimedia-en,fit,random_1,0.005,1,-0.1,0.00028990758077503993,0.0002892484700961196
2966,6692,6692,wikimedia-en,fit,random_1,0.005,1,0.1,0.0002773749904138391,0.0002765080312201039
2966,6692,6692,wikimedia-en,fit,random_1,0.01,-1,-0.1,0.0007010206849252536,0.0006842737301301396
2966,6692,6692,wikimedia-en,fit,random_1,0.01,-1,0.1,0.0007053748142088069,0.0006889685632371712
2966,6692,6692,wikimedia-en,fit,random_1,0.01,1,-0.1,0.0005191230462072834,0.0005191161288633395
2966,6692,6692,wikimedia-en,fit,random_1,0.01,1,0.1,0.000505559836780709,0.0005055579412714836
2966,6692,6692,wikimedia-en,fit,random_2,0.005,-1,-0.1,0.0005891060157537145,0.00044548408050008723
2966,6692,6692,wikimedia-en,fit,random_2,0.005,-1,0.1,0.0005831997210498462,0.00043869331024669285
2966,6692,6692,wikimedia-en,fit,random_2,0.005,1,-0.1,0.0006215652378241727,0.00047525862567297816
2966,6692,6692,wikimedia-en,fit,random_2,0.005,1,0.1,0.0006262358876017737,0.0004771423648609112
2966,6692,6692,wikimedia-en,fit,random_2,0.01,-1,-0.1,0.001137466431303726,0.0008513484310021453
2966,6692,6692,wikimedia-en,fit,random_2,0.01,-1,0.1,0.001131059347476427,0.0008454296413509609
2966,6692,6692,wikimedia-en,fit,random_2,0.01,1,-0.1,0.0012705680191179172,0.000976794648106524
2966,6692,6692,wikimedia-en,fit,random_2,0.01,1,0.1,0.0012629820462569381,0.0009679387550787481
2966,6692,6692,wikimedia-en,fit,approx_spectrum_matched,0.005,-1,-0.1,0.00032087987657021,0.0003166560218353631
2966,6692,6692,wikimedia-en,fit,approx_spectrum_matched,0.005,-1,0.1,0.0003034498164128628,0.00029918526492470673
2966,6692,6692,wikimedia-en,fit,approx_spectrum_matched,0.005,1,-0.1,0.00027041502087947185,0.00025478379408083203
2966,6692,6692,wikimedia-en,fit,approx_spectrum_matched,0.005,1,0.1,0.0002751561128688356,0.0002517492248014589
2966,6692,6692,wikimedia-en,fit,approx_spectrum_matched,0.01,-1,-0.1,0.0006462119968288512,0.0006426523914452205
2966,6692,6692,wikimedia-en,fit,approx_spectrum_matched,0.01,-1,0.1,0.0006275727731950685,0.0006228065560414829
2966,6692,6692,wikimedia-en,fit,approx_spectrum_matched,0.01,1,-0.1,0.0005010058834672519,0.00042005473114231087
2966,6692,6692,wikimedia-en,fit,approx_spectrum_matched,0.01,1,0.1,0.0005074730355154009,0.00042813261606958577
2966,6692,6692,wikimedia-en,fit,leading_pc,0.005,-1,-0.1,0.0003186157240666108,0.000193801991461015
2966,6692,6692,wikimedia-en,fit,leading_pc,0.005,-1,0.1,0.0003157871855789793,0.00018663147738567579
2966,6692,6692,wikimedia-en,fit,leading_pc,0.005,1,-0.1,0.00033954020144415356,0.00018975220785855232
2966,6692,6692,wikimedia-en,fit,leading_pc,0.005,1,0.1,0.0003400821867592515,0.00019401200481086424
2966,6692,6692,wikimedia-en,fit,leading_pc,0.01,-1,-0.1,0.0005548794836639658,0.0003404412630238123
2966,6692,6692,wikimedia-en,fit,leading_pc,0.01,-1,0.1,0.0005487009746774629,0.0003264967890614426
2966,6692,6692,wikimedia-en,fit,leading_pc,0.01,1,-0.1,0.0006665576312311612,0.0003472135695201859
2966,6692,6692,wikimedia-en,fit,leading_pc,0.01,1,0.1,0.0006686610467131845,0.00034567405300716606
2966,6692,6692,wikimedia-en,fit,shuffled_labels,0.005,-1,-0.1,8.834236829468348e-05,2.9172140785957383e-05
2966,6692,6692,wikimedia-en,fit,shuffled_labels,0.005,-1,0.1,8.254655841210328e-05,2.142357614512059e-05
2966,6692,6692,wikimedia-en,fit,shuffled_labels,0.005,1,-0.1,8.91060533660742e-05,2.6225656506475197e-05
2966,6692,6692,wikimedia-en,fit,shuffled_labels,0.005,1,0.1,8.296966552734375e-05,2.9903193811454175e-05
2966,6692,6692,wikimedia-en,fit,shuffled_labels,0.01,-1,-0.1,0.00017686480931145714,5.199624515909943e-05
2966,6692,6692,wikimedia-en,fit,shuffled_labels,0.01,-1,0.1,0.00017378081474193313,4.644115256862214e-05
2966,6692,6692,wikimedia-en,fit,shuffled_labels,0.01,1,-0.1,0.00016728763245844864,5.2619592029831855e-05
2966,6692,6692,wikimedia-en,fit,shuffled_labels,0.01,1,0.1,0.00017064375718632032,6.076505233888694e-05
28027,6745,6745,wikimedia-en,check,learned,0.005,-1,-0.1,0.00112280895356914,0.001121163108971145
28027,6745,6745,wikimedia-en,check,learned,0.005,-1,0.1,0.0010182969995465555,0.001003005706676043
28027,6745,6745,wikimedia-en,check,learned,0.005,1,-0.1,0.0014812963779806951,0.0013615866558389915
28027,6745,6745,wikimedia-en,check,learned,0.005,1,0.1,0.0013963496157602554,0.001236623801017672
28027,6745,6745,wikimedia-en,check,learned,0.01,-1,-0.1,0.001966166194303672,0.0018754511762827432
28027,6745,6745,wikimedia-en,check,learned,0.01,-1,0.1,0.0017126318657742954,0.0016860332471631385
28027,6745,6745,wikimedia-en,check,learned,0.01,1,-0.1,0.003259881355463483,0.0028931825648453365
28027,6745,6745,wikimedia-en,check,learned,0.01,1,0.1,0.0030600680883191094,0.0026360852757523244
28027,6745,6745,wikimedia-en,check,random_0,0.005,-1,-0.1,0.002502145637065785,0.0024481098451247965
28027,6745,6745,wikimedia-en,check,random_0,0.005,-1,0.1,0.0025277987341571864,0.0024904736600059236
28027,6745,6745,wikimedia-en,check,random_0,0.005,1,-0.1,0.0023429572211576197,0.002296673495271833
28027,6745,6745,wikimedia-en,check,random_0,0.005,1,0.1,0.002380369422144792,0.0023450688998441775
28027,6745,6745,wikimedia-en,check,random_0,0.01,-1,-0.1,0.005133772478994449,0.005022572276666685
28027,6745,6745,wikimedia-en,check,random_0,0.01,-1,0.1,0.005183910509863262,0.005103816935180202
28027,6745,6745,wikimedia-en,check,random_0,0.01,1,-0.1,0.004529347881255839,0.004439822629266494
28027,6745,6745,wikimedia-en,check,random_0,0.01,1,0.1,0.00458697630385208,0.004522458725075931
28027,6745,6745,wikimedia-en,check,random_1,0.005,-1,-0.1,0.0034227066963397465,0.0030682389640070305
28027,6745,6745,wikimedia-en,check,random_1,0.005,-1,0.1,0.0033436330531914286,0.0030226261863321195
28027,6745,6745,wikimedia-en,check,random_1,0.005,1,-0.1,0.0034461303816404067,0.00309962961995061
28027,6745,6745,wikimedia-en,check,random_1,0.005,1,0.1,0.0033403792071545917,0.0030302349754119896
28027,6745,6745,wikimedia-en,check,random_1,0.01,-1,-0.1,0.006819887203336378,0.006102713687441656
28027,6745,6745,wikimedia-en,check,random_1,0.01,-1,0.1,0.006638976337951898,0.005990226134503908
28027,6745,6745,wikimedia-en,check,random_1,0.01,1,-0.1,0.006854950966808432,0.006184464716860403
28027,6745,6745,wikimedia-en,check,random_1,0.01,1,0.1,0.0066919494799669,0.006080888312404752
28027,6745,6745,wikimedia-en,check,random_2,0.005,-1,-0.1,0.0011098524936812267,0.000978498337049514
28027,6745,6745,wikimedia-en,check,random_2,0.005,-1,0.1,0.001126178833740406,0.0009915024090026857
28027,6745,6745,wikimedia-en,check,random_2,0.005,1,-0.1,0.001319802907348458,0.0011065585950997506
28027,6745,6745,wikimedia-en,check,random_2,0.005,1,0.1,0.0013814715608064009,0.001152841137628773
28027,6745,6745,wikimedia-en,check,random_2,0.01,-1,-0.1,0.0018725095886876811,0.0016908856827125823
28027,6745,6745,wikimedia-en,check,random_2,0.01,-1,0.1,0.001928132603215112,0.0017325130502953239
28027,6745,6745,wikimedia-en,check,random_2,0.01,1,-0.1,0.0027974569842399493,0.0022651864778442817
28027,6745,6745,wikimedia-en,check,random_2,0.01,1,0.1,0.0028778481471124313,0.0023175725934644993
28027,6745,6745,wikimedia-en,check,approx_spectrum_matched,0.005,-1,-0.1,0.002194995181036937,0.0013755478201876658
28027,6745,6745,wikimedia-en,check,approx_spectrum_matched,0.005,-1,0.1,0.00220024094534811,0.0014108068264975034
28027,6745,6745,wikimedia-en,check,approx_spectrum_matched,0.005,1,-0.1,0.002055466402366872,0.0012647067807096616
28027,6745,6745,wikimedia-en,check,approx_spectrum_matched,0.005,1,0.1,0.002055406999095699,0.0013003567569683325
28027,6745,6745,wikimedia-en,check,approx_spectrum_matched,0.01,-1,-0.1,0.004472488450545426,0.002802955576081681
28027,6745,6745,wikimedia-en,check,approx_spectrum_matched,0.01,-1,0.1,0.0044612845022878,0.00281498483845794
28027,6745,6745,wikimedia-en,check,approx_spectrum_matched,0.01,1,-0.1,0.003923050582214342,0.0023445240996498654
28027,6745,6745,wikimedia-en,check,approx_spectrum_matched,0.01,1,0.1,0.003929865090479558,0.0024486975098361847
28027,6745,6745,wikimedia-en,check,leading_pc,0.005,-1,-0.1,0.0029316119505011767,0.0016432386750419342
28027,6745,6745,wikimedia-en,check,leading_pc,0.005,-1,0.1,0.002939146651667864,0.0017108360225031936
28027,6745,6745,wikimedia-en,check,leading_pc,0.005,1,-0.1,0.0025533260269551055,0.0015253650832205026
28027,6745,6745,wikimedia-en,check,leading_pc,0.005,1,0.1,0.002610311002598281,0.001608283210604629
28027,6745,6745,wikimedia-en,check,leading_pc,0.01,-1,-0.1,0.006273271628663961,0.0033936117054963483
28027,6745,6745,wikimedia-en,check,leading_pc,0.01,-1,0.1,0.006246970251025503,0.0034804029383505002
28027,6745,6745,wikimedia-en,check,leading_pc,0.01,1,-0.1,0.0047669111161026834,0.002908519087233754
28027,6745,6745,wikimedia-en,check,leading_pc,0.01,1,0.1,0.004901220224493094,0.0031042703399035603
28027,6745,6745,wikimedia-en,check,shuffled_labels,0.005,-1,-0.1,0.0007428389881583009,9.631730283980528e-05
28027,6745,6745,wikimedia-en,check,shuffled_labels,0.005,-1,0.1,0.0008278607192636918,9.306192247320006e-05
28027,6745,6745,wikimedia-en,check,shuffled_labels,0.005,1,-0.1,0.0007009060190243292,8.8370305482369e-06
28027,6745,6745,wikimedia-en,check,shuffled_labels,0.005,1,0.1,0.000763470494706658,2.182163470059909e-05
28027,6745,6745,wikimedia-en,check,shuffled_labels,0.01,-1,-0.1,0.0015308437934289148,0.0003354382758680827
28027,6745,6745,wikimedia-en,check,shuffled_labels,0.01,-1,0.1,0.0016802864614724885,0.00033159445379908733
28027,6745,6745,wikimedia-en,check,shuffled_labels,0.01,1,-0.1,0.0013171676886321445,9.908101300701129e-05
28027,6745,6745,wikimedia-en,check,shuffled_labels,0.01,1,0.1,0.0014654862992605588,0.0001288817282304574
28027,6763,6763,wikimedia-en,fit,learned,0.005,-1,-0.1,0.0006669729814811665,0.0006623153781862482
28027,6763,6763,wikimedia-en,fit,learned,0.005,-1,0.1,0.0006308222204670028,0.0006304868736278943
28027,6763,6763,wikimedia-en,fit,learned,0.005,1,-0.1,0.0005987345163306403,0.0005965192316406095
28027,6763,6763,wikimedia-en,fit,learned,0.005,1,0.1,0.000640253329233872,0.0006287922219617777
28027,6763,6763,wikimedia-en,fit,learned,0.01,-1,-0.1,0.001313306577029207,0.0012577930835363843
28027,6763,6763,wikimedia-en,fit,learned,0.01,-1,0.1,0.0012742976802587887,0.0012515057646003335
28027,6763,6763,wikimedia-en,fit,learned,0.01,1,-0.1,0.0011517982555935159,0.0011322394080389778
28027,6763,6763,wikimedia-en,fit,learned,0.01,1,0.1,0.00120541380231702,0.0011631910194220027
28027,6763,6763,wikimedia-en,fit,random_0,0.005,-1,-0.1,0.00044199132972580767,0.0004418643034885265
28027,6763,6763,wikimedia-en,fit,random_0,0.005,-1,0.1,0.00044355244052928227,0.0004423817379647562
28027,6763,6763,wikimedia-en,fit,random_0,0.005,1,-0.1,0.0005214351138573179,0.0005082197003023061
28027,6763,6763,wikimedia-en,fit,random_0,0.005,1,0.1,0.0005035558995183791,0.00047926066822067304
28027,6763,6763,wikimedia-en,fit,random_0,0.01,-1,-0.1,0.000879960826493797,0.0008651846239198454
28027,6763,6763,wikimedia-en,fit,random_0,0.01,-1,0.1,0.000883809665379192,0.0008650541276343485
28027,6763,6763,wikimedia-en,fit,random_0,0.01,1,-0.1,0.0011566886395184821,0.001070313795143137
28027,6763,6763,wikimedia-en,fit,random_0,0.01,1,0.1,0.0011405024802378953,0.0010322483156012209
28027,6763,6763,wikimedia-en,fit,random_1,0.005,-1,-0.1,0.000570101100226608,0.0005692465129858816
28027,6763,6763,wikimedia-en,fit,random_1,0.005,-1,0.1,0.0006263437584322314,0.0006261263817584471
28027,6763,6763,wikimedia-en,fit,random_1,0.005,1,-0.1,0.0006041549375472287,0.0006020459824896163
28027,6763,6763,wikimedia-en,fit,random_1,0.005,1,0.1,0.0006108770213403931,0.0006103625009497288
28027,6763,6763,wikimedia-en,fit,random_1,0.01,-1,-0.1,0.0011185649472110165,0.0011185112311455083
28027,6763,6763,wikimedia-en,fit,random_1,0.01,-1,0.1,0.0011833285493368238,0.0011795520646264903
28027,6763,6763,wikimedia-en,fit,random_1,0.01,1,-0.1,0.0011576035949266488,0.0011518605509471791
28027,6763,6763,wikimedia-en,fit,random_1,0.01,1,0.1,0.0011851252300305358,0.0011836062914374322
28027,6763,6763,wikimedia-en,fit,random_2,0.005,-1,-0.1,0.0003055480831833037,0.00029218018509049394
28027,6763,6763,wikimedia-en,fit,random_2,0.005,-1,0.1,0.0002685640047974024,0.00025715673810021726
28027,6763,6763,wikimedia-en,fit,random_2,0.005,1,-0.1,0.00044794688962796625,0.00040860514666636886
28027,6763,6763,wikimedia-en,fit,random_2,0.005,1,0.1,0.0004649874437027255,0.0004205120442177452
28027,6763,6763,wikimedia-en,fit,random_2,0.01,-1,-0.1,0.0004221546841120012,0.00041000396774267976
28027,6763,6763,wikimedia-en,fit,random_2,0.01,-1,0.1,0.00036524426820611343,0.00035462533062803256
28027,6763,6763,wikimedia-en,fit,random_2,0.01,1,-0.1,0.0010835998259545406,0.0009212674359480663
28027,6763,6763,wikimedia-en,fit,random_2,0.01,1,0.1,0.00108086268060349,0.0009419405989004706
28027,6763,6763,wikimedia-en,fit,approx_spectrum_matched,0.005,-1,-0.1,0.001365033463443613,0.001029482866403129
28027,6763,6763,wikimedia-en,fit,approx_spectrum_matched,0.005,-1,0.1,0.0013848272411510173,0.0009772987724818846
28027,6763,6763,wikimedia-en,fit,approx_spectrum_matched,0.005,1,-0.1,0.0011076216935612512,0.0009166890749500568
28027,6763,6763,wikimedia-en,fit,approx_spectrum_matched,0.005,1,0.1,0.001142519841665154,0.0009240904279208163
28027,6763,6763,wikimedia-en,fit,approx_spectrum_matched,0.01,-1,-0.1,0.0030014556138289643,0.00207448781727882
28027,6763,6763,wikimedia-en,fit,approx_spectrum_matched,0.01,-1,0.1,0.003052006244326373,0.0019770614423944076
28027,6763,6763,wikimedia-en,fit,approx_spectrum_matched,0.01,1,-0.1,0.002049617895485714,0.0017375158629419113
28027,6763,6763,wikimedia-en,fit,approx_spectrum_matched,0.01,1,0.1,0.0020753406074311433,0.0017155336812840873
28027,6763,6763,wikimedia-en,fit,leading_pc,0.005,-1,-0.1,0.00022350390711322718,0.0001575864239620564
28027,6763,6763,wikimedia-en,fit,leading_pc,0.005,-1,0.1,0.00011334289859776223,6.75198274161246e-05
28027,6763,6763,wikimedia-en,fit,leading_pc,0.005,1,-0.1,0.00025743422035107025,3.53205319207961e-05
28027,6763,6763,wikimedia-en,fit,leading_pc,0.005,1,0.1,0.00024706987318775684,5.1862457289769486e-05
28027,6763,6763,wikimedia-en,fit,leading_pc,0.01,-1,-0.1,0.0006316652673763769,0.0006219883549918496
28027,6763,6763,wikimedia-en,fit,leading_pc,0.01,-1,0.1,0.00042607608101812353,0.000417500137990156
28027,6763,6763,wikimedia-en,fit,leading_pc,0.01,1,-0.1,0.0005710224019348275,9.453526055228097e-05
28027,6763,6763,wikimedia-en,fit,leading_pc,0.01,1,0.1,0.0005152803580118784,0.00015670884465574027
28027,6763,6763,wikimedia-en,fit,shuffled_labels,0.005,-1,-0.1,0.00047727094231260047,0.00035515188038481556
28027,6763,6763,wikimedia-en,fit,shuffled_labels,0.005,-1,0.1,0.0004596760287546236,0.00036105839595140484
28027,6763,6763,wikimedia-en,fit,shuffled_labels,0.005,1,-0.1,0.000586382970453393,0.0003678789124924657
28027,6763,6763,wikimedia-en,fit,shuffled_labels,0.005,1,0.1,0.0005745969372086585,0.00035389017456003883
28027,6763,6763,wikimedia-en,fit,shuffled_labels,0.01,-1,-0.1,0.00082523916841681,0.0006983698271684764
28027,6763,6763,wikimedia-en,fit,shuffled_labels,0.01,-1,0.1,0.0007873538852661211,0.0006993313011697924
28027,6763,6763,wikimedia-en,fit,shuffled_labels,0.01,1,-0.1,0.001252094115149369,0.0007221245110560777
28027,6763,6763,wikimedia-en,fit,shuffled_labels,0.01,1,0.1,0.001237080007226737,0.0006908915476069903
1645,6924,6924,wikimedia-en,check,learned,0.005,-1,-0.1,0.0018772904509339067,0.0017341835172745477
1645,6924,6924,wikimedia-en,check,learned,0.005,-1,0.1,0.0016915832967097394,0.0016341432597523691
1645,6924,6924,wikimedia-en,check,learned,0.005,1,-0.1,0.0017518744268289223,0.0015984364478765455
1645,6924,6924,wikimedia-en,check,learned,0.005,1,0.1,0.0015867642557749093,0.0015192457684012996
1645,6924,6924,wikimedia-en,check,learned,0.01,-1,-0.1,0.003838990826122319,0.0036046496259390017
1645,6924,6924,wikimedia-en,check,learned,0.01,-1,0.1,0.003448143922332029,0.0033619972394009997
1645,6924,6924,wikimedia-en,check,learned,0.01,1,-0.1,0.0033741768308066136,0.0030743015452883086
1645,6924,6924,wikimedia-en,check,learned,0.01,1,0.1,0.003050902300740336,0.00291394483318947
1645,6924,6924,wikimedia-en,check,random_0,0.005,-1,-0.1,0.0009170778625481834,0.0005153795587998916
1645,6924,6924,wikimedia-en,check,random_0,0.005,-1,0.1,0.0008935114389374158,0.00040995771311460254
1645,6924,6924,wikimedia-en,check,random_0,0.005,1,-0.1,0.0009572671922073858,0.0005855474651831811
1645,6924,6924,wikimedia-en,check,random_0,0.005,1,0.1,0.0009454390978400776,0.0004801558074941369
1645,6924,6924,wikimedia-en,check,random_0,0.01,-1,-0.1,0.0017585542512318535,0.000922016767909162
1645,6924,6924,wikimedia-en,check,random_0,0.01,-1,0.1,0.0017118372292708906,0.0007186122286259619
1645,6924,6924,wikimedia-en,check,random_0,0.01,1,-0.1,0.001951225109216602,0.0012170916161411537
1645,6924,6924,wikimedia-en,check,random_0,0.01,1,0.1,0.0018981985915440024,0.0009953257166353787
1645,6924,6924,wikimedia-en,check,random_1,0.005,-1,-0.1,0.0012099294466250059,0.0012098605907677703
1645,6924,6924,wikimedia-en,check,random_1,0.005,-1,0.1,0.001184796342792934,0.0011763544405447184
1645,6924,6924,wikimedia-en,check,random_1,0.005,1,-0.1,0.001296326892750258,0.0012960071598743157
1645,6924,6924,wikimedia-en,check,random_1,0.005,1,0.1,0.0012743349940077314,0.0012674130553567994
1645,6924,6924,wikimedia-en,check,random_1,0.01,-1,-0.1,0.002325370898950885,0.002325355389978816
1645,6924,6924,wikimedia-en,check,random_1,0.01,-1,0.1,0.0022737807767899965,0.0022570090823800385
1645,6924,6924,wikimedia-en,check,random_1,0.01,1,-0.1,0.0026910600642019214,0.0026892936040990483
1645,6924,6924,wikimedia-en,check,random_1,0.01,1,0.1,0.0026310790833100743,0.002619771653375861
1645,6924,6924,wikimedia-en,check,random_2,0.005,-1,-0.1,0.0010658141451534077,0.0009152762875280719
1645,6924,6924,wikimedia-en,check,random_2,0.005,-1,0.1,0.0010294873662464886,0.0007422872279233538
1645,6924,6924,wikimedia-en,check,random_2,0.005,1,-0.1,0.001087379543389419,0.0009036063902415616
1645,6924,6924,wikimedia-en,check,random_2,0.005,1,0.1,0.0010529346195168503,0.0007264287220118223
1645,6924,6924,wikimedia-en,check,random_2,0.01,-1,-0.1,0.0021162056853060544,0.001844436201874815
1645,6924,6924,wikimedia-en,check,random_2,0.01,-1,0.1,0.0020387995757609697,0.0015116187110928811
1645,6924,6924,wikimedia-en,check,random_2,0.01,1,-0.1,0.0021895184847652944,0.0017892935184502556
1645,6924,6924,wikimedia-en,check,random_2,0.01,1,0.1,0.002140396722202299,0.0014440892598677805
1645,6924,6924,wikimedia-en,check,approx_spectrum_matched,0.005,-1,-0.1,0.00041778833968437063,0.00041388628753440067
1645,6924,6924,wikimedia-en,check,approx_spectrum_matched,0.005,-1,0.1,0.00040429492675846264,0.0003857610128737805
1645,6924,6924,wikimedia-en,check,approx_spectrum_matched,0.005,1,-0.1,0.0004199376287838935,0.00040862574238386567
1645,6924,6924,wikimedia-en,check,approx_spectrum_matched,0.005,1,0.1,0.00041521018239952024,0.0003860391531462144
1645,6924,6924,wikimedia-en,check,approx_spectrum_matched,0.01,-1,-0.1,0.0008422095726574151,0.0008400502065542022
1645,6924,6924,wikimedia-en,check,approx_spectrum_matched,0.01,-1,0.1,0.0008027202331137573,0.0007783627729885043
1645,6924,6924,wikimedia-en,check,approx_spectrum_matched,0.01,1,-0.1,0.0008670149242016162,0.0008329514664737915
1645,6924,6924,wikimedia-en,check,approx_spectrum_matched,0.01,1,0.1,0.0008680511386338265,0.0007929989651622585
1645,6924,6924,wikimedia-en,check,leading_pc,0.005,-1,-0.1,0.0012315548108945923,0.0012305613196842854
1645,6924,6924,wikimedia-en,check,leading_pc,0.005,-1,0.1,0.0013037911223961174,0.0013003824501362816
1645,6924,6924,wikimedia-en,check,leading_pc,0.005,1,-0.1,0.00102431514177751,0.0010209319803826708
1645,6924,6924,wikimedia-en,check,leading_pc,0.005,1,0.1,0.0010816676509818324,0.0010813868273092412
1645,6924,6924,wikimedia-en,check,leading_pc,0.01,-1,-0.1,0.0027931874069286582,0.0027914480943230587
1645,6924,6924,wikimedia-en,check,leading_pc,0.01,-1,0.1,0.0029257581858864496,0.00291753810481713
1645,6924,6924,wikimedia-en,check,leading_pc,0.01,1,-0.1,0.001912922121885347,0.0019024971507389306
1645,6924,6924,wikimedia-en,check,leading_pc,0.01,1,0.1,0.002013429245851232,0.0020134273629307683
1645,6924,6924,wikimedia-en,check,shuffled_labels,0.005,-1,-0.1,0.0012015535930382229,0.0008217038964696685
1645,6924,6924,wikimedia-en,check,shuffled_labels,0.005,-1,0.1,0.001180138370729313,0.0009140696671004297
1645,6924,6924,wikimedia-en,check,shuffled_labels,0.005,1,-0.1,0.0011724655124881922,0.000836500239933264
1645,6924,6924,wikimedia-en,check,shuffled_labels,0.005,1,0.1,0.0011522902135329318,0.0009205270318036937
1645,6924,6924,wikimedia-en,check,shuffled_labels,0.01,-1,-0.1,0.0024572591625924697,0.001652134939037945
1645,6924,6924,wikimedia-en,check,shuffled_labels,0.01,-1,0.1,0.002414292893184253,0.0018367887449430892
1645,6924,6924,wikimedia-en,check,shuffled_labels,0.01,1,-0.1,0.0023300987320414818,0.0017070833965264702
1645,6924,6924,wikimedia-en,check,shuffled_labels,0.01,1,0.1,0.002301363736732966,0.001877386700491922
1645,7217,7217,wikimedia-en,fit,learned,0.005,-1,-0.1,0.0007637877888742511,7.434812027765822e-05
1645,7217,7217,wikimedia-en,fit,learned,0.005,-1,0.1,0.0008591721729541576,8.718974677589571e-05
1645,7217,7217,wikimedia-en,fit,learned,0.005,1,-0.1,0.000480667938992692,9.256978457281871e-05
1645,7217,7217,wikimedia-en,fit,learned,0.005,1,0.1,0.0007629558814783406,0.00016858239817183257
1645,7217,7217,wikimedia-en,fit,learned,0.01,-1,-0.1,0.0015563167355537543,0.0006761770271338638
1645,7217,7217,wikimedia-en,fit,learned,0.01,-1,0.1,0.0015673511906171718,0.00024075118053804438
1645,7217,7217,wikimedia-en,fit,learned,0.01,1,-0.1,0.0004521575509486862,0.00017792837721903313
1645,7217,7217,wikimedia-en,fit,learned,0.01,1,0.1,0.001187619422575838,0.00028059415341895517
1645,7217,7217,wikimedia-en,fit,random_0,0.005,-1,-0.1,0.0006638712141283161,0.0005876602173294034
1645,7217,7217,wikimedia-en,fit,random_0,0.005,-1,0.1,0.00044603783373105526,0.0002688300521947895
1645,7217,7217,wikimedia-en,fit,random_0,0.005,1,-0.1,0.0010654450412552843,0.000758708072796564
1645,7217,7217,wikimedia-en,fit,random_0,0.005,1,0.1,0.000844589698082155,0.00033685833083051613
1645,7217,7217,wikimedia-en,fit,random_0,0.01,-1,-0.1,0.001152725303202255,0.0011523331722365067
1645,7217,7217,wikimedia-en,fit,random_0,0.01,-1,0.1,0.0006173846688963393,0.0006039638372978313
1645,7217,7217,wikimedia-en,fit,random_0,0.01,1,-0.1,0.0025548798328275083,0.001860600606622286
1645,7217,7217,wikimedia-en,fit,random_0,0.01,1,0.1,0.0019980727733571093,0.000937561327562242
1645,7217,7217,wikimedia-en,fit,random_1,0.005,-1,-0.1,0.0063500630655535,0.004539627580382833
1645,7217,7217,wikimedia-en,fit,random_1,0.005,-1,0.1,0.006030499666214926,0.0043166311690913325
1645,7217,7217,wikimedia-en,fit,random_1,0.005,1,-0.1,0.006029770050588885,0.004685488984477837
1645,7217,7217,wikimedia-en,fit,random_1,0.005,1,0.1,0.005510644781601122,0.0043439183853417156
1645,7217,7217,wikimedia-en,fit,random_1,0.01,-1,-0.1,0.01253771457301757,0.008444671990925247
1645,7217,7217,wikimedia-en,fit,random_1,0.01,-1,0.1,0.012075981460427718,0.008096000927029676
1645,7217,7217,wikimedia-en,fit,random_1,0.01,1,-0.1,0.011201013471260185,0.008938900058042576
1645,7217,7217,wikimedia-en,fit,random_1,0.01,1,0.1,0.010078976360168562,0.008199923352215522
1645,7217,7217,wikimedia-en,fit,random_2,0.005,-1,-0.1,0.002025590160647758,0.001208357934884203
1645,7217,7217,wikimedia-en,fit,random_2,0.005,-1,0.1,0.0020719996755794662,0.00114103681562335
1645,7217,7217,wikimedia-en,fit,random_2,0.005,1,-0.1,0.001646154652330967,0.0010734611359216914
1645,7217,7217,wikimedia-en,fit,random_2,0.005,1,0.1,0.0016723403318087422,0.0010335625238724721
1645,7217,7217,wikimedia-en,fit,random_2,0.01,-1,-0.1,0.004272182868791833,0.0023867799649201897
1645,7217,7217,wikimedia-en,fit,random_2,0.01,-1,0.1,0.0043188829295299274,0.002241838535135249
1645,7217,7217,wikimedia-en,fit,random_2,0.01,1,-0.1,0.002716883066947176,0.001883743540441754
1645,7217,7217,wikimedia-en,fit,random_2,0.01,1,0.1,0.0027596968554002713,0.0018434905018244803
1645,7217,7217,wikimedia-en,fit,approx_spectrum_matched,0.005,-1,-0.1,0.005187468560786074,0.004061773705866439
1645,7217,7217,wikimedia-en,fit,approx_spectrum_matched,0.005,-1,0.1,0.004992749787600928,0.0037934221821632995
1645,7217,7217,wikimedia-en,fit,approx_spectrum_matched,0.005,1,-0.1,0.004676820816651034,0.003895433209713529
1645,7217,7217,wikimedia-en,fit,approx_spectrum_matched,0.005,1,0.1,0.004441922185783347,0.003643390372968766
1645,7217,7217,wikimedia-en,fit,approx_spectrum_matched,0.01,-1,-0.1,0.010788192345726895,0.008139617833355163
1645,7217,7217,wikimedia-en,fit,approx_spectrum_matched,0.01,-1,0.1,0.010398236782033035,0.007579242690437734
1645,7217,7217,wikimedia-en,fit,approx_spectrum_matched,0.01,1,-0.1,0.008775572080284826,0.007514811674273675
1645,7217,7217,wikimedia-en,fit,approx_spectrum_matched,0.01,1,0.1,0.008327003580142907,0.007061666705407694
1645,7217,7217,wikimedia-en,fit,leading_pc,0.005,-1,-0.1,0.004318520529352454,0.0005443488412327257
1645,7217,7217,wikimedia-en,fit,leading_pc,0.005,-1,0.1,0.003860261719821011,0.0008937888896529913
1645,7217,7217,wikimedia-en,fit,leading_pc,0.005,1,-0.1,0.004458664266905156,0.000973229366883362
1645,7217,7217,wikimedia-en,fit,leading_pc,0.005,1,0.1,0.004102494892945015,0.0005023838972319104
1645,7217,7217,wikimedia-en,fit,leading_pc,0.01,-1,-0.1,0.008203695883090835,0.0025439291495082377
1645,7217,7217,wikimedia-en,fit,leading_pc,0.01,-1,0.1,0.00699511347886773,0.0027311971072962746
1645,7217,7217,wikimedia-en,fit,leading_pc,0.01,1,-0.1,0.00898634609617775,0.002859982408889757
1645,7217,7217,wikimedia-en,fit,leading_pc,0.01,1,0.1,0.008375546563803795,0.002023827707188839
1645,7217,7217,wikimedia-en,fit,shuffled_labels,0.005,-1,-0.1,0.003913285626811598,0.000245303522591877
1645,7217,7217,wikimedia-en,fit,shuffled_labels,0.005,-1,0.1,0.003671309599688908,0.0004511520513341093
1645,7217,7217,wikimedia-en,fit,shuffled_labels,0.005,1,-0.1,0.004246472716699556,0.000341655108262631
1645,7217,7217,wikimedia-en,fit,shuffled_labels,0.005,1,0.1,0.003818825633592516,0.0005434688438418031
1645,7217,7217,wikimedia-en,fit,shuffled_labels,0.01,-1,-0.1,0.007424054361012453,0.0004083205306671093
1645,7217,7217,wikimedia-en,fit,shuffled_labels,0.01,-1,0.1,0.007062945274400267,0.0008550325553425487
1645,7217,7217,wikimedia-en,fit,shuffled_labels,0.01,1,-0.1,0.008629242214278958,0.0008935152676622053
1645,7217,7217,wikimedia-en,fit,shuffled_labels,0.01,1,0.1,0.00758294539326504,0.0012491437433648348
1645,7703,7703,wikimedia-en,fit,learned,0.005,-1,-0.1,0.0019383946607786895,0.0019380492564349803
1645,7703,7703,wikimedia-en,fit,learned,0.005,-1,0.1,0.0020967878329108975,0.002096643792010694
1645,7703,7703,wikimedia-en,fit,learned,0.005,1,-0.1,0.0017405256492429332,0.0017272808082819376
1645,7703,7703,wikimedia-en,fit,learned,0.005,1,0.1,0.0018440385395966958,0.0018219492130565694
1645,7703,7703,wikimedia-en,fit,learned,0.01,-1,-0.1,0.003967536433451059,0.00394840428666902
1645,7703,7703,wikimedia-en,fit,learned,0.01,-1,0.1,0.004377302364655926,0.004358211724959211
1645,7703,7703,wikimedia-en,fit,learned,0.01,1,-0.1,0.0033631896386372186,0.0033212437347132262
1645,7703,7703,wikimedia-en,fit,learned,0.01,1,0.1,0.003476211595575674,0.003388818512209872
1645,7703,7703,wikimedia-en,fit,random_0,0.005,-1,-0.1,0.0031068077950735136,0.0005341123478442636
1645,7703,7703,wikimedia-en,fit,random_0,0.005,-1,0.1,0.003153018959723434,0.0007032871203482155
1645,7703,7703,wikimedia-en,fit,random_0,0.005,1,-0.1,0.002936493925510282,0.0005398246642445725
1645,7703,7703,wikimedia-en,fit,random_0,0.005,1,0.1,0.0029991705171102346,0.0007204841871383456
1645,7703,7703,wikimedia-en,fit,random_0,0.01,-1,-0.1,0.006339285591438269,0.0010503563642684209
1645,7703,7703,wikimedia-en,fit,random_0,0.01,-1,0.1,0.0063739551191292635,0.0013373095686882448
1645,7703,7703,wikimedia-en,fit,random_0,0.01,1,-0.1,0.005593300597442032,0.001001569641913181
1645,7703,7703,wikimedia-en,fit,random_0,0.01,1,0.1,0.00577582110658874,0.0014213774679569377
1645,7703,7703,wikimedia-en,fit,random_1,0.005,-1,-0.1,0.00246668322828398,0.001881406304960094
1645,7703,7703,wikimedia-en,fit,random_1,0.005,-1,0.1,0.002362576979298146,0.0019033698207008196
1645,7703,7703,wikimedia-en,fit,random_1,0.005,1,-0.1,0.0023947909049303446,0.0019111083169632533
1645,7703,7703,wikimedia-en,fit,random_1,0.005,1,0.1,0.002309682836838469,0.0019467709994507797
1645,7703,7703,wikimedia-en,fit,random_1,0.01,-1,-0.1,0.004952026893764469,0.003670626755080982
1645,7703,7703,wikimedia-en,fit,random_1,0.01,-1,0.1,0.00480969679673403,0.0037836636854815665
1645,7703,7703,wikimedia-en,fit,random_1,0.01,1,-0.1,0.004751383393529902,0.003866058303485037
1645,7703,7703,wikimedia-en,fit,random_1,0.01,1,0.1,0.004534472670288471,0.003892014520092056
1645,7703,7703,wikimedia-en,fit,random_2,0.005,-1,-0.1,0.003911954173182556,0.002825686532455683
1645,7703,7703,wikimedia-en,fit,random_2,0.005,-1,0.1,0.0040142657871744935,0.00304997776846334
1645,7703,7703,wikimedia-en,fit,random_2,0.005,1,-0.1,0.003959070840761762,0.002823072573600391
1645,7703,7703,wikimedia-en,fit,random_2,0.005,1,0.1,0.003992125114051562,0.002991544156053438
1645,7703,7703,wikimedia-en,fit,random_2,0.01,-1,-0.1,0.007406343005049978,0.005246248911863916
1645,7703,7703,wikimedia-en,fit,random_2,0.01,-1,0.1,0.007822901260689182,0.005866376685190569
1645,7703,7703,wikimedia-en,fit,random_2,0.01,1,-0.1,0.007822103948892772,0.005438722040122207
1645,7703,7703,wikimedia-en,fit,random_2,0.01,1,0.1,0.007799288160591157,0.005701115770006011
1645,7703,7703,wikimedia-en,fit,approx_spectrum_matched,0.005,-1,-0.1,0.0010616478154356489,0.001058171329795979
1645,7703,7703,wikimedia-en,fit,approx_spectrum_matched,0.005,-1,0.1,0.0010126732530520285,0.0010125870216035361
1645,7703,7703,wikimedia-en,fit,approx_spectrum_matched,0.005,1,-0.1,0.0006151672463371209,0.0006030147723307006
1645,7703,7703,wikimedia-en,fit,approx_spectrum_matched,0.005,1,0.1,0.0005180128539052721,0.0005178113694479776
1645,7703,7703,wikimedia-en,fit,approx_spectrum_matched,0.01,-1,-0.1,0.0023231702582152216,0.0023219812658185116
1645,7703,7703,wikimedia-en,fit,approx_spectrum_matched,0.01,-1,0.1,0.002359794398598814,0.0023581830308403856
1645,7703,7703,wikimedia-en,fit,approx_spectrum_matched,0.01,1,-0.1,0.0007098214017354476,0.0006884782497980619
1645,7703,7703,wikimedia-en,fit,approx_spectrum_matched,0.01,1,0.1,0.0004831857063422798,0.0004665147824692306
1645,7703,7703,wikimedia-en,fit,leading_pc,0.005,-1,-0.1,0.0024273767296110237,0.0017906891947899789
1645,7703,7703,wikimedia-en,fit,leading_pc,0.005,-1,0.1,0.0015147183228573621,0.0012555174841846215
1645,7703,7703,wikimedia-en,fit,leading_pc,0.005,1,-0.1,0.003716642382376189,0.0024113480398881347
1645,7703,7703,wikimedia-en,fit,leading_pc,0.005,1,0.1,0.0028022881334356397,0.001930254567765931
1645,7703,7703,wikimedia-en,fit,leading_pc,0.01,-1,-0.1,0.0036530194370303546,0.0031925324245995522
1645,7703,7703,wikimedia-en,fit,leading_pc,0.01,-1,0.1,0.0022158103519773413,0.002189444344890067
1645,7703,7703,wikimedia-en,fit,leading_pc,0.01,1,-0.1,0.008216705829047325,0.0051895957939967746
1645,7703,7703,wikimedia-en,fit,leading_pc,0.01,1,0.1,0.006524563519602498,0.004341940390087263
1645,7703,7703,wikimedia-en,fit,shuffled_labels,0.005,-1,-0.1,0.00046668108946619263,0.00037702603892804745
1645,7703,7703,wikimedia-en,fit,shuffled_labels,0.005,-1,0.1,0.00047011621849698035,0.0004487023978620833
1645,7703,7703,wikimedia-en,fit,shuffled_labels,0.005,1,-0.1,0.0009122950397602816,0.0005405578405329709
1645,7703,7703,wikimedia-en,fit,shuffled_labels,0.005,1,0.1,0.0008668087720890563,0.0006137474597204603
1645,7703,7703,wikimedia-en,fit,shuffled_labels,0.01,-1,-0.1,0.0005922465314878787,0.0005872873635145645
1645,7703,7703,wikimedia-en,fit,shuffled_labels,0.01,-1,0.1,0.0007197229437631144,0.0006938539045411714
1645,7703,7703,wikimedia-en,fit,shuffled_labels,0.01,1,-0.1,0.0022666094063780702,0.0012091625875446962
1645,7703,7703,wikimedia-en,fit,shuffled_labels,0.01,1,0.1,0.002177738480249334,0.0013774361689272456
28027,7878,7878,wikimedia-en,check,learned,0.005,-1,-0.1,0.001179591912955824,0.0010743290196743036
28027,7878,7878,wikimedia-en,check,learned,0.005,-1,0.1,0.001095685984552933,0.0010036693136119027
28027,7878,7878,wikimedia-en,check,learned,0.005,1,-0.1,0.0009680965193039544,0.0009317452025035483
28027,7878,7878,wikimedia-en,check,learned,0.005,1,0.1,0.0009110180750866994,0.0008751862841242467
28027,7878,7878,wikimedia-en,check,learned,0.01,-1,-0.1,0.002560548097727504,0.002257701029471645
28027,7878,7878,wikimedia-en,check,learned,0.01,-1,0.1,0.0024107325347154976,0.0021372116174377402
28027,7878,7878,wikimedia-en,check,learned,0.01,1,-0.1,0.0017462110724554612,0.0017100715898513991
28027,7878,7878,wikimedia-en,check,learned,0.01,1,0.1,0.0016203816997320643,0.001587496844554736
28027,7878,7878,wikimedia-en,check,random_0,0.005,-1,-0.1,0.0011505775313233404,0.00021386888851183798
28027,7878,7878,wikimedia-en,check,random_0,0.005,-1,0.1,0.0011031337808017,0.00023162017373162607
28027,7878,7878,wikimedia-en,check,random_0,0.005,1,-0.1,0.0013047784304090382,0.00025593963928353345
28027,7878,7878,wikimedia-en,check,random_0,0.005,1,0.1,0.0012155667851487006,0.0002717799756570289
28027,7878,7878,wikimedia-en,check,random_0,0.01,-1,-0.1,0.0021370317880574493,0.00039280024976617455
28027,7878,7878,wikimedia-en,check,random_0,0.01,-1,0.1,0.002024914692394818,0.0004256618358277981
28027,7878,7878,wikimedia-en,check,random_0,0.01,1,-0.1,0.002692874894624195,0.0005931728889257574
28027,7878,7878,wikimedia-en,check,random_0,0.01,1,0.1,0.002562472178259455,0.0006152070807509827
28027,7878,7878,wikimedia-en,check,random_1,0.005,-1,-0.1,0.0013154578683195431,0.0006019203048256743
28027,7878,7878,wikimedia-en,check,random_1,0.005,-1,0.1,0.0012993959548538792,0.0005945393195987612
28027,7878,7878,wikimedia-en,check,random_1,0.005,1,-0.1,0.0014105688621710093,0.0007472288486069153
28027,7878,7878,wikimedia-en,check,random_1,0.005,1,0.1,0.0014121714181356876,0.0007218182119866448
28027,7878,7878,wikimedia-en,check,random_1,0.01,-1,-0.1,0.0025398597732152993,0.0010687084093213722
28027,7878,7878,wikimedia-en,check,random_1,0.01,-1,0.1,0.0025115215915594877,0.0010424216016253825
28027,7878,7878,wikimedia-en,check,random_1,0.01,1,-0.1,0.0028797162038659203,0.0015793432340853503
28027,7878,7878,wikimedia-en,check,random_1,0.01,1,0.1,0.002894719686102513,0.0015473347555693168
28027,7878,7878,wikimedia-en,check,random_2,0.005,-1,-0.1,0.0011233943422414567,0.00040665894840756213
28027,7878,7878,wikimedia-en,check,random_2,0.005,-1,0.1,0.0011388724222661521,0.00045183043373666075
28027,7878,7878,wikimedia-en,check,random_2,0.005,1,-0.1,0.0010345155506127704,0.000385133984892401
28027,7878,7878,wikimedia-en,check,random_2,0.005,1,0.1,0.0011193903362404398,0.00046066729058937277
28027,7878,7878,wikimedia-en,check,random_2,0.01,-1,-0.1,0.002277250062887802,0.0007900199209586238
28027,7878,7878,wikimedia-en,check,random_2,0.01,-1,0.1,0.0023263789829625755,0.0008857091616226412
28027,7878,7878,wikimedia-en,check,random_2,0.01,1,-0.1,0.0020163293648591163,0.0007589819962071952
28027,7878,7878,wikimedia-en,check,random_2,0.01,1,0.1,0.0021713248479557374,0.000885761649650066
28027,7878,7878,wikimedia-en,check,approx_spectrum_matched,0.005,-1,-0.1,0.0005817462186139182,0.00024476044349629547
28027,7878,7878,wikimedia-en,check,approx_spectrum_matched,0.005,-1,0.1,0.0005624091636723116,0.00025391260514453194
28027,7878,7878,wikimedia-en,check,approx_spectrum_matched,0.005,1,-0.1,0.0004827572958787689,0.0002824939327855517
28027,7878,7878,wikimedia-en,check,approx_spectrum_matched,0.005,1,0.1,0.0005100365796488523,0.0002941224365078409
28027,7878,7878,wikimedia-en,check,approx_spectrum_matched,0.01,-1,-0.1,0.0012031190209909751,0.000422827128789706
28027,7878,7878,wikimedia-en,check,approx_spectrum_matched,0.01,-1,0.1,0.0011712041820179534,0.0004216337513701108
28027,7878,7878,wikimedia-en,check,approx_spectrum_matched,0.01,1,-0.1,0.0008786487740304702,0.0005799803413007752
28027,7878,7878,wikimedia-en,check,approx_spectrum_matched,0.01,1,0.1,0.0009448339081130006,0.0005956981729101646
28027,7878,7878,wikimedia-en,check,leading_pc,0.005,-1,-0.1,0.000611245722261531,0.0005165846211183727
28027,7878,7878,wikimedia-en,check,leading_pc,0.005,-1,0.1,0.0006301804907516714,0.0004490590887591702
28027,7878,7878,wikimedia-en,check,leading_pc,0.005,1,-0.1,0.0007812544295904379,0.0007532996057956265
28027,7878,7878,wikimedia-en,check,leading_pc,0.005,1,0.1,0.000752449186733603,0.0006639923580068818
28027,7878,7878,wikimedia-en,check,leading_pc,0.01,-1,-0.1,0.0010790688981208796,0.000775885735994792
28027,7878,7878,wikimedia-en,check,leading_pc,0.01,-1,0.1,0.0011571085168050864,0.0006471774925149257
28027,7878,7878,wikimedia-en,check,leading_pc,0.01,1,-0.1,0.0016976295538799716,0.0016738442155160185
28027,7878,7878,wikimedia-en,check,leading_pc,0.01,1,0.1,0.0016087918280028085,0.0015115664519385508
28027,7878,7878,wikimedia-en,check,shuffled_labels,0.005,-1,-0.1,0.0007120065001549719,0.0002499794834680879
28027,7878,7878,wikimedia-en,check,shuffled_labels,0.005,-1,0.1,0.000722983889514586,0.00029500078190796775
28027,7878,7878,wikimedia-en,check,shuffled_labels,0.005,1,-0.1,0.0005893714991197196,0.00018036876472836202
28027,7878,7878,wikimedia-en,check,shuffled_labels,0.005,1,0.1,0.0006362837566846336,0.00021704656988135997
28027,7878,7878,wikimedia-en,check,shuffled_labels,0.01,-1,-0.1,0.0015010279338637115,0.0005509582546577431
28027,7878,7878,wikimedia-en,check,shuffled_labels,0.01,-1,0.1,0.00153642385860765,0.0006205127169350384
28027,7878,7878,wikimedia-en,check,shuffled_labels,0.01,1,-0.1,0.001056969338905197,0.0002624094052411984
28027,7878,7878,wikimedia-en,check,shuffled_labels,0.01,1,0.1,0.001147829052063622,0.0003344900178359283
2966,7998,7998,wikimedia-en,fit,learned,0.005,-1,-0.1,2.1175006209539908e-05,1.792670848222517e-05
2966,7998,7998,wikimedia-en,fit,learned,0.005,-1,0.1,1.7720131088316007e-05,1.303944227585625e-05
2966,7998,7998,wikimedia-en,fit,learned,0.005,1,-0.1,2.78041453115716e-05,2.780403623271774e-05
2966,7998,7998,wikimedia-en,fit,learned,0.005,1,0.1,2.7309076429894168e-05,2.676285245202857e-05
2966,7998,7998,wikimedia-en,fit,learned,0.01,-1,-0.1,4.67519319604633e-05,1.6183515899172124e-05
2966,7998,7998,wikimedia-en,fit,learned,0.01,-1,0.1,5.627486607334873e-05,2.3376631711650198e-05
2966,7998,7998,wikimedia-en,fit,learned,0.01,1,-0.1,5.646847283587441e-05,5.038078537670074e-05
2966,7998,7998,wikimedia-en,fit,learned,0.01,1,0.1,6.396019987910162e-05,5.741968486534829e-05
2966,7998,7998,wikimedia-en,fit,random_0,0.005,-1,-0.1,0.00028388755610893324,0.0002726527290087269
2966,7998,7998,wikimedia-en,fit,random_0,0.005,-1,0.1,0.0002849591783701062,0.00027712176712314774
2966,7998,7998,wikimedia-en,fit,random_0,0.005,1,-0.1,0.00029187147532764923,0.000280713563042582
2966,7998,7998,wikimedia-en,fit,random_0,0.005,1,0.1,0.0002901227904502758,0.0002816510257443933
2966,7998,7998,wikimedia-en,fit,random_0,0.01,-1,-0.1,0.0005375103375031987,0.000518330640858409
2966,7998,7998,wikimedia-en,fit,random_0,0.01,-1,0.1,0.0005374953203441367,0.0005225781389969166
2966,7998,7998,wikimedia-en,fit,random_0,0.01,1,-0.1,0.0005809786753362622,0.0005613904755183717
2966,7998,7998,wikimedia-en,fit,random_0,0.01,1,0.1,0.0005875487157222104,0.0005694125511541529
2966,7998,7998,wikimedia-en,fit,random_1,0.005,-1,-0.1,0.00040312908700104445,0.0003624328736870213
2966,7998,7998,wikimedia-en,fit,random_1,0.005,-1,0.1,0.0004005139771645602,0.0003670229716477436
2966,7998,7998,wikimedia-en,fit,random_1,0.005,1,-0.1,0.00036342656335846396,0.00032862043516081055
2966,7998,7998,wikimedia-en,fit,random_1,0.005,1,0.1,0.0003724720911381411,0.000338686993024988
2966,7998,7998,wikimedia-en,fit,random_1,0.01,-1,-0.1,0.0008289576396219622,0.0007511556570661584
2966,7998,7998,wikimedia-en,fit,random_1,0.01,-1,0.1,0.000832299829429433,0.0007604586969239642
2966,7998,7998,wikimedia-en,fit,random_1,0.01,1,-0.1,0.0006925456879293408,0.0006289214354933884
2966,7998,7998,wikimedia-en,fit,random_1,0.01,1,0.1,0.0006943069964106732,0.0006373259265850284
2966,7998,7998,wikimedia-en,fit,random_2,0.005,-1,-0.1,0.0001527338521931986,0.00015250758974311098
2966,7998,7998,wikimedia-en,fit,random_2,0.005,-1,0.1,0.00014050441984750223,0.00014050439573933644
2966,7998,7998,wikimedia-en,fit,random_2,0.005,1,-0.1,0.00013922665182674766,0.00013802145321850176
2966,7998,7998,wikimedia-en,fit,random_2,0.005,1,0.1,0.00013647875839232116,0.00013629277644806813
2966,7998,7998,wikimedia-en,fit,random_2,0.01,-1,-0.1,0.0002957451537638457,0.00029574258608780035
2966,7998,7998,wikimedia-en,fit,random_2,0.01,-1,0.1,0.0002959173184884577,0.0002959158139026803
2966,7998,7998,wikimedia-en,fit,random_2,0.01,1,-0.1,0.00027365135713143757,0.00026970235838195635
2966,7998,7998,wikimedia-en,fit,random_2,0.01,1,0.1,0.0002700313291550463,0.0002675949057590842
2966,7998,7998,wikimedia-en,fit,approx_spectrum_matched,0.005,-1,-0.1,0.0002874232632306237,0.00018390338152146236
2966,7998,7998,wikimedia-en,fit,approx_spectrum_matched,0.005,-1,0.1,0.00028924015997537893,0.00019064040210013222
2966,7998,7998,wikimedia-en,fit,approx_spectrum_matched,0.005,1,-0.1,0.0002504285018411996,0.00017110546172971792
2966,7998,7998,wikimedia-en,fit,approx_spectrum_matched,0.005,1,0.1,0.0002542038523723953,0.00018522198520847582
2966,7998,7998,wikimedia-en,fit,approx_spectrum_matched,0.01,-1,-0.1,0.0005988049571265048,0.0003647372780740797
2966,7998,7998,wikimedia-en,fit,approx_spectrum_matched,0.01,-1,0.1,0.0006018518021435853,0.0003769335505965608
2966,7998,7998,wikimedia-en,fit,approx_spectrum_matched,0.01,1,-0.1,0.00045543815075138676,0.0003231022341981629
2966,7998,7998,wikimedia-en,fit,approx_spectrum_matched,0.01,1,0.1,0.0004575669342703116,0.0003333995733752564
2966,7998,7998,wikimedia-en,fit,leading_pc,0.005,-1,-0.1,0.00042910787552414106,4.718760474493252e-06
2966,7998,7998,wikimedia-en,fit,leading_pc,0.005,-1,0.1,0.00042928190427923694,1.6018760078927994e-05
2966,7998,7998,wikimedia-en,fit,leading_pc,0.005,1,-0.1,0.00033906441538092283,2.6951910554799556e-05
2966,7998,7998,wikimedia-en,fit,leading_pc,0.005,1,0.1,0.00033522703553123963,1.8346569475257945e-05
2966,7998,7998,wikimedia-en,fit,leading_pc,0.01,-1,-0.1,0.000937333297064332,5.115502860018566e-05
2966,7998,7998,wikimedia-en,fit,leading_pc,0.01,-1,0.1,0.0009392923478575416,7.706695261883441e-05
2966,7998,7998,wikimedia-en,fit,leading_pc,0.01,1,-0.1,0.0005977037278034007,6.916191019726861e-05
2966,7998,7998,wikimedia-en,fit,leading_pc,0.01,1,0.1,0.0005951158888924613,5.1908526563479395e-05
2966,7998,7998,wikimedia-en,fit,shuffled_labels,0.005,-1,-0.1,0.00013266103366468092,0.00013240704451802468
2966,7998,7998,wikimedia-en,fit,shuffled_labels,0.005,-1,0.1,0.00012259445316488687,0.00012259371089207654
2966,7998,7998,wikimedia-en,fit,shuffled_labels,0.005,1,-0.1,0.00014573753727335724,0.00014422914296892726
2966,7998,7998,wikimedia-en,fit,shuffled_labels,0.005,1,0.1,0.00013616936461157528,0.0001348065953494152
2966,7998,7998,wikimedia-en,fit,shuffled_labels,0.01,-1,-0.1,0.00023889874743425257,0.00023868681623407374
2966,7998,7998,wikimedia-en,fit,shuffled_labels,0.01,-1,0.1,0.00023820151938743243,0.00023777390530530345
2966,7998,7998,wikimedia-en,fit,shuffled_labels,0.01,1,-0.1,0.0002917436880969204,0.0002873381529902685
2966,7998,7998,wikimedia-en,fit,shuffled_labels,0.01,1,0.1,0.0002847404652718386,0.00028003036960093256
28027,8046,8046,wikimedia-en,check,learned,0.005,-1,-0.1,0.004090795762628095,0.003581095361671405
28027,8046,8046,wikimedia-en,check,learned,0.005,-1,0.1,0.0039005995664574806,0.0032078103228222626
28027,8046,8046,wikimedia-en,check,learned,0.005,1,-0.1,0.0042198606777579285,0.0035671322944322535
28027,8046,8046,wikimedia-en,check,learned,0.005,1,0.1,0.004079294148694737,0.0031810773208154446
28027,8046,8046,wikimedia-en,check,learned,0.01,-1,-0.1,0.007939351127660582,0.007075797841419336
28027,8046,8046,wikimedia-en,check,learned,0.01,-1,0.1,0.007561857993918257,0.006398288322165324
28027,8046,8046,wikimedia-en,check,learned,0.01,1,-0.1,0.008541555798054384,0.007080699922241949
28027,8046,8046,wikimedia-en,check,learned,0.01,1,0.1,0.008260870110735875,0.006301415673925356
28027,8046,8046,wikimedia-en,check,random_0,0.005,-1,-0.1,0.0029053332747505244,0.001613881082900114
28027,8046,8046,wikimedia-en,check,random_0,0.005,-1,0.1,0.0027081691332680458,0.0012897291798181618
28027,8046,8046,wikimedia-en,check,random_0,0.005,1,-0.1,0.0031056850344630856,0.002057290854237059
28027,8046,8046,wikimedia-en,check,random_0,0.005,1,0.1,0.002936809824239629,0.0016252625592531197
28027,8046,8046,wikimedia-en,check,random_0,0.01,-1,-0.1,0.005554681213557275,0.0028552018681250457
28027,8046,8046,wikimedia-en,check,random_0,0.01,-1,0.1,0.005146714868605928,0.0021755207858162196
28027,8046,8046,wikimedia-en,check,random_0,0.01,1,-0.1,0.00644212789107153,0.004487926161521741
28027,8046,8046,wikimedia-en,check,random_0,0.01,1,0.1,0.006120798946274038,0.0036632460900013794
28027,8046,8046,wikimedia-en,check,random_1,0.005,-1,-0.1,0.005073788016929007,0.002229391181754888
28027,8046,8046,wikimedia-en,check,random_1,0.005,-1,0.1,0.004756708783480814,0.0015622681380644556
28027,8046,8046,wikimedia-en,check,random_1,0.005,1,-0.1,0.005261556724917428,0.002456908967324121
28027,8046,8046,wikimedia-en,check,random_1,0.005,1,0.1,0.0049190193286481445,0.0017506234458902884
28027,8046,8046,wikimedia-en,check,random_1,0.01,-1,-0.1,0.009951916658712437,0.004231284746347236
28027,8046,8046,wikimedia-en,check,random_1,0.01,-1,0.1,0.009294262023006816,0.0028804084372606037
28027,8046,8046,wikimedia-en,check,random_1,0.01,1,-0.1,0.010708963777521289,0.005142257741285473
28027,8046,8046,wikimedia-en,check,random_1,0.01,1,0.1,0.010076455584129665,0.0037036438715968745
28027,8046,8046,wikimedia-en,check,random_2,0.005,-1,-0.1,0.0011181851694051965,0.0011114931486505108
28027,8046,8046,wikimedia-en,check,random_2,0.005,-1,0.1,0.0010852303559995358,0.0010720025762160162
28027,8046,8046,wikimedia-en,check,random_2,0.005,1,-0.1,0.001301245620537607,0.001279027342458277
28027,8046,8046,wikimedia-en,check,random_2,0.005,1,0.1,0.0012679390547093712,0.001217637015254676
28027,8046,8046,wikimedia-en,check,random_2,0.01,-1,-0.1,0.002018570811962661,0.002017326400448911
28027,8046,8046,wikimedia-en,check,random_2,0.01,-1,0.1,0.0019606236426289174,0.001954707527513929
28027,8046,8046,wikimedia-en,check,random_2,0.01,1,-0.1,0.0027948082797548245,0.002726331040707689
28027,8046,8046,wikimedia-en,check,random_2,0.01,1,0.1,0.0026939010522884785,0.0025654527975661596
28027,8046,8046,wikimedia-en,check,approx_spectrum_matched,0.005,-1,-0.1,0.0036216660803457365,0.0012643429249728103
28027,8046,8046,wikimedia-en,check,approx_spectrum_matched,0.005,-1,0.1,0.003643933436538791,0.0018254956360517556
28027,8046,8046,wikimedia-en,check,approx_spectrum_matched,0.005,1,-0.1,0.0033530712938021866,0.0012671183164669785
28027,8046,8046,wikimedia-en,check,approx_spectrum_matched,0.005,1,0.1,0.003343413671599773,0.0017740831861445879
28027,8046,8046,wikimedia-en,check,approx_spectrum_matched,0.01,-1,-0.1,0.007526084857268961,0.00252607014912938
28027,8046,8046,wikimedia-en,check,approx_spectrum_matched,0.01,-1,0.1,0.007543315352869589,0.0036772799045232726
28027,8046,8046,wikimedia-en,check,approx_spectrum_matched,0.01,1,-0.1,0.006435985147998417,0.0025604778047903535
28027,8046,8046,wikimedia-en,check,approx_spectrum_matched,0.01,1,0.1,0.006450422425689278,0.0035244773567368413
28027,8046,8046,wikimedia-en,check,leading_pc,0.005,-1,-0.1,0.0058630494676150365,0.005859728496462709
28027,8046,8046,wikimedia-en,check,leading_pc,0.005,-1,0.1,0.005919852258140331,0.005917790078971563
28027,8046,8046,wikimedia-en,check,leading_pc,0.005,1,-0.1,0.005013109692108966,0.005005424269287231
28027,8046,8046,wikimedia-en,check,leading_pc,0.005,1,0.1,0.00514363462338431,0.005142874789351969
28027,8046,8046,wikimedia-en,check,leading_pc,0.01,-1,-0.1,0.012514771412769242,0.012502679665012761
28027,8046,8046,wikimedia-en,check,leading_pc,0.01,-1,0.1,0.01258133215412522,0.01258053986604089
28027,8046,8046,wikimedia-en,check,leading_pc,0.01,1,-0.1,0.00918578170858273,0.009155041475601214
28027,8046,8046,wikimedia-en,check,leading_pc,0.01,1,0.1,0.009493014180060917,0.009493000449369184
28027,8046,8046,wikimedia-en,check,shuffled_labels,0.005,-1,-0.1,0.00041246855187676963,0.00012251063834006187
28027,8046,8046,wikimedia-en,check,shuffled_labels,0.005,-1,0.1,0.0002421900943503707,1.8743380832957397e-05
28027,8046,8046,wikimedia-en,check,shuffled_labels,0.005,1,-0.1,0.0007307970879991799,0.0002776585032812332
28027,8046,8046,wikimedia-en,check,shuffled_labels,0.005,1,0.1,0.0006167178505713894,0.00015034056183760137
28027,8046,8046,wikimedia-en,check,shuffled_labels,0.01,-1,-0.1,0.00044553026683037103,8.871855333141305e-05
28027,8046,8046,wikimedia-en,check,shuffled_labels,0.01,-1,0.1,0.0001421622634237781,6.933663485855558e-05
28027,8046,8046,wikimedia-en,check,shuffled_labels,0.01,1,-0.1,0.0018719774188904429,0.0007246255537452772
28027,8046,8046,wikimedia-en,check,shuffled_labels,0.01,1,0.1,0.001551128628269638,0.0003889760771324581
28027,8113,8113,wikimedia-en,check,learned,0.005,-1,-0.1,0.0027901215165795114,0.002625956841281028
28027,8113,8113,wikimedia-en,check,learned,0.005,-1,0.1,0.0026746228656574955,0.0025412214971794068
28027,8113,8113,wikimedia-en,check,learned,0.005,1,-0.1,0.002668147146851902,0.0024745715898572534
28027,8113,8113,wikimedia-en,check,learned,0.005,1,0.1,0.0025496579391574683,0.0024017587355316993
28027,8113,8113,wikimedia-en,check,learned,0.01,-1,-0.1,0.00547505523492495,0.005175625460294321
28027,8113,8113,wikimedia-en,check,learned,0.01,-1,0.1,0.005327036121780425,0.005074526790695148
28027,8113,8113,wikimedia-en,check,learned,0.01,1,-0.1,0.005086404806859515,0.004679446918505766
28027,8113,8113,wikimedia-en,check,learned,0.01,1,0.1,0.004804608340360591,0.004497803811002935
28027,8113,8113,wikimedia-en,check,random_0,0.005,-1,-0.1,0.00036787407797728156,0.00011255899513768352
28027,8113,8113,wikimedia-en,check,random_0,0.005,-1,0.1,0.00036743234805818427,9.223648415076577e-05
28027,8113,8113,wikimedia-en,check,random_0,0.005,1,-0.1,0.0004204935968260099,0.00019380341651876917
28027,8113,8113,wikimedia-en,check,random_0,0.005,1,0.1,0.00042079967824587046,0.00019339202975622629
28027,8113,8113,wikimedia-en,check,random_0,0.01,-1,-0.1,0.0006645113849327315,9.976082205875633e-05
28027,8113,8113,wikimedia-en,check,random_0,0.01,-1,0.1,0.0006748003572743346,0.0001070148068581529
28027,8113,8113,wikimedia-en,check,random_0,0.01,1,-0.1,0.0009037333232797989,0.0005104747942052647
28027,8113,8113,wikimedia-en,check,random_0,0.01,1,0.1,0.0008819097782442962,0.00047407955580467694
28027,8113,8113,wikimedia-en,check,random_1,0.005,-1,-0.1,0.001184907237306324,0.000992655837874931
28027,8113,8113,wikimedia-en,check,random_1,0.005,-1,0.1,0.001137874794702935,0.0009848870530231304
28027,8113,8113,wikimedia-en,check,random_1,0.005,1,-0.1,0.0010674726946262659,0.0009306635915844184
28027,8113,8113,wikimedia-en,check,random_1,0.005,1,0.1,0.0010460371115818374,0.0009473456970400407
28027,8113,8113,wikimedia-en,check,random_1,0.01,-1,-0.1,0.0024950283454404235,0.002042003655589786
28027,8113,8113,wikimedia-en,check,random_1,0.01,-1,0.1,0.002422504816107339,0.0020498902272382165
28027,8113,8113,wikimedia-en,check,random_1,0.01,1,-0.1,0.002056559860519931,0.0018399211374861139
28027,8113,8113,wikimedia-en,check,random_1,0.01,1,0.1,0.001990330851296915,0.0018323783755973173
28027,8113,8113,wikimedia-en,check,random_2,0.005,-1,-0.1,0.00042522837951426625,0.0003924909735910109
28027,8113,8113,wikimedia-en,check,random_2,0.005,-1,0.1,0.0003862729027454886,0.00033629489047966055
28027,8113,8113,wikimedia-en,check,random_2,0.005,1,-0.1,0.0005384610405773345,0.0005191296999164005
28027,8113,8113,wikimedia-en,check,random_2,0.005,1,0.1,0.00052750153730127,0.0004981233001583362
28027,8113,8113,wikimedia-en,check,random_2,0.01,-1,-0.1,0.0006841024919961109,0.0005942592721432821
28027,8113,8113,wikimedia-en,check,random_2,0.01,-1,0.1,0.0006574721649105844,0.000536062566003125
28027,8113,8113,wikimedia-en,check,random_2,0.01,1,-0.1,0.0012422112312347215,0.001219823411945584
28027,8113,8113,wikimedia-en,check,random_2,0.01,1,0.1,0.0012033439666615726,0.0011597360925863043
28027,8113,8113,wikimedia-en,check,approx_spectrum_matched,0.005,-1,-0.1,0.0008952991932386075,0.0005840786585033097
28027,8113,8113,wikimedia-en,check,approx_spectrum_matched,0.005,-1,0.1,0.0008482494646638855,0.0005233468999961176
28027,8113,8113,wikimedia-en,check,approx_spectrum_matched,0.005,1,-0.1,0.0009908223580685418,0.0007523695053868522
28027,8113,8113,wikimedia-en,check,approx_spectrum_matched,0.005,1,0.1,0.0009318418085351159,0.0006896868945116525
28027,8113,8113,wikimedia-en,check,approx_spectrum_matched,0.01,-1,-0.1,0.0016943310723121958,0.0009858990424773874
28027,8113,8113,wikimedia-en,check,approx_spectrum_matched,0.01,-1,0.1,0.0016133571483977433,0.0008585388841939363
28027,8113,8113,wikimedia-en,check,approx_spectrum_matched,0.01,1,-0.1,0.0020659282620600255,0.0016308375129084752
28027,8113,8113,wikimedia-en,check,approx_spectrum_matched,0.01,1,0.1,0.0019094142243634871,0.0014869482976152834
28027,8113,8113,wikimedia-en,check,leading_pc,0.005,-1,-0.1,0.0015823283790259738,0.0015103596091599245
28027,8113,8113,wikimedia-en,check,leading_pc,0.005,-1,0.1,0.0014274086493909505,0.001366016355047029
28027,8113,8113,wikimedia-en,check,leading_pc,0.005,1,-0.1,0.00143323012144245,0.001366095177866186
28027,8113,8113,wikimedia-en,check,leading_pc,0.005,1,0.1,0.0013082579909919516,0.0012573604575398187
28027,8113,8113,wikimedia-en,check,leading_pc,0.01,-1,-0.1,0.0033614130120003267,0.003168656455367115
28027,8113,8113,wikimedia-en,check,leading_pc,0.01,-1,0.1,0.0030210809416778553,0.002855189278797482
28027,8113,8113,wikimedia-en,check,leading_pc,0.01,1,-0.1,0.0027420575847135935,0.0026085442250847056
28027,8113,8113,wikimedia-en,check,leading_pc,0.01,1,0.1,0.002501420026032013,0.002400701131942573
28027,8113,8113,wikimedia-en,check,shuffled_labels,0.005,-1,-0.1,0.0012743517937594553,0.000921811999177546
28027,8113,8113,wikimedia-en,check,shuffled_labels,0.005,-1,0.1,0.0012797096758911817,0.0009289753784678736
28027,8113,8113,wikimedia-en,check,shuffled_labels,0.005,1,-0.1,0.0010151160990502705,0.0004400168266388035
28027,8113,8113,wikimedia-en,check,shuffled_labels,0.005,1,0.1,0.0009849929409326303,0.0004381337052918709
28027,8113,8113,wikimedia-en,check,shuffled_labels,0.01,-1,-0.1,0.002922147980362519,0.0023686488548214546
28027,8113,8113,wikimedia-en,check,shuffled_labels,0.01,-1,0.1,0.0029024279187871566,0.0023268623675116273
28027,8113,8113,wikimedia-en,check,shuffled_labels,0.01,1,-0.1,0.0018965535786204493,0.0004033568807218231
28027,8113,8113,wikimedia-en,check,shuffled_labels,0.01,1,0.1,0.00183012274844422,0.0004328414339133067
28027,8236,8236,wikimedia-en,check,learned,0.005,-1,-0.1,0.0007262372374311509,9.31684849242625e-05
28027,8236,8236,wikimedia-en,check,learned,0.005,-1,0.1,0.0007334803343919592,8.004008647706097e-05
28027,8236,8236,wikimedia-en,check,learned,0.005,1,-0.1,0.0008240987763627506,6.134465300523304e-05
28027,8236,8236,wikimedia-en,check,learned,0.005,1,0.1,0.000815534300325381,6.007220699159397e-05
28027,8236,8236,wikimedia-en,check,learned,0.01,-1,-0.1,0.0013458693946070204,0.00020679599836450187
28027,8236,8236,wikimedia-en,check,learned,0.01,-1,0.1,0.0013495776280423265,0.00018900372411764527
28027,8236,8236,wikimedia-en,check,learned,0.01,1,-0.1,0.0017329477342114285,9.810003322217138e-05
28027,8236,8236,wikimedia-en,check,learned,0.01,1,0.1,0.0016855879919649764,8.708999721557485e-05
28027,8236,8236,wikimedia-en,check,random_0,0.005,-1,-0.1,0.0005756570058876677,0.0002883411204480976
28027,8236,8236,wikimedia-en,check,random_0,0.005,-1,0.1,0.0005613546078782813,0.00028968502772908284
28027,8236,8236,wikimedia-en,check,random_0,0.005,1,-0.1,0.0005510438803780698,0.00027087909911840334
28027,8236,8236,wikimedia-en,check,random_0,0.005,1,0.1,0.0005340244078528819,0.00026847910600180983
28027,8236,8236,wikimedia-en,check,random_0,0.01,-1,-0.1,0.0011820222818542778,0.0005995359722484258
28027,8236,8236,wikimedia-en,check,random_0,0.01,-1,0.1,0.0011451759352610908,0.0005970856720150824
28027,8236,8236,wikimedia-en,check,random_0,0.01,1,-0.1,0.0010730976315115777,0.0005157055571099593
28027,8236,8236,wikimedia-en,check,random_0,0.01,1,0.1,0.0010431667020427665,0.0005154881995712109
28027,8236,8236,wikimedia-en,check,random_1,0.005,-1,-0.1,0.0002183476866535043,0.0001211771887574274
28027,8236,8236,wikimedia-en,check,random_1,0.005,-1,0.1,0.0002262641305262461,0.00012728048197302273
28027,8236,8236,wikimedia-en,check,random_1,0.005,1,-0.1,0.00021534042087957968,0.00011236784949794881
28027,8236,8236,wikimedia-en,check,random_1,0.005,1,0.1,0.00021906503130132056,9.972327243642416e-05
28027,8236,8236,wikimedia-en,check,random_1,0.01,-1,-0.1,0.00044014110290569006,0.0002655087104896773
28027,8236,8236,wikimedia-en,check,random_1,0.01,-1,0.1,0.0004411349383860278,0.0002610695823882175
28027,8236,8236,wikimedia-en,check,random_1,0.01,1,-0.1,0.00040954510607692517,0.00017966457479120935
28027,8236,8236,wikimedia-en,check,random_1,0.01,1,0.1,0.0004333187985548527,0.0001749142040511014
28027,8236,8236,wikimedia-en,check,random_2,0.005,-1,-0.1,0.0001946640612680447,0.0001911187678875602
28027,8236,8236,wikimedia-en,check,random_2,0.005,-1,0.1,0.0002123698019168868,0.00020927034450714875
28027,8236,8236,wikimedia-en,check,random_2,0.005,1,-0.1,0.0001893806063717023,0.00018926881164809176
28027,8236,8236,wikimedia-en,check,random_2,0.005,1,0.1,0.0001928333240961898,0.00019280681756997066
28027,8236,8236,wikimedia-en,check,random_2,0.01,-1,-0.1,0.00040507028914356824,0.00039022284820903216
28027,8236,8236,wikimedia-en,check,random_2,0.01,-1,0.1,0.0004251240607593069,0.0004154212346213656
28027,8236,8236,wikimedia-en,check,random_2,0.01,1,-0.1,0.00036907196044921875,0.0003675156639015818
28027,8236,8236,wikimedia-en,check,random_2,0.01,1,0.1,0.0003789556628690774,0.00037549577706091577
28027,8236,8236,wikimedia-en,check,approx_spectrum_matched,0.005,-1,-0.1,0.000379181495854097,0.00014190989187752234
28027,8236,8236,wikimedia-en,check,approx_spectrum_matched,0.005,-1,0.1,0.00036637233118217235,0.0001301124333642642
28027,8236,8236,wikimedia-en,check,approx_spectrum_matched,0.005,1,-0.1,0.00033171693654183456,0.00017009477248583268
28027,8236,8236,wikimedia-en,check,approx_spectrum_matched,0.005,1,0.1,0.00031329906829440383,0.00015683241917607103
28027,8236,8236,wikimedia-en,check,approx_spectrum_matched,0.01,-1,-0.1,0.0008467951309392423,0.0002678985084043503
28027,8236,8236,wikimedia-en,check,approx_spectrum_matched,0.01,-1,0.1,0.0008299549018772887,0.00023952371411497213
28027,8236,8236,wikimedia-en,check,approx_spectrum_matched,0.01,1,-0.1,0.000622892436340208,0.0003479378195626539
28027,8236,8236,wikimedia-en,check,approx_spectrum_matched,0.01,1,0.1,0.0006012876859892304,0.00033489510886783183
28027,8236,8236,wikimedia-en,check,leading_pc,0.005,-1,-0.1,0.0007777662808061974,1.0717553955273631e-05
28027,8236,8236,wikimedia-en,check,leading_pc,0.005,-1,0.1,0.0007936186350798244,3.0881755647348254e-05
28027,8236,8236,wikimedia-en,check,leading_pc,0.005,1,-0.1,0.0007313900188357414,1.9796463700812965e-05
28027,8236,8236,wikimedia-en,check,leading_pc,0.005,1,0.1,0.0007283070642717767,2.542856353385628e-05
28027,8236,8236,wikimedia-en,check,leading_pc,0.01,-1,-0.1,0.0016114389880832164,3.354205597890039e-05
28027,8236,8236,wikimedia-en,check,leading_pc,0.01,-1,0.1,0.0016235705153121202,7.568727230163414e-05
28027,8236,8236,wikimedia-en,check,leading_pc,0.01,1,-0.1,0.0013820702023339476,2.0176645173541807e-05
28027,8236,8236,wikimedia-en,check,leading_pc,0.01,1,0.1,0.0013995007314168192,5.329013292566425e-05
28027,8236,8236,wikimedia-en,check,shuffled_labels,0.005,-1,-0.1,0.00011037106520980307,2.284392150906956e-06
28027,8236,8236,wikimedia-en,check,shuffled_labels,0.005,-1,0.1,0.00012121046742109315,1.0837083829182204e-05
28027,8236,8236,wikimedia-en,check,shuffled_labels,0.005,1,-0.1,0.0001260149891598429,5.850470340997446e-06
28027,8236,8236,wikimedia-en,check,shuffled_labels,0.005,1,0.1,0.00012006452857984707,3.2402618431533366e-06
28027,8236,8236,wikimedia-en,check,shuffled_labels,0.01,-1,-0.1,0.0002371396092579166,3.101512046084715e-05
28027,8236,8236,wikimedia-en,check,shuffled_labels,0.01,-1,0.1,0.0002285244257174208,3.460992975069897e-05
28027,8236,8236,wikimedia-en,check,shuffled_labels,0.01,1,-0.1,0.00023842048644256598,2.2821599110854626e-05
28027,8236,8236,wikimedia-en,check,shuffled_labels,0.01,1,0.1,0.0002244561193418651,8.342269508326537e-06
28027,8288,8288,wikimedia-en,fit,learned,0.005,-1,-0.1,0.00013775973221834224,5.287659624868157e-05
28027,8288,8288,wikimedia-en,fit,learned,0.005,-1,0.1,0.00010594051157868446,4.4652973422355504e-05
28027,8288,8288,wikimedia-en,fit,learned,0.005,1,-0.1,9.523382364517157e-05,6.763995611450678e-07
28027,8288,8288,wikimedia-en,fit,learned,0.005,1,0.1,6.73915323814645e-05,1.4027373046693455e-05
28027,8288,8288,wikimedia-en,fit,learned,0.01,-1,-0.1,0.00027617476247374995,0.00011012865215851998
28027,8288,8288,wikimedia-en,fit,learned,0.01,-1,0.1,0.00021702115825723327,0.00010494101167111434
28027,8288,8288,wikimedia-en,fit,learned,0.01,1,-0.1,0.0001533326214090827,4.781534258802966e-05
28027,8288,8288,wikimedia-en,fit,learned,0.01,1,0.1,9.451875964727262e-05,2.6764508105770535e-05
28027,8288,8288,wikimedia-en,fit,random_0,0.005,-1,-0.1,0.0003095448195591122,6.030289976375363e-05
28027,8288,8288,wikimedia-en,fit,random_0,0.005,-1,0.1,0.00030899636533804407,5.524763679971187e-05
28027,8288,8288,wikimedia-en,fit,random_0,0.005,1,-0.1,0.00022598861915737093,4.048063484686255e-05
28027,8288,8288,wikimedia-en,fit,random_0,0.005,1,0.1,0.00023366237141612275,4.845298346084007e-05
28027,8288,8288,wikimedia-en,fit,random_0,0.01,-1,-0.1,0.0007014605231048638,0.00010463525433380378
28027,8288,8288,wikimedia-en,fit,random_0,0.01,-1,0.1,0.0006967478570905003,0.00010598226507521647
28027,8288,8288,wikimedia-en,fit,random_0,0.01,1,-0.1,0.000367648561262907,5.1622438729057846e-05
28027,8288,8288,wikimedia-en,fit,random_0,0.01,1,0.1,0.0003872463817327088,6.960047137005552e-05
28027,8288,8288,wikimedia-en,fit,random_1,0.005,-1,-0.1,0.00033379146026522427,0.0002784417582330403
28027,8288,8288,wikimedia-en,fit,random_1,0.005,-1,0.1,0.00029846387710881343,0.00024126848236663732
28027,8288,8288,wikimedia-en,fit,random_1,0.005,1,-0.1,0.0002774364636423875,0.00024005373452847036
28027,8288,8288,wikimedia-en,fit,random_1,0.005,1,0.1,0.0002585394186304576,0.0002258114498976311
28027,8288,8288,wikimedia-en,fit,random_1,0.01,-1,-0.1,0.0007084131365217491,0.0005742585301929955
28027,8288,8288,wikimedia-en,fit,random_1,0.01,-1,0.1,0.0006501522086899062,0.0005233213968331277
28027,8288,8288,wikimedia-en,fit,random_1,0.01,1,-0.1,0.0005289940934707741,0.0004742007159448575
28027,8288,8288,wikimedia-en,fit,random_1,0.01,1,0.1,0.0004673763743770509,0.0004224499888295675
28027,8288,8288,wikimedia-en,fit,random_2,0.005,-1,-0.1,0.0004410083824489076,0.0003734993826697965
28027,8288,8288,wikimedia-en,fit,random_2,0.005,-1,0.1,0.0004060404898991762,0.0003427869026648775
28027,8288,8288,wikimedia-en,fit,random_2,0.005,1,-0.1,0.0005303422338287089,0.0004805255215634814
28027,8288,8288,wikimedia-en,fit,random_2,0.005,1,0.1,0.0004814499424317381,0.00043471516433031776
28027,8288,8288,wikimedia-en,fit,random_2,0.01,-1,-0.1,0.0008067126476477307,0.0006549285722978948
28027,8288,8288,wikimedia-en,fit,random_2,0.01,-1,0.1,0.0007287383897580111,0.0005817006153503883
28027,8288,8288,wikimedia-en,fit,random_2,0.01,1,-0.1,0.0011320392320809374,0.0010496358995410945
28027,8288,8288,wikimedia-en,fit,random_2,0.01,1,0.1,0.001037384662829488,0.0009590095936607214
28027,8288,8288,wikimedia-en,fit,approx_spectrum_matched,0.005,-1,-0.1,0.0005450267491345852,0.0003431248148771259
28027,8288,8288,wikimedia-en,fit,approx_spectrum_matched,0.005,-1,0.1,0.0004997847154158421,0.0003188014498618531
28027,8288,8288,wikimedia-en,fit,approx_spectrum_matched,0.005,1,-0.1,0.000528456273045617,0.0003265365853619604
28027,8288,8288,wikimedia-en,fit,approx_spectrum_matched,0.005,1,0.1,0.0005010784917005951,0.00032466273690860096
28027,8288,8288,wikimedia-en,fit,approx_spectrum_matched,0.01,-1,-0.1,0.0010903500721428036,0.000688645211533307
28027,8288,8288,wikimedia-en,fit,approx_spectrum_matched,0.01,-1,0.1,0.0009878888713636257,0.0006352612900355247
28027,8288,8288,wikimedia-en,fit,approx_spectrum_matched,0.01,1,-0.1,0.0010481049950216885,0.0006683767107948279
28027,8288,8288,wikimedia-en,fit,approx_spectrum_matched,0.01,1,0.1,0.000978823113759857,0.000640900222861843
28027,8288,8288,wikimedia-en,fit,leading_pc,0.005,-1,-0.1,0.0005627456304159118,0.0005505281789228219
28027,8288,8288,wikimedia-en,fit,leading_pc,0.005,-1,0.1,0.0005637602788585367,0.0005449014263972728
28027,8288,8288,wikimedia-en,fit,leading_pc,0.005,1,-0.1,0.0003806277758802788,0.0003800355631512788
28027,8288,8288,wikimedia-en,fit,leading_pc,0.005,1,0.1,0.0003694950341524329,0.00036474205410341086
28027,8288,8288,wikimedia-en,fit,leading_pc,0.01,-1,-0.1,0.0013308572068604734,0.0012906314265140756
28027,8288,8288,wikimedia-en,fit,leading_pc,0.01,-1,0.1,0.0013127578978192776,0.0012543938913583096
28027,8288,8288,wikimedia-en,fit,leading_pc,0.01,1,-0.1,0.0005839028712643155,0.0005828591385017219
28027,8288,8288,wikimedia-en,fit,leading_pc,0.01,1,0.1,0.000575942111687359,0.0005748892016431422
28027,8288,8288,wikimedia-en,fit,shuffled_labels,0.005,-1,-0.1,0.00025487247194058655,6.451865397297324e-05
28027,8288,8288,wikimedia-en,fit,shuffled_labels,0.005,-1,0.1,0.0002501923264674543,6.502166288111983e-05
28027,8288,8288,wikimedia-en,fit,shuffled_labels,0.005,1,-0.1,0.00028677900075876244,1.6360414385196173e-05
28027,8288,8288,wikimedia-en,fit,shuffled_labels,0.005,1,0.1,0.00027736392378577344,3.2261971007922914e-05
28027,8288,8288,wikimedia-en,fit,shuffled_labels,0.01,-1,-0.1,0.00048418229128848486,0.00016675832652772178
28027,8288,8288,wikimedia-en,fit,shuffled_labels,0.01,-1,0.1,0.00046789486696493984,0.00017122081953818518
28027,8288,8288,wikimedia-en,fit,shuffled_labels,0.01,1,-0.1,0.0006055848804960936,8.964642794759648e-06
28027,8288,8288,wikimedia-en,fit,shuffled_labels,0.01,1,0.1,0.0005826992996232543,2.9081846297528138e-05
28027,8864,8864,wikimedia-en,fit,learned,0.005,-1,-0.1,0.0007107849266042745,1.2712249973077893e-05
28027,8864,8864,wikimedia-en,fit,learned,0.005,-1,0.1,0.0007367515245472625,9.705830897288105e-06
28027,8864,8864,wikimedia-en,fit,learned,0.005,1,-0.1,0.000701121225161417,7.582391603693432e-06
28027,8864,8864,wikimedia-en,fit,learned,0.005,1,0.1,0.0006909533315124505,5.114045831409662e-05
28027,8864,8864,wikimedia-en,fit,learned,0.01,-1,-0.1,0.0013818605921200478,3.860178225251604e-05
28027,8864,8864,wikimedia-en,fit,learned,0.01,-1,0.1,0.0014640991235634324,2.4728696856891877e-05
28027,8864,8864,wikimedia-en,fit,learned,0.01,1,-0.1,0.0013348527999389758,8.510123226688274e-05
28027,8864,8864,wikimedia-en,fit,learned,0.01,1,0.1,0.0012843883032427773,0.0001589807142942771
28027,8864,8864,wikimedia-en,fit,random_0,0.005,-1,-0.1,0.00036269351411395684,0.00029902051944311525
28027,8864,8864,wikimedia-en,fit,random_0,0.005,-1,0.1,0.000384817926865901,0.00030515552810282773
28027,8864,8864,wikimedia-en,fit,random_0,0.005,1,-0.1,0.00035353672918926886,0.00029738518201075114
28027,8864,8864,wikimedia-en,fit,random_0,0.005,1,0.1,0.0004057522790145878,0.0003319859771193906
28027,8864,8864,wikimedia-en,fit,random_0,0.01,-1,-0.1,0.000701171165596449,0.0005702365192221424
28027,8864,8864,wikimedia-en,fit,random_0,0.01,-1,0.1,0.0007669302752321594,0.0006003676720831993
28027,8864,8864,wikimedia-en,fit,random_0,0.01,1,-0.1,0.0007126831839231309,0.0006032784064255469
28027,8864,8864,wikimedia-en,fit,random_0,0.01,1,0.1,0.0007957565017967413,0.0006517100506386889
28027,8864,8864,wikimedia-en,fit,random_1,0.005,-1,-0.1,0.00015782949783503314,8.721673528812135e-05
28027,8864,8864,wikimedia-en,fit,random_1,0.005,-1,0.1,0.00015547231486351233,7.004197455762547e-05
28027,8864,8864,wikimedia-en,fit,random_1,0.005,1,-0.1,0.0001693624630917802,0.0001108747429201189
28027,8864,8864,wikimedia-en,fit,random_1,0.005,1,0.1,0.00016489467427483357,0.00011422628055575036
28027,8864,8864,wikimedia-en,fit,random_1,0.01,-1,-0.1,0.0003101802806784322,0.00014298940294238136
28027,8864,8864,wikimedia-en,fit,random_1,0.01,-1,0.1,0.0003041787550121861,0.00012435555007689965
28027,8864,8864,wikimedia-en,fit,random_1,0.01,1,-0.1,0.00033970087983540626,0.00025232559821069075
28027,8864,8864,wikimedia-en,fit,random_1,0.01,1,0.1,0.00033645651508073496,0.00025066141213242617
28027,8864,8864,wikimedia-en,fit,random_2,0.005,-1,-0.1,0.0004230639435601924,0.00015887364634268412
28027,8864,8864,wikimedia-en,fit,random_2,0.005,-1,0.1,0.0004339134299338133,0.00012849669667463562
28027,8864,8864,wikimedia-en,fit,random_2,0.005,1,-0.1,0.0004437609636142801,0.00020447739679172494
28027,8864,8864,wikimedia-en,fit,random_2,0.005,1,0.1,0.0004646126660854151,0.0002011262197373997
28027,8864,8864,wikimedia-en,fit,random_2,0.01,-1,-0.1,0.0008245136343434934,0.0002614931983376012
28027,8864,8864,wikimedia-en,fit,random_2,0.01,-1,0.1,0.0008399700053260037,0.00021396656544077559
28027,8864,8864,wikimedia-en,fit,random_2,0.01,1,-0.1,0.0009071122303790375,0.00044783969382599135
28027,8864,8864,wikimedia-en,fit,random_2,0.01,1,0.1,0.0009459526263099725,0.0004350977361526086
28027,8864,8864,wikimedia-en,fit,approx_spectrum_matched,0.005,-1,-0.1,0.0006226529314053363,0.00012407031124365224
28027,8864,8864,wikimedia-en,fit,approx_spectrum_matched,0.005,-1,0.1,0.0006369088057836549,9.641097643430042e-05
28027,8864,8864,wikimedia-en,fit,approx_spectrum_matched,0.005,1,-0.1,0.0005950996508567718,0.00012680438608719615
28027,8864,8864,wikimedia-en,fit,approx_spectrum_matched,0.005,1,0.1,0.0006286761134171162,0.0001315641026946126
28027,8864,8864,wikimedia-en,fit,approx_spectrum_matched,0.01,-1,-0.1,0.001256994845478553,0.00022068133021639933
28027,8864,8864,wikimedia-en,fit,approx_spectrum_matched,0.01,-1,0.1,0.0012957893386430542,0.0001768696599155285
28027,8864,8864,wikimedia-en,fit,approx_spectrum_matched,0.01,1,-0.1,0.0011933636567958694,0.0002714080029593454
28027,8864,8864,wikimedia-en,fit,approx_spectrum_matched,0.01,1,0.1,0.0012470749465308126,0.00027006357179799623
28027,8864,8864,wikimedia-en,fit,leading_pc,0.005,-1,-0.1,0.0006651398084249778,0.000337177762312629
28027,8864,8864,wikimedia-en,fit,leading_pc,0.005,-1,0.1,0.0007101800753292565,0.00032609228160298073
28027,8864,8864,wikimedia-en,fit,leading_pc,0.005,1,-0.1,0.0006200452752543491,0.00029802456205949517
28027,8864,8864,wikimedia-en,fit,leading_pc,0.005,1,0.1,0.0006672517825820337,0.00031173931573835013
28027,8864,8864,wikimedia-en,fit,leading_pc,0.01,-1,-0.1,0.0013602114053980537,0.0007104451864495728
28027,8864,8864,wikimedia-en,fit,leading_pc,0.01,-1,0.1,0.0014522026920252493,0.0007007606344543734
28027,8864,8864,wikimedia-en,fit,leading_pc,0.01,1,-0.1,0.0012104035776344415,0.0005927094037756255
28027,8864,8864,wikimedia-en,fit,leading_pc,0.01,1,0.1,0.0012983430862251772,0.0005922457273147171
28027,8864,8864,wikimedia-en,fit,shuffled_labels,0.005,-1,-0.1,8.159908523800746e-05,6.957734951535424e-05
28027,8864,8864,wikimedia-en,fit,shuffled_labels,0.005,-1,0.1,9.353790157500632e-05,8.464377742561958e-05
28027,8864,8864,wikimedia-en,fit,shuffled_labels,0.005,1,-0.1,8.193277972695656e-05,6.529274652599118e-05
28027,8864,8864,wikimedia-en,fit,shuffled_labels,0.005,1,0.1,7.421522696816909e-05,4.7630609412244446e-05
28027,8864,8864,wikimedia-en,fit,shuffled_labels,0.01,-1,-0.1,0.0001842863035032797,0.0001782309719012525
28027,8864,8864,wikimedia-en,fit,shuffled_labels,0.01,-1,0.1,0.00018409619921895835,0.00017299338516385497
28027,8864,8864,wikimedia-en,fit,shuffled_labels,0.01,1,-0.1,0.00016164709332968603,0.00012001207653584621
28027,8864,8864,wikimedia-en,fit,shuffled_labels,0.01,1,0.1,0.0001592436223992433,8.392102173804738e-05
1645,9201,9201,wikimedia-en,fit,learned,0.005,-1,-0.1,0.002575928393717756,0.0019466112389631683
1645,9201,9201,wikimedia-en,fit,learned,0.005,-1,0.1,0.002559176632103493,0.0018835541888656815
1645,9201,9201,wikimedia-en,fit,learned,0.005,1,-0.1,0.0025390331703335203,0.00177327426322312
1645,9201,9201,wikimedia-en,fit,learned,0.005,1,0.1,0.0025213598909399107,0.0016837445465884174
1645,9201,9201,wikimedia-en,fit,learned,0.01,-1,-0.1,0.0049508730003034315,0.0037548755378499716
1645,9201,9201,wikimedia-en,fit,learned,0.01,-1,0.1,0.004937459416168506,0.0037099147411338504
1645,9201,9201,wikimedia-en,fit,learned,0.01,1,-0.1,0.0049682448681899576,0.0032725886597980854
1645,9201,9201,wikimedia-en,fit,learned,0.01,1,0.1,0.004943489279532273,0.003070078257134254
1645,9201,9201,wikimedia-en,fit,random_0,0.005,-1,-0.1,0.002020017335259963,0.0011420416262225047
1645,9201,9201,wikimedia-en,fit,random_0,0.005,-1,0.1,0.0021313599134226355,0.0012752151894810553
1645,9201,9201,wikimedia-en,fit,random_0,0.005,1,-0.1,0.002089736982541687,0.0010379332636624998
1645,9201,9201,wikimedia-en,fit,random_0,0.005,1,0.1,0.0022016187125911343,0.0011960519149604694
1645,9201,9201,wikimedia-en,fit,random_0,0.01,-1,-0.1,0.003940893853132937,0.0023552715135529245
1645,9201,9201,wikimedia-en,fit,random_0,0.01,-1,0.1,0.004150741335307256,0.0025733286265286837
1645,9201,9201,wikimedia-en,fit,random_0,0.01,1,-0.1,0.004230420931623133,0.0019224238274456204
1645,9201,9201,wikimedia-en,fit,random_0,0.01,1,0.1,0.00444585918183942,0.0022595629646489927
1645,9201,9201,wikimedia-en,fit,random_1,0.005,-1,-0.1,0.0018150540071439946,0.0017363307197672754
1645,9201,9201,wikimedia-en,fit,random_1,0.005,-1,0.1,0.0016711479334185087,0.0016142312206805247
1645,9201,9201,wikimedia-en,fit,random_1,0.005,1,-0.1,0.001732350445764645,0.0017049040882472005
1645,9201,9201,wikimedia-en,fit,random_1,0.005,1,0.1,0.0015991640363862336,0.001586742604803177
1645,9201,9201,wikimedia-en,fit,random_1,0.01,-1,-0.1,0.0037357407282354927,0.003523833094385721
1645,9201,9201,wikimedia-en,fit,random_1,0.01,-1,0.1,0.003462300256568838,0.0032945776005733154
1645,9201,9201,wikimedia-en,fit,random_1,0.01,1,-0.1,0.003444325866961987,0.003425585019043134
1645,9201,9201,wikimedia-en,fit,random_1,0.01,1,0.1,0.0031733153188545646,0.003170513148786412
1645,9201,9201,wikimedia-en,fit,random_2,0.005,-1,-0.1,0.0012161165924237502,0.0001241221349079607
1645,9201,9201,wikimedia-en,fit,random_2,0.005,-1,0.1,0.0012416140072245628,4.2636085605594224e-05
1645,9201,9201,wikimedia-en,fit,random_2,0.005,1,-0.1,0.0015929236837692131,0.00018635949510454862
1645,9201,9201,wikimedia-en,fit,random_2,0.005,1,0.1,0.0016075701855170377,9.64225109207541e-05
1645,9201,9201,wikimedia-en,fit,random_2,0.01,-1,-0.1,0.0020636851146778926,0.00018022290178016363
1645,9201,9201,wikimedia-en,fit,random_2,0.01,-1,0.1,0.0021194248387453253,5.617111720247851e-05
1645,9201,9201,wikimedia-en,fit,random_2,0.01,1,-0.1,0.0035663294999947006,0.0004632989806856935
1645,9201,9201,wikimedia-en,fit,random_2,0.01,1,0.1,0.003593803826194949,0.00023373805201276128
1645,9201,9201,wikimedia-en,fit,approx_spectrum_matched,0.005,-1,-0.1,0.0008148252740565031,0.0006700439625077412
1645,9201,9201,wikimedia-en,fit,approx_spectrum_matched,0.005,-1,0.1,0.0008292405201026144,0.0007014349305514962
1645,9201,9201,wikimedia-en,fit,approx_spectrum_matched,0.005,1,-0.1,0.0009604476068948895,0.0007185796098666355
1645,9201,9201,wikimedia-en,fit,approx_spectrum_matched,0.005,1,0.1,0.0009584404342776699,0.0007288781310572005
1645,9201,9201,wikimedia-en,fit,approx_spectrum_matched,0.01,-1,-0.1,0.0014487882357088534,0.0012274870462908364
1645,9201,9201,wikimedia-en,fit,approx_spectrum_matched,0.01,-1,0.1,0.00150195537829513,0.0013268315875151191
1645,9201,9201,wikimedia-en,fit,approx_spectrum_matched,0.01,1,-0.1,0.002040212644014245,0.0014530947611742103
1645,9201,9201,wikimedia-en,fit,approx_spectrum_matched,0.01,1,0.1,0.0019978570035549814,0.0014233596987968454
1645,9201,9201,wikimedia-en,fit,leading_pc,0.005,-1,-0.1,0.0018971830313371245,0.0006210893689661471
1645,9201,9201,wikimedia-en,fit,leading_pc,0.005,-1,0.1,0.0019319220322957388,0.0007723102365136581
1645,9201,9201,wikimedia-en,fit,leading_pc,0.005,1,-0.1,0.0016174994148875064,0.0006472144656184487
1645,9201,9201,wikimedia-en,fit,leading_pc,0.005,1,0.1,0.0016931536237412038,0.0008016816178245558
1645,9201,9201,wikimedia-en,fit,leading_pc,0.01,-1,-0.1,0.003961924681970738,0.0011133806535218202
1645,9201,9201,wikimedia-en,fit,leading_pc,0.01,-1,0.1,0.0039924138967151026,0.001410590907267935
1645,9201,9201,wikimedia-en,fit,leading_pc,0.01,1,-0.1,0.0028929274574443983,0.0011905992363745164
1645,9201,9201,wikimedia-en,fit,leading_pc,0.01,1,0.1,0.003077637649629749,0.0015208531753830206
1645,9201,9201,wikimedia-en,fit,shuffled_labels,0.005,-1,-0.1,0.0022071030497641192,0.000931765830207928
1645,9201,9201,wikimedia-en,fit,shuffled_labels,0.005,-1,0.1,0.0020755715874906824,0.0007396462407586012
1645,9201,9201,wikimedia-en,fit,shuffled_labels,0.005,1,-0.1,0.002305507327062983,0.0009714237859658883
1645,9201,9201,wikimedia-en,fit,shuffled_labels,0.005,1,0.1,0.002163516755198241,0.0007504220960901234
1645,9201,9201,wikimedia-en,fit,shuffled_labels,0.01,-1,-0.1,0.004395743483704004,0.0018729194555988824
1645,9201,9201,wikimedia-en,fit,shuffled_labels,0.01,-1,0.1,0.0041291958134562845,0.0014827896575717733
1645,9201,9201,wikimedia-en,fit,shuffled_labels,0.01,1,-0.1,0.004730111166916564,0.0019997434863784722
1645,9201,9201,wikimedia-en,fit,shuffled_labels,0.01,1,0.1,0.004462780179128573,0.0015695022754380252
1645,9255,9255,wikimedia-en,fit,learned,0.005,-1,-0.1,0.006994953505431584,0.004784300472707184
1645,9255,9255,wikimedia-en,fit,learned,0.005,-1,0.1,0.006994100040664686,0.004860530626671769
1645,9255,9255,wikimedia-en,fit,learned,0.005,1,-0.1,0.00854332229850229,0.004715662076128577
1645,9255,9255,wikimedia-en,fit,learned,0.005,1,0.1,0.008528280284706546,0.004697715897207158
1645,9255,9255,wikimedia-en,fit,learned,0.01,-1,-0.1,0.01307132859450559,0.009226340543334476
1645,9255,9255,wikimedia-en,fit,learned,0.01,-1,0.1,0.013074649717380243,0.00940083572262721
1645,9255,9255,wikimedia-en,fit,learned,0.01,1,-0.1,0.019855214703460137,0.008655185958127908
1645,9255,9255,wikimedia-en,fit,learned,0.01,1,0.1,0.019802717312435953,0.008516218007385912
1645,9255,9255,wikimedia-en,fit,random_0,0.005,-1,-0.1,0.0008117163523666367,0.00044500898843203435
1645,9255,9255,wikimedia-en,fit,random_0,0.005,-1,0.1,0.0008683763692373629,0.0003775757492730073
1645,9255,9255,wikimedia-en,fit,random_0,0.005,1,-0.1,0.0006520433871630699,0.0005752153220843706
1645,9255,9255,wikimedia-en,fit,random_0,0.005,1,0.1,0.000650423362922163,0.0005268714571832007
1645,9255,9255,wikimedia-en,fit,random_0,0.01,-1,-0.1,0.0019208726644393004,0.0007454796307018445
1645,9255,9255,wikimedia-en,fit,random_0,0.01,-1,0.1,0.002085788638799099,0.0006279594309609541
1645,9255,9255,wikimedia-en,fit,random_0,0.01,1,-0.1,0.0012950760274620951,0.0012712733963146164
1645,9255,9255,wikimedia-en,fit,random_0,0.01,1,0.1,0.001278696609243343,0.001201805555161873
1645,9255,9255,wikimedia-en,fit,random_1,0.005,-1,-0.1,0.001607579591206021,0.0006457168802892636
1645,9255,9255,wikimedia-en,fit,random_1,0.005,-1,0.1,0.0015987202932854357,0.0006082473276104285
1645,9255,9255,wikimedia-en,fit,random_1,0.005,1,-0.1,0.0016835032160493204,0.0006045601176983668
1645,9255,9255,wikimedia-en,fit,random_1,0.005,1,0.1,0.001684519572202176,0.0005456998459502199
1645,9255,9255,wikimedia-en,fit,random_1,0.01,-1,-0.1,0.003157941157132998,0.0012956497609251851
1645,9255,9255,wikimedia-en,fit,random_1,0.01,-1,0.1,0.0031677875496467626,0.0012415494941303551
1645,9255,9255,wikimedia-en,fit,random_1,0.01,1,-0.1,0.0035090719912168984,0.0011554587918909608
1645,9255,9255,wikimedia-en,fit,random_1,0.01,1,0.1,0.0035073185633346803,0.0010166410873105396
1645,9255,9255,wikimedia-en,fit,random_2,0.005,-1,-0.1,0.0013262569598815714,0.00044604805933900197
1645,9255,9255,wikimedia-en,fit,random_2,0.005,-1,0.1,0.0013674469285509477,0.0005420248509727627
1645,9255,9255,wikimedia-en,fit,random_2,0.005,1,-0.1,0.0012468339799831542,0.0006427549310372199
1645,9255,9255,wikimedia-en,fit,random_2,0.005,1,0.1,0.0012789520174971269,0.0007098470448031882
1645,9255,9255,wikimedia-en,fit,random_2,0.01,-1,-0.1,0.002777661539174142,0.0007402006727607024
1645,9255,9255,wikimedia-en,fit,random_2,0.01,-1,0.1,0.0028491302712288797,0.0009297616261132739
1645,9255,9255,wikimedia-en,fit,random_2,0.01,1,-0.1,0.00243820342628696,0.0014903979242470518
1645,9255,9255,wikimedia-en,fit,random_2,0.01,1,0.1,0.0025083674141227123,0.0016069583946992406
1645,9255,9255,wikimedia-en,fit,approx_spectrum_matched,0.005,-1,-0.1,0.0005713402657533446,0.00043472576945619
1645,9255,9255,wikimedia-en,fit,approx_spectrum_matched,0.005,-1,0.1,0.0005500487654382651,0.00046467517606715094
1645,9255,9255,wikimedia-en,fit,approx_spectrum_matched,0.005,1,-0.1,0.0006486247444756646,0.0004444357079316387
1645,9255,9255,wikimedia-en,fit,approx_spectrum_matched,0.005,1,0.1,0.0006423900925725978,0.0005066633055135035
1645,9255,9255,wikimedia-en,fit,approx_spectrum_matched,0.01,-1,-0.1,0.001086407096037754,0.0008365595702021851
1645,9255,9255,wikimedia-en,fit,approx_spectrum_matched,0.01,-1,0.1,0.0010180641950153333,0.0008919631762630845
1645,9255,9255,wikimedia-en,fit,approx_spectrum_matched,0.01,1,-0.1,0.0014156460054816978,0.0009225397019177571
1645,9255,9255,wikimedia-en,fit,approx_spectrum_matched,0.01,1,0.1,0.0013868382275054054,0.0010277773955014427
1645,9255,9255,wikimedia-en,fit,leading_pc,0.005,-1,-0.1,0.002750460217889896,0.0025703031235233846
1645,9255,9255,wikimedia-en,fit,leading_pc,0.005,-1,0.1,0.002664606999251086,0.0024710289129667414
1645,9255,9255,wikimedia-en,fit,leading_pc,0.005,1,-0.1,0.0022071378699308015,0.002047244383631249
1645,9255,9255,wikimedia-en,fit,leading_pc,0.005,1,0.1,0.0021420181159064956,0.0019680851109114264
1645,9255,9255,wikimedia-en,fit,leading_pc,0.01,-1,-0.1,0.0061717812759357945,0.005849563132535914
1645,9255,9255,wikimedia-en,fit,leading_pc,0.01,-1,0.1,0.006011952395508654,0.005674495865911639
1645,9255,9255,wikimedia-en,fit,leading_pc,0.01,1,-0.1,0.003978833483375708,0.0037205904475670257
1645,9255,9255,wikimedia-en,fit,leading_pc,0.01,1,0.1,0.0038546559115715303,0.003571328791369119
1645,9255,9255,wikimedia-en,fit,shuffled_labels,0.005,-1,-0.1,0.002399852586089239,0.0011734335242471114
1645,9255,9255,wikimedia-en,fit,shuffled_labels,0.005,-1,0.1,0.0024656775006517647,0.001241010290804721
1645,9255,9255,wikimedia-en,fit,shuffled_labels,0.005,1,-0.1,0.0023362249579846443,0.001129828376185777
1645,9255,9255,wikimedia-en,fit,shuffled_labels,0.005,1,0.1,0.0024244016162849897,0.0012386914770436603
1645,9255,9255,wikimedia-en,fit,shuffled_labels,0.01,-1,-0.1,0.004707671822790067,0.002293026454832077
1645,9255,9255,wikimedia-en,fit,shuffled_labels,0.01,-1,0.1,0.0048521136913178735,0.0024452183408771003
1645,9255,9255,wikimedia-en,fit,shuffled_labels,0.01,1,-0.1,0.004534037003886112,0.0021686006995587288
1645,9255,9255,wikimedia-en,fit,shuffled_labels,0.01,1,0.1,0.004718533901132113,0.0023795350415367184
28027,9306,9306,wikimedia-en,fit,learned,0.005,-1,-0.1,0.002117871540322404,0.0009812321401235385
28027,9306,9306,wikimedia-en,fit,learned,0.005,-1,0.1,0.002061237535858592,0.0009442815215847091
28027,9306,9306,wikimedia-en,fit,learned,0.005,1,-0.1,0.002035025912448199,0.001105782538151073
28027,9306,9306,wikimedia-en,fit,learned,0.005,1,0.1,0.001953536193839778,0.0010482878218303013
28027,9306,9306,wikimedia-en,fit,learned,0.01,-1,-0.1,0.004324809850791671,0.0018255997437773243
28027,9306,9306,wikimedia-en,fit,learned,0.01,-1,0.1,0.0042136789538332305,0.001760653317264657
28027,9306,9306,wikimedia-en,fit,learned,0.01,1,-0.1,0.003946637838611877,0.002321894582269073
28027,9306,9306,wikimedia-en,fit,learned,0.01,1,0.1,0.0038123290358782645,0.0022101556989446818
28027,9306,9306,wikimedia-en,fit,random_0,0.005,-1,-0.1,0.00034563590010436285,0.0002251156966214581
28027,9306,9306,wikimedia-en,fit,random_0,0.005,-1,0.1,0.0002785684147422688,0.00018286511027347527
28027,9306,9306,wikimedia-en,fit,random_0,0.005,1,-0.1,0.00041299688038491796,0.00027775404695620245
28027,9306,9306,wikimedia-en,fit,random_0,0.005,1,0.1,0.0003274917637253474,0.00021469079348233224
28027,9306,9306,wikimedia-en,fit,random_0,0.01,-1,-0.1,0.0006409543288043679,0.00039511817192598985
28027,9306,9306,wikimedia-en,fit,random_0,0.01,-1,0.1,0.0004954935231536204,0.0002902877251800543
28027,9306,9306,wikimedia-en,fit,random_0,0.01,1,-0.1,0.0008986361868877692,0.0005737199937604087
28027,9306,9306,wikimedia-en,fit,random_0,0.01,1,0.1,0.0007321775172820919,0.00046099616164411506
28027,9306,9306,wikimedia-en,fit,random_1,0.005,-1,-0.1,0.0002595562944770011,0.00024487960262045157
28027,9306,9306,wikimedia-en,fit,random_1,0.005,-1,0.1,0.00019391365145720872,0.00017310808499899176
28027,9306,9306,wikimedia-en,fit,random_1,0.005,1,-0.1,0.00042929944892534634,0.0003762350913811198
28027,9306,9306,wikimedia-en,fit,random_1,0.005,1,0.1,0.0003396593994519346,0.00027875886402351657
28027,9306,9306,wikimedia-en,fit,random_1,0.01,-1,-0.1,0.0003913622094142796,0.00038802648530989365
28027,9306,9306,wikimedia-en,fit,random_1,0.01,-1,0.1,0.00025423470916570803,0.0002496479863691736
28027,9306,9306,wikimedia-en,fit,random_1,0.01,1,-0.1,0.0010419518486840397,0.0008875938059093373
28027,9306,9306,wikimedia-en,fit,random_1,0.01,1,0.1,0.0008653626982288246,0.0006873740479423367
28027,9306,9306,wikimedia-en,fit,random_2,0.005,-1,-0.1,0.0008666333418986872,0.00040876068221672277
28027,9306,9306,wikimedia-en,fit,random_2,0.005,-1,0.1,0.000821550709256622,0.0003923715732550566
28027,9306,9306,wikimedia-en,fit,random_2,0.005,1,-0.1,0.0008234729221926169,0.0004323424434611222
28027,9306,9306,wikimedia-en,fit,random_2,0.005,1,0.1,0.0007788146431775411,0.0004145385054844424
28027,9306,9306,wikimedia-en,fit,random_2,0.01,-1,-0.1,0.0017948572486273728,0.0008084031486390743
28027,9306,9306,wikimedia-en,fit,random_2,0.01,-1,0.1,0.0017025671723892447,0.0007752626629940636
28027,9306,9306,wikimedia-en,fit,random_2,0.01,1,-0.1,0.001619417236015058,0.0009298965912056189
28027,9306,9306,wikimedia-en,fit,random_2,0.01,1,0.1,0.0015209204278808404,0.0008760732772042294
28027,9306,9306,wikimedia-en,fit,approx_spectrum_matched,0.005,-1,-0.1,0.002106129393578124,0.00028091309780072746
28027,9306,9306,wikimedia-en,fit,approx_spectrum_matched,0.005,-1,0.1,0.002033635976059486,0.0002888053475302997
28027,9306,9306,wikimedia-en,fit,approx_spectrum_matched,0.005,1,-0.1,0.0017857612213775394,0.0002246572405212925
28027,9306,9306,wikimedia-en,fit,approx_spectrum_matched,0.005,1,0.1,0.0017447651620818864,0.00021770531171723737
28027,9306,9306,wikimedia-en,fit,approx_spectrum_matched,0.01,-1,-0.1,0.004485388924722994,0.000618938853861947
28027,9306,9306,wikimedia-en,fit,approx_spectrum_matched,0.01,-1,0.1,0.004336836078849322,0.0006095687752158056
28027,9306,9306,wikimedia-en,fit,approx_spectrum_matched,0.01,1,-0.1,0.0032433834675517576,0.00036471964934117263
28027,9306,9306,wikimedia-en,fit,approx_spectrum_matched,0.01,1,0.1,0.003192847331562281,0.0003480476137210992
28027,9306,9306,wikimedia-en,fit,leading_pc,0.005,-1,-0.1,0.0014645674752387398,0.001357057157352875
28027,9306,9306,wikimedia-en,fit,leading_pc,0.005,-1,0.1,0.001415165444792979,0.0012850863368865015
28027,9306,9306,wikimedia-en,fit,leading_pc,0.005,1,-0.1,0.0013158715139055725,0.0012873733018940654
28027,9306,9306,wikimedia-en,fit,leading_pc,0.005,1,0.1,0.0012570752074880555,0.0012073427161826274
28027,9306,9306,wikimedia-en,fit,leading_pc,0.01,-1,-0.1,0.003173938520625239,0.002825549641770073
28027,9306,9306,wikimedia-en,fit,leading_pc,0.01,-1,0.1,0.0030706654842254533,0.002666993107292423
28027,9306,9306,wikimedia-en,fit,leading_pc,0.01,1,-0.1,0.002553343970466484,0.0025301640488682264
28027,9306,9306,wikimedia-en,fit,leading_pc,0.01,1,0.1,0.0024267399323336806,0.002375193711587482
28027,9306,9306,wikimedia-en,fit,shuffled_labels,0.005,-1,-0.1,0.0009274428791585568,0.0008094009924634862
28027,9306,9306,wikimedia-en,fit,shuffled_labels,0.005,-1,0.1,0.0008773701426827227,0.0007521085834681965
28027,9306,9306,wikimedia-en,fit,shuffled_labels,0.005,1,-0.1,0.0008727919104508712,0.0007910718775495665
28027,9306,9306,wikimedia-en,fit,shuffled_labels,0.005,1,0.1,0.0008082974340323574,0.0007277250240369359
28027,9306,9306,wikimedia-en,fit,shuffled_labels,0.01,-1,-0.1,0.0019220281147844546,0.0016383241140398726
28027,9306,9306,wikimedia-en,fit,shuffled_labels,0.01,-1,0.1,0.0018162359654639677,0.0015255903265055139
28027,9306,9306,wikimedia-en,fit,shuffled_labels,0.01,1,-0.1,0.0016777661648368176,0.0015587057127938756
28027,9306,9306,wikimedia-en,fit,shuffled_labels,0.01,1,0.1,0.0015476504398422894,0.0014328889736251406
28027,9526,9526,wikimedia-en,check,learned,0.005,-1,-0.1,0.00033898881873101547,0.00014295455089052936
28027,9526,9526,wikimedia-en,check,learned,0.005,-1,0.1,0.0003732956627361356,0.0001194993091845503
28027,9526,9526,wikimedia-en,check,learned,0.005,1,-0.1,0.00042803784911327945,9.658438793097491e-05
28027,9526,9526,wikimedia-en,check,learned,0.005,1,0.1,0.00046165534692338374,9.554264048735373e-05
28027,9526,9526,wikimedia-en,check,learned,0.01,-1,-0.1,0.0005790611578483026,0.00031147308794827387
28027,9526,9526,wikimedia-en,check,learned,0.01,-1,0.1,0.0006381350210735406,0.0002696465358099726
28027,9526,9526,wikimedia-en,check,learned,0.01,1,-0.1,0.000926418517282881,0.00016545473086154966
28027,9526,9526,wikimedia-en,check,learned,0.01,1,0.1,0.0010014202461897782,0.00016284334690763023
28027,9526,9526,wikimedia-en,check,random_0,0.005,-1,-0.1,0.00046155129071975853,0.0004580161402517056
28027,9526,9526,wikimedia-en,check,random_0,0.005,-1,0.1,0.00044728399326877613,0.00044327837497561145
28027,9526,9526,wikimedia-en,check,random_0,0.005,1,-0.1,0.00042250693483406363,0.00042240377937710914
28027,9526,9526,wikimedia-en,check,random_0,0.005,1,0.1,0.0004419587425883551,0.00044130268023002684
28027,9526,9526,wikimedia-en,check,random_0,0.01,-1,-0.1,0.0009386649447851138,0.0009254253819675659
28027,9526,9526,wikimedia-en,check,random_0,0.01,-1,0.1,0.0009332250484991708,0.000921483490139547
28027,9526,9526,wikimedia-en,check,random_0,0.01,1,-0.1,0.0008355002198145419,0.0008347303924847217
28027,9526,9526,wikimedia-en,check,random_0,0.01,1,0.1,0.0008531428414295276,0.0008531326438160027
28027,9526,9526,wikimedia-en,check,random_1,0.005,-1,-0.1,0.00034792942053576606,1.4793118061982607e-05
28027,9526,9526,wikimedia-en,check,random_1,0.005,-1,0.1,0.00038339622011469165,4.532298776792467e-05
28027,9526,9526,wikimedia-en,check,random_1,0.005,1,-0.1,0.00037223594580550526,8.822483182933377e-05
28027,9526,9526,wikimedia-en,check,random_1,0.005,1,0.1,0.0003800188726822523,8.164368335266814e-05
28027,9526,9526,wikimedia-en,check,random_1,0.01,-1,-0.1,0.0006969912609810582,7.838723167658386e-06
28027,9526,9526,wikimedia-en,check,random_1,0.01,-1,0.1,0.0007507223820747955,3.457873283649942e-05
28027,9526,9526,wikimedia-en,check,random_1,0.01,1,-0.1,0.0007522955984756439,0.0002126102893863177
28027,9526,9526,wikimedia-en,check,random_1,0.01,1,0.1,0.0007862635917630807,0.00021404699124516192
28027,9526,9526,wikimedia-en,check,random_2,0.005,-1,-0.1,0.0007201930741504368,0.0007200237855488511
28027,9526,9526,wikimedia-en,check,random_2,0.005,-1,0.1,0.0007024420814881662,0.0007024131491761465
28027,9526,9526,wikimedia-en,check,random_2,0.005,1,-0.1,0.0007006023252851493,0.0006950960749750308
28027,9526,9526,wikimedia-en,check,random_2,0.005,1,0.1,0.0007143937320738263,0.0007127375158206112
28027,9526,9526,wikimedia-en,check,random_2,0.01,-1,-0.1,0.0014144970632361785,0.0014141385568307713
28027,9526,9526,wikimedia-en,check,random_2,0.01,-1,0.1,0.001400072582148871,0.0013983368026336586
28027,9526,9526,wikimedia-en,check,random_2,0.01,1,-0.1,0.0014072212303511467,0.0013893928591317253
28027,9526,9526,wikimedia-en,check,random_2,0.01,1,0.1,0.0014274999838096505,0.0014162020511282805
28027,9526,9526,wikimedia-en,check,approx_spectrum_matched,0.005,-1,-0.1,0.00026315819904031,6.722913424319447e-05
28027,9526,9526,wikimedia-en,check,approx_spectrum_matched,0.005,-1,0.1,0.0002379060242549584,8.300744226083711e-05
28027,9526,9526,wikimedia-en,check,approx_spectrum_matched,0.005,1,-0.1,0.0002772801156088675,9.69050769260276e-05
28027,9526,9526,wikimedia-en,check,approx_spectrum_matched,0.005,1,0.1,0.00020757021229238535,7.412647983934553e-05
28027,9526,9526,wikimedia-en,check,approx_spectrum_matched,0.01,-1,-0.1,0.000545838301045655,0.0001472008281863353
28027,9526,9526,wikimedia-en,check,approx_spectrum_matched,0.01,-1,0.1,0.0004696187588003585,0.00015522250252093128
28027,9526,9526,wikimedia-en,check,approx_spectrum_matched,0.01,1,-0.1,0.0005473788520781699,0.00018225899257832203
28027,9526,9526,wikimedia-en,check,approx_spectrum_matched,0.01,1,0.1,0.00044294798656358784,0.00015713112752773314
28027,9526,9526,wikimedia-en,check,leading_pc,0.005,-1,-0.1,0.00033069576547675337,0.00029422575442104306
28027,9526,9526,wikimedia-en,check,leading_pc,0.005,-1,0.1,0.00030684471130371094,0.0002836113919841736
28027,9526,9526,wikimedia-en,check,leading_pc,0.005,1,-0.1,0.00033960582097061184,0.00025808891497616055
28027,9526,9526,wikimedia-en,check,leading_pc,0.005,1,0.1,0.0003261963720031601,0.0002770637540527975
28027,9526,9526,wikimedia-en,check,leading_pc,0.01,-1,-0.1,0.000605205029211973,0.0005701593568679533
28027,9526,9526,wikimedia-en,check,leading_pc,0.01,-1,0.1,0.0005995390726553356,0.0005824066250920439
28027,9526,9526,wikimedia-en,check,leading_pc,0.01,1,-0.1,0.0006876620493414102,0.0004923742976500883
28027,9526,9526,wikimedia-en,check,leading_pc,0.01,1,0.1,0.0006666790682331845,0.0005288598677079278
28027,9526,9526,wikimedia-en,check,shuffled_labels,0.005,-1,-0.1,0.0005774458610217717,0.0003473439229426522
28027,9526,9526,wikimedia-en,check,shuffled_labels,0.005,-1,0.1,0.0005549785498324425,0.0003488332310651944
28027,9526,9526,wikimedia-en,check,shuffled_labels,0.005,1,-0.1,0.0005464404559301871,0.0003666838890607294
28027,9526,9526,wikimedia-en,check,shuffled_labels,0.005,1,0.1,0.0005509849881154986,0.0003818407117656125
28027,9526,9526,wikimedia-en,check,shuffled_labels,0.01,-1,-0.1,0.0011717185312421206,0.0006707807341827804
28027,9526,9526,wikimedia-en,check,shuffled_labels,0.01,-1,0.1,0.0011232356060867361,0.0006519481934188551
28027,9526,9526,wikimedia-en,check,shuffled_labels,0.01,1,-0.1,0.0010704998449651813,0.000756924856444916
28027,9526,9526,wikimedia-en,check,shuffled_labels,0.01,1,0.1,0.0010716154299048892,0.0007817408948110737
28027,9773,9773,wikimedia-en,fit,learned,0.005,-1,-0.1,0.001717520845025719,0.0014998209753625793
28027,9773,9773,wikimedia-en,fit,learned,0.005,-1,0.1,0.0017202851982263537,0.0014729228456708471
28027,9773,9773,wikimedia-en,fit,learned,0.005,1,-0.1,0.0015151123842044104,0.00139436752771671
28027,9773,9773,wikimedia-en,fit,learned,0.005,1,0.1,0.0015052186481864093,0.0013624711597729417
28027,9773,9773,wikimedia-en,fit,learned,0.01,-1,-0.1,0.0036042858810224577,0.0030489723990681913
28027,9773,9773,wikimedia-en,fit,learned,0.01,-1,0.1,0.003641173625724862,0.003016453724067861
28027,9773,9773,wikimedia-en,fit,learned,0.01,1,-0.1,0.0028389596573513867,0.0026647094276017985
28027,9773,9773,wikimedia-en,fit,learned,0.01,1,0.1,0.0028003419878148057,0.002594843075734505
28027,9773,9773,wikimedia-en,fit,random_0,0.005,-1,-0.1,0.0013433707057657219,0.0001611529339900233
28027,9773,9773,wikimedia-en,fit,random_0,0.005,-1,0.1,0.00137059058812652,0.0001686032776526404
28027,9773,9773,wikimedia-en,fit,random_0,0.005,1,-0.1,0.0012756619439127327,0.00015408836833125477
28027,9773,9773,wikimedia-en,fit,random_0,0.005,1,0.1,0.0012827944094217063,0.00015440374535001321
28027,9773,9773,wikimedia-en,fit,random_0,0.01,-1,-0.1,0.0027359066232853935,0.00031158786351965324
28027,9773,9773,wikimedia-en,fit,random_0,0.01,-1,0.1,0.0027783996360886526,0.0003431125605709804
28027,9773,9773,wikimedia-en,fit,random_0,0.01,1,-0.1,0.0024826626354784035,0.0003010260472275794
28027,9773,9773,wikimedia-en,fit,random_0,0.01,1,0.1,0.0024904470288648053,0.00031301063647448766
28027,9773,9773,wikimedia-en,fit,random_1,0.005,-1,-0.1,0.0005167515765956023,0.00019562674670830666
28027,9773,9773,wikimedia-en,fit,random_1,0.005,-1,0.1,0.0005415031295616867,0.00021321562956053418
28027,9773,9773,wikimedia-en,fit,random_1,0.005,1,-0.1,0.0004634680568014657,0.0001294103534999122
28027,9773,9773,wikimedia-en,fit,random_1,0.005,1,0.1,0.00047731756805393787,0.00014708703008323103
28027,9773,9773,wikimedia-en,fit,random_1,0.01,-1,-0.1,0.0010582970769234712,0.0004341633147638943
28027,9773,9773,wikimedia-en,fit,random_1,0.01,-1,0.1,0.0011212760631883864,0.00047102717221263565
28027,9773,9773,wikimedia-en,fit,random_1,0.01,1,-0.1,0.0008931301266539856,0.00019959483574165032
28027,9773,9773,wikimedia-en,fit,random_1,0.01,1,0.1,0.0009140285502259135,0.00023115268537517812
28027,9773,9773,wikimedia-en,fit,random_2,0.005,-1,-0.1,0.001132156423843296,0.00012027469577843397
28027,9773,9773,wikimedia-en,fit,random_2,0.005,-1,0.1,0.0011687277774818533,0.00015913206804606738
28027,9773,9773,wikimedia-en,fit,random_2,0.005,1,-0.1,0.0011423545513209363,0.00014583014987383812
28027,9773,9773,wikimedia-en,fit,random_2,0.005,1,0.1,0.001194521528167073,0.00016380429688641043
28027,9773,9773,wikimedia-en,fit,random_2,0.01,-1,-0.1,0.0020914782239579086,0.00020596543704563865
28027,9773,9773,wikimedia-en,fit,random_2,0.01,-1,0.1,0.0021633220589075517,0.0002739527298831327
28027,9773,9773,wikimedia-en,fit,random_2,0.01,1,-0.1,0.0021068634210622294,0.0002594950590095381
28027,9773,9773,wikimedia-en,fit,random_2,0.01,1,0.1,0.0022274216675360428,0.00032245560165499533
28027,9773,9773,wikimedia-en,fit,approx_spectrum_matched,0.005,-1,-0.1,0.0011228165474558545,0.0003066967152022022
28027,9773,9773,wikimedia-en,fit,approx_spectrum_matched,0.005,-1,0.1,0.0011643035525528776,0.0003413414944120009
28027,9773,9773,wikimedia-en,fit,approx_spectrum_matched,0.005,1,-0.1,0.0011879984157357718,0.00038163093791109324
28027,9773,9773,wikimedia-en,fit,approx_spectrum_matched,0.005,1,0.1,0.001241059006841758,0.00041185666224593625
28027,9773,9773,wikimedia-en,fit,approx_spectrum_matched,0.01,-1,-0.1,0.0021278602668018806,0.0005371770151071811
28027,9773,9773,wikimedia-en,fit,approx_spectrum_matched,0.01,-1,0.1,0.002200764818569976,0.0005952384357762163
28027,9773,9773,wikimedia-en,fit,approx_spectrum_matched,0.01,1,-0.1,0.0023858897795645435,0.0007966763376699946
28027,9773,9773,wikimedia-en,fit,approx_spectrum_matched,0.01,1,0.1,0.002485611922795036,0.0008757796702028902
28027,9773,9773,wikimedia-en,fit,leading_pc,0.005,-1,-0.1,0.0020615361766616967,0.00043927588361477736
28027,9773,9773,wikimedia-en,fit,leading_pc,0.005,-1,0.1,0.0020341935763506435,0.0004323441859936424
28027,9773,9773,wikimedia-en,fit,leading_pc,0.005,1,-0.1,0.0010010932390609377,0.0002609617213362494
28027,9773,9773,wikimedia-en,fit,leading_pc,0.005,1,0.1,0.0009658084445637402,0.00023585937804974995
28027,9773,9773,wikimedia-en,fit,leading_pc,0.01,-1,-0.1,0.005756305020412919,0.0013004000925945622
28027,9773,9773,wikimedia-en,fit,leading_pc,0.01,-1,0.1,0.005712636522710479,0.001314632618060875
28027,9773,9773,wikimedia-en,fit,leading_pc,0.01,1,-0.1,0.0013984007176647943,0.0005004818911324542
28027,9773,9773,wikimedia-en,fit,leading_pc,0.01,1,0.1,0.0013362205797404654,0.00046303271627273795
28027,9773,9773,wikimedia-en,fit,shuffled_labels,0.005,-1,-0.1,0.001183012136101045,0.0002934789894564868
28027,9773,9773,wikimedia-en,fit,shuffled_labels,0.005,-1,0.1,0.001204500100166025,0.0002924912444951307
28027,9773,9773,wikimedia-en,fit,shuffled_labels,0.005,1,-0.1,0.0012883628225150295,0.0002883236429544081
28027,9773,9773,wikimedia-en,fit,shuffled_labels,0.005,1,0.1,0.0013324123775784787,0.00029262736943032677
28027,9773,9773,wikimedia-en,fit,shuffled_labels,0.01,-1,-0.1,0.0022148683070037905,0.0005808785782976896
28027,9773,9773,wikimedia-en,fit,shuffled_labels,0.01,-1,0.1,0.0022776747669834623,0.0005942019251467793
28027,9773,9773,wikimedia-en,fit,shuffled_labels,0.01,1,-0.1,0.002653322136879744,0.0005947960952543282
28027,9773,9773,wikimedia-en,fit,shuffled_labels,0.01,1,0.1,0.0027380341727219343,0.0005857682355706459
2966,9855,9855,wikimedia-en,check,learned,0.005,-1,-0.1,6.106495129998063e-05,4.852255233363498e-05
2966,9855,9855,wikimedia-en,check,learned,0.005,-1,0.1,4.522669106055975e-05,3.389209784825329e-05
2966,9855,9855,wikimedia-en,check,learned,0.005,1,-0.1,6.209877241554148e-05,4.297206838559956e-05
2966,9855,9855,wikimedia-en,check,learned,0.005,1,0.1,8.120244200671388e-05,6.846237959493302e-05
2966,9855,9855,wikimedia-en,check,learned,0.01,-1,-0.1,9.159246218523384e-05,7.924521486003542e-05
2966,9855,9855,wikimedia-en,check,learned,0.01,-1,0.1,8.072502423785967e-05,6.379187916043575e-05
2966,9855,9855,wikimedia-en,check,learned,0.01,1,-0.1,0.0001584936707347277,0.00012429429650498078
2966,9855,9855,wikimedia-en,check,learned,0.01,1,0.1,0.0001759031530388719,0.0001401093140105621
2966,9855,9855,wikimedia-en,check,random_0,0.005,-1,-0.1,0.00013436320117574092,2.4885218857792007e-05
2966,9855,9855,wikimedia-en,check,random_0,0.005,-1,0.1,0.0001353344165550775,3.749988021458386e-05
2966,9855,9855,wikimedia-en,check,random_0,0.005,1,-0.1,0.00010423010223864135,5.820938991569203e-05
2966,9855,9855,wikimedia-en,check,random_0,0.005,1,0.1,9.280089078822388e-05,3.673861054001228e-05
2966,9855,9855,wikimedia-en,check,random_0,0.01,-1,-0.1,0.0003033239085961593,4.865045609217849e-05
2966,9855,9855,wikimedia-en,check,random_0,0.01,-1,0.1,0.0003115757764449001,4.52964454829602e-05
2966,9855,9855,wikimedia-en,check,random_0,0.01,1,-0.1,0.00018409866936392607,0.00011669166115230475
2966,9855,9855,wikimedia-en,check,random_0,0.01,1,0.1,0.00016208255446133315,8.532249323073628e-05
2966,9855,9855,wikimedia-en,check,random_1,0.005,-1,-0.1,0.0001229167441232149,8.970097269544415e-05
2966,9855,9855,wikimedia-en,check,random_1,0.005,-1,0.1,0.00010857237599720715,7.497096535873476e-05
2966,9855,9855,wikimedia-en,check,random_1,0.005,1,-0.1,9.852429625235829e-05,4.285494808210891e-05
2966,9855,9855,wikimedia-en,check,random_1,0.005,1,0.1,0.00011810939732211477,7.185119944651291e-05
2966,9855,9855,wikimedia-en,check,random_1,0.01,-1,-0.1,0.0002196206559482138,0.0001764176242050126
2966,9855,9855,wikimedia-en,check,random_1,0.01,-1,0.1,0.000209808349609375,0.0001656844356820932
2966,9855,9855,wikimedia-en,check,random_1,0.01,1,-0.1,0.00021156958959750438,8.727649255106215e-05
2966,9855,9855,wikimedia-en,check,random_1,0.01,1,0.1,0.00021379753207580258,9.88375795179098e-05
2966,9855,9855,wikimedia-en,check,random_2,0.005,-1,-0.1,6.22815775575855e-05,6.129645346498791e-05
2966,9855,9855,wikimedia-en,check,random_2,0.005,-1,0.1,8.15489132935789e-05,8.03562434270004e-05
2966,9855,9855,wikimedia-en,check,random_2,0.005,1,-0.1,8.659026689770635e-05,8.55541351467878e-05
2966,9855,9855,wikimedia-en,check,random_2,0.005,1,0.1,6.985298186199184e-05,6.951100007653362e-05
2966,9855,9855,wikimedia-en,check,random_2,0.01,-1,-0.1,0.00013903053943929025,0.0001360898986307059
2966,9855,9855,wikimedia-en,check,random_2,0.01,-1,0.1,0.00015913506991284296,0.00015512084411429888
2966,9855,9855,wikimedia-en,check,random_2,0.01,1,-0.1,0.00017055845929242884,0.00016294908884400536
2966,9855,9855,wikimedia-en,check,random_2,0.01,1,0.1,0.0001577257384753513,0.00014886301542218426
2966,9855,9855,wikimedia-en,check,approx_spectrum_matched,0.005,-1,-0.1,0.0004663477158487497,0.0001706080377952907
2966,9855,9855,wikimedia-en,check,approx_spectrum_matched,0.005,-1,0.1,0.000463890754264181,0.00015663858428503655
2966,9855,9855,wikimedia-en,check,approx_spectrum_matched,0.005,1,-0.1,0.0005103859662089025,0.00016089993284354608
2966,9855,9855,wikimedia-en,check,approx_spectrum_matched,0.005,1,0.1,0.000520476440780149,0.00018440243125812355
2966,9855,9855,wikimedia-en,check,approx_spectrum_matched,0.01,-1,-0.1,0.0008877729573012271,0.0003143958256316394
2966,9855,9855,wikimedia-en,check,approx_spectrum_matched,0.01,-1,0.1,0.0008711891873441745,0.0002903133998484317
2966,9855,9855,wikimedia-en,check,approx_spectrum_matched,0.01,1,-0.1,0.001080385471639429,0.0003348041133999907
2966,9855,9855,wikimedia-en,check,approx_spectrum_matched,0.01,1,0.1,0.0010822602712425764,0.0003642132485767902
2966,9855,9855,wikimedia-en,check,leading_pc,0.005,-1,-0.1,7.250434039592061e-05,3.386304427012429e-05
2966,9855,9855,wikimedia-en,check,leading_pc,0.005,-1,0.1,5.629910332925965e-05,1.1428343526734389e-05
2966,9855,9855,wikimedia-en,check,leading_pc,0.005,1,-0.1,5.891206822006417e-05,5.212362724044996e-05
2966,9855,9855,wikimedia-en,check,leading_pc,0.005,1,0.1,7.388360575960757e-05,6.820322396103632e-05
2966,9855,9855,wikimedia-en,check,leading_pc,0.01,-1,-0.1,0.00017965563719660364,7.442980309810242e-06
2966,9855,9855,wikimedia-en,check,leading_pc,0.01,-1,0.1,0.00017136972871615295,2.6692730342710684e-05
2966,9855,9855,wikimedia-en,check,leading_pc,0.01,1,-0.1,0.0001531976200182314,0.00015125982356671805
2966,9855,9855,wikimedia-en,check,leading_pc,0.01,1,0.1,0.0001683282446264851,0.00016552876233256496
2966,9855,9855,wikimedia-en,check,shuffled_labels,0.005,-1,-0.1,0.0002525292854387633,0.00011377473656050933
2966,9855,9855,wikimedia-en,check,shuffled_labels,0.005,-1,0.1,0.00024137758821041267,9.34388037603787e-05
2966,9855,9855,wikimedia-en,check,shuffled_labels,0.005,1,-0.1,0.00024531684598007715,0.00010038408170821712
2966,9855,9855,wikimedia-en,check,shuffled_labels,0.005,1,0.1,0.0002503971760040878,0.00011158839664400829
2966,9855,9855,wikimedia-en,check,shuffled_labels,0.01,-1,-0.1,0.000507108191051568,0.00021816397319960508
2966,9855,9855,wikimedia-en,check,shuffled_labels,0.01,-1,0.1,0.0004905641727478868,0.00019364954819956065
2966,9855,9855,wikimedia-en,check,shuffled_labels,0.01,1,-0.1,0.0004931612091406812,0.0002093278304050505
2966,9855,9855,wikimedia-en,check,shuffled_labels,0.01,1,0.1,0.0005024270921847085,0.0002288818166175483
28027,9876,9876,wikimedia-en,fit,learned,0.005,-1,-0.1,0.0004607036672938978,0.00011527603488821222
28027,9876,9876,wikimedia-en,fit,learned,0.005,-1,0.1,0.00044997361920694656,0.00013457557689258294
28027,9876,9876,wikimedia-en,fit,learned,0.005,1,-0.1,0.00037749725475464226,7.842972141802833e-05
28027,9876,9876,wikimedia-en,fit,learned,0.005,1,0.1,0.0003710528499406623,9.012104930216508e-05
28027,9876,9876,wikimedia-en,fit,learned,0.01,-1,-0.1,0.0009788295017942048,0.0002988698466336235
28027,9876,9876,wikimedia-en,fit,learned,0.01,-1,0.1,0.0009807282683840842,0.0003215777056066647
28027,9876,9876,wikimedia-en,fit,learned,0.01,1,-0.1,0.0006811030869551309,0.000155477507935624
28027,9876,9876,wikimedia-en,fit,learned,0.01,1,0.1,0.0006503198796124208,0.0001701055893964434
28027,9876,9876,wikimedia-en,fit,random_0,0.005,-1,-0.1,0.0002060046899452209,0.00019627650250471463
28027,9876,9876,wikimedia-en,fit,random_0,0.005,-1,0.1,0.00020150531248741901,0.00019427259515530552
28027,9876,9876,wikimedia-en,fit,random_0,0.005,1,-0.1,0.0001748321993718107,0.00017477068891957634
28027,9876,9876,wikimedia-en,fit,random_0,0.005,1,0.1,0.00019254304202870613,0.00019223906044083027
28027,9876,9876,wikimedia-en,fit,random_0,0.01,-1,-0.1,0.0004436892247945067,0.0004055016642386906
28027,9876,9876,wikimedia-en,fit,random_0,0.01,-1,0.1,0.0004404540468217706,0.00040806504994070743
28027,9876,9876,wikimedia-en,fit,random_0,0.01,1,-0.1,0.0003366483845021755,0.0003331645326579507
28027,9876,9876,wikimedia-en,fit,random_0,0.01,1,0.1,0.0003537977477462319,0.00034501438646998594
28027,9876,9876,wikimedia-en,fit,random_1,0.005,-1,-0.1,0.00030642640634537174,0.00029784632784238805
28027,9876,9876,wikimedia-en,fit,random_1,0.005,-1,0.1,0.0002958927296608873,0.0002873544388784789
28027,9876,9876,wikimedia-en,fit,random_1,0.005,1,-0.1,0.0003347016446052766,0.00030425758372409515
28027,9876,9876,wikimedia-en,fit,random_1,0.005,1,0.1,0.0003395522549609299,0.00031272271102550955
28027,9876,9876,wikimedia-en,fit,random_1,0.01,-1,-0.1,0.0005703363118136466,0.0005631847259968416
28027,9876,9876,wikimedia-en,fit,random_1,0.01,-1,0.1,0.0005676165061932746,0.0005631706313931703
28027,9876,9876,wikimedia-en,fit,random_1,0.01,1,-0.1,0.0007078043310260976,0.000631376355388194
28027,9876,9876,wikimedia-en,fit,random_1,0.01,1,0.1,0.0007027356780245789,0.0006298992891884731
28027,9876,9876,wikimedia-en,fit,random_2,0.005,-1,-0.1,0.00022649514046332652,0.00010040037480177508
28027,9876,9876,wikimedia-en,fit,random_2,0.005,-1,0.1,0.00023376500948885532,0.00011745069867358164
28027,9876,9876,wikimedia-en,fit,random_2,0.005,1,-0.1,0.0002609114197060027,8.927870599273845e-05
28027,9876,9876,wikimedia-en,fit,random_2,0.005,1,0.1,0.0002504988571912483,9.585163654873694e-05
28027,9876,9876,wikimedia-en,fit,random_2,0.01,-1,-0.1,0.0004321618070981852,0.00022341611636670267
28027,9876,9876,wikimedia-en,fit,random_2,0.01,-1,0.1,0.0004384786676407302,0.0002477560983847939
28027,9876,9876,wikimedia-en,fit,random_2,0.01,1,-0.1,0.0005420780785051314,0.0001751624418410899
28027,9876,9876,wikimedia-en,fit,random_2,0.01,1,0.1,0.0005235671997070312,0.00017053302064172504
28027,9876,9876,wikimedia-en,fit,approx_spectrum_matched,0.005,-1,-0.1,0.0002646081057261642,5.3741240545891304e-05
28027,9876,9876,wikimedia-en,fit,approx_spectrum_matched,0.005,-1,0.1,0.000256341553797066,6.73940169771748e-05
28027,9876,9876,wikimedia-en,fit,approx_spectrum_matched,0.005,1,-0.1,0.0003551268545482629,2.1572124195482572e-05
28027,9876,9876,wikimedia-en,fit,approx_spectrum_matched,0.005,1,0.1,0.00033690629005105147,1.2454658474218942e-05
28027,9876,9876,wikimedia-en,fit,approx_spectrum_matched,0.01,-1,-0.1,0.00042596800405336554,0.00015234118547300887
28027,9876,9876,wikimedia-en,fit,approx_spectrum_matched,0.01,-1,0.1,0.00038495616337120436,0.00012557764575506255
28027,9876,9876,wikimedia-en,fit,approx_spectrum_matched,0.01,1,-0.1,0.0007697026180615343,3.926120553339806e-06
28027,9876,9876,wikimedia-en,fit,approx_spectrum_matched,0.01,1,0.1,0.0007493538041683806,2.245919858478259e-05
28027,9876,9876,wikimedia-en,fit,leading_pc,0.005,-1,-0.1,0.0004111442505571715,6.956660651788852e-05
28027,9876,9876,wikimedia-en,fit,leading_pc,0.005,-1,0.1,0.0004123855802656186,7.966372693443672e-05
28027,9876,9876,wikimedia-en,fit,leading_pc,0.005,1,-0.1,0.0004746357647133737,3.052121298001926e-05
28027,9876,9876,wikimedia-en,fit,leading_pc,0.005,1,0.1,0.00047352210697737296,2.3465567831944767e-05
28027,9876,9876,wikimedia-en,fit,leading_pc,0.01,-1,-0.1,0.000770055250347492,0.00017174744540836
28027,9876,9876,wikimedia-en,fit,leading_pc,0.01,-1,0.1,0.0007751002307293131,0.00018918201607872224
28027,9876,9876,wikimedia-en,fit,leading_pc,0.01,1,-0.1,0.0009976367833730133,7.74618043155751e-06
28027,9876,9876,wikimedia-en,fit,leading_pc,0.01,1,0.1,0.0010024967984544398,4.390040121718858e-06
28027,9876,9876,wikimedia-en,fit,shuffled_labels,0.005,-1,-0.1,0.00010947333778259378,1.8755375313012083e-05
28027,9876,9876,wikimedia-en,fit,shuffled_labels,0.005,-1,0.1,0.00010374468806055004,1.8279098403083393e-05
28027,9876,9876,wikimedia-en,fit,shuffled_labels,0.005,1,-0.1,0.00016034495852510896,1.9851617967052198e-05
28027,9876,9876,wikimedia-en,fit,shuffled_labels,0.005,1,0.1,0.00016918784456603072,2.973206228481306e-05
28027,9876,9876,wikimedia-en,fit,shuffled_labels,0.01,-1,-0.1,0.00017160308695942468,3.9909125539032715e-05
28027,9876,9876,wikimedia-en,fit,shuffled_labels,0.01,-1,0.1,0.00018396276213671794,3.135962122032946e-05
28027,9876,9876,wikimedia-en,fit,shuffled_labels,0.01,1,-0.1,0.0003698055851823852,4.796144802199714e-05
28027,9876,9876,wikimedia-en,fit,shuffled_labels,0.01,1,0.1,0.00037426097715370844,4.888921665741624e-05
2966,9915,9915,wikimedia-en,check,learned,0.005,-1,-0.1,0.0001902215726725966,4.3403801166744655e-06
2966,9915,9915,wikimedia-en,check,learned,0.005,-1,0.1,0.00018966853569827127,5.451368888135951e-06
2966,9915,9915,wikimedia-en,check,learned,0.005,1,-0.1,0.00016394948548218309,4.7012097274974794e-05
2966,9915,9915,wikimedia-en,check,learned,0.005,1,0.1,0.00017927111355576402,3.77008590892122e-05
2966,9915,9915,wikimedia-en,check,learned,0.01,-1,-0.1,0.00040389205079995814,1.753892080854473e-05
2966,9915,9915,wikimedia-en,check,learned,0.01,-1,0.1,0.0003989463149411595,1.1831383326859816e-05
2966,9915,9915,wikimedia-en,check,learned,0.01,1,-0.1,0.0003162595266735054,0.00012082607532659461
2966,9915,9915,wikimedia-en,check,learned,0.01,1,0.1,0.00031924488118002456,0.0001141745737956429
2966,9915,9915,wikimedia-en,check,random_0,0.005,-1,-0.1,0.00038410616813659487,0.00024848676167960786
2966,9915,9915,wikimedia-en,check,random_0,0.005,-1,0.1,0.00038751139156675135,0.0002546070149080812
2966,9915,9915,wikimedia-en,check,random_0,0.005,1,-0.1,0.00045126660420293093,0.0002979246352557455
2966,9915,9915,wikimedia-en,check,random_0,0.005,1,0.1,0.00045556993147098386,0.00030051695731351385
2966,9915,9915,wikimedia-en,check,random_0,0.01,-1,-0.1,0.0007099355884812837,0.00045605276770865726
2966,9915,9915,wikimedia-en,check,random_0,0.01,-1,0.1,0.0007009884116956987,0.0004587948032273146
2966,9915,9915,wikimedia-en,check,random_0,0.01,1,-0.1,0.0009413249815952429,0.0006146987838833555
2966,9915,9915,wikimedia-en,check,random_0,0.01,1,0.1,0.0009427518018757905,0.0006237062156211477
2966,9915,9915,wikimedia-en,check,random_1,0.005,-1,-0.1,0.0002595413745182296,4.934078436004453e-05
2966,9915,9915,wikimedia-en,check,random_1,0.005,-1,0.1,0.000252511727313545,5.072922307751481e-05
2966,9915,9915,wikimedia-en,check,random_1,0.005,1,-0.1,0.00023789156841535743,3.3915902934170185e-05
2966,9915,9915,wikimedia-en,check,random_1,0.005,1,0.1,0.0002427752132084217,2.1589105171002457e-05
2966,9915,9915,wikimedia-en,check,random_1,0.01,-1,-0.1,0.0005352579405051991,0.00017934671218059514
2966,9915,9915,wikimedia-en,check,random_1,0.01,-1,0.1,0.0005429724431705601,0.0001911226906429674
2966,9915,9915,wikimedia-en,check,random_1,0.01,1,-0.1,0.00048637787499394044,0.00010889103669116031
2966,9915,9915,wikimedia-en,check,random_1,0.01,1,0.1,0.0004870160389195946,0.00010886073225146775
2966,9915,9915,wikimedia-en,check,random_2,0.005,-1,-0.1,0.0001323040528630821,0.0001322682855218147
2966,9915,9915,wikimedia-en,check,random_2,0.005,-1,0.1,0.00013300338087116019,0.00013292622555737164
2966,9915,9915,wikimedia-en,check,random_2,0.005,1,-0.1,0.0001817118739869967,0.00018165056769196353
2966,9915,9915,wikimedia-en,check,random_2,0.005,1,0.1,0.00017974926781626476,0.0001796971697709233
2966,9915,9915,wikimedia-en,check,random_2,0.01,-1,-0.1,0.0002410481401943204,0.00024071000495370578
2966,9915,9915,wikimedia-en,check,random_2,0.01,-1,0.1,0.00024121928309180971,0.00024105810768302826
2966,9915,9915,wikimedia-en,check,random_2,0.01,1,-0.1,0.00039760442471993714,0.0003970850506740994
2966,9915,9915,wikimedia-en,check,random_2,0.01,1,0.1,0.0003869920600763548,0.0003866950852193602
2966,9915,9915,wikimedia-en,check,approx_spectrum_matched,0.005,-1,-0.1,0.0005092745861562169,0.00014173079291100908
2966,9915,9915,wikimedia-en,check,approx_spectrum_matched,0.005,-1,0.1,0.0005065260928558553,0.00014366948537126556
2966,9915,9915,wikimedia-en,check,approx_spectrum_matched,0.005,1,-0.1,0.0004812883994794813,0.0002071377173096714
2966,9915,9915,wikimedia-en,check,approx_spectrum_matched,0.005,1,0.1,0.0004751174433548413,0.00019922291681071102
2966,9915,9915,wikimedia-en,check,approx_spectrum_matched,0.01,-1,-0.1,0.001051211821884392,0.00023421777882413127
2966,9915,9915,wikimedia-en,check,approx_spectrum_matched,0.01,-1,0.1,0.0010484993139117094,0.00023523044247916923
2966,9915,9915,wikimedia-en,check,approx_spectrum_matched,0.01,1,-0.1,0.0009262619177936368,0.00045875806699486205
2966,9915,9915,wikimedia-en,check,approx_spectrum_matched,0.01,1,0.1,0.0009196191237601811,0.00044435801588587693
2966,9915,9915,wikimedia-en,check,leading_pc,0.005,-1,-0.1,0.0002094004741204671,0.00020894852067295438
2966,9915,9915,wikimedia-en,check,leading_pc,0.005,-1,0.1,0.00021268861623693428,0.000212631160889172
2966,9915,9915,wikimedia-en,check,leading_pc,0.005,1,-0.1,0.00025733307062265995,0.0002565242499293726
2966,9915,9915,wikimedia-en,check,leading_pc,0.005,1,0.1,0.00025397879754463485,0.000253510379930831
2966,9915,9915,wikimedia-en,check,leading_pc,0.01,-1,-0.1,0.0003681788122987879,0.00036784643191060403
2966,9915,9915,wikimedia-en,check,leading_pc,0.01,-1,0.1,0.00039720649764867974,0.00039665215451647524
2966,9915,9915,wikimedia-en,check,leading_pc,0.01,1,-0.1,0.0005276310351214092,0.0005234332429468876
2966,9915,9915,wikimedia-en,check,leading_pc,0.01,1,0.1,0.0005314738921280363,0.0005277981401230332
2966,9915,9915,wikimedia-en,check,shuffled_labels,0.005,-1,-0.1,0.0002529035683856224,0.0002349022130560126
2966,9915,9915,wikimedia-en,check,shuffled_labels,0.005,-1,0.1,0.0002402047957066523,0.0002258781351180377
2966,9915,9915,wikimedia-en,check,shuffled_labels,0.005,1,-0.1,0.00020692974666338147,0.00017159512259020077
2966,9915,9915,wikimedia-en,check,shuffled_labels,0.005,1,0.1,0.00021292794763342005,0.0001790341715003636
2966,9915,9915,wikimedia-en,check,shuffled_labels,0.01,-1,-0.1,0.000517361065158917,0.0004979385991154951
2966,9915,9915,wikimedia-en,check,shuffled_labels,0.01,-1,0.1,0.0005303749770788107,0.0005106175254794485
2966,9915,9915,wikimedia-en,check,shuffled_labels,0.01,1,-0.1,0.00039882518525422565,0.0003121232619857353
2966,9915,9915,wikimedia-en,check,shuffled_labels,0.01,1,0.1,0.00041161847382409697,0.0003182378259532444
2966,10094,10094,wikimedia-en,fit,learned,0.005,-1,-0.1,0.00033885177123246085,0.0003178238719979088
2966,10094,10094,wikimedia-en,fit,learned,0.005,-1,0.1,0.0003357218058411013,0.00031107431085042927
2966,10094,10094,wikimedia-en,fit,learned,0.005,1,-0.1,0.0003446163866032147,0.00031503927727847614
2966,10094,10094,wikimedia-en,fit,learned,0.005,1,0.1,0.00035527536391755164,0.00032519227637750614
2966,10094,10094,wikimedia-en,fit,learned,0.01,-1,-0.1,0.0006457156890464883,0.000604923247459798
2966,10094,10094,wikimedia-en,fit,learned,0.01,-1,0.1,0.0006536131310290012,0.0006116337804337425
2966,10094,10094,wikimedia-en,fit,learned,0.01,1,-0.1,0.0007102717962235988,0.0006460703655469481
2966,10094,10094,wikimedia-en,fit,learned,0.01,1,0.1,0.0007050964148133348,0.0006401905818704786
2966,10094,10094,wikimedia-en,fit,random_0,0.005,-1,-0.1,0.00014224221071579282,0.00013603694763576911
2966,10094,10094,wikimedia-en,fit,random_0,0.005,-1,0.1,0.00014447536391843472,0.00013729293261381195
2966,10094,10094,wikimedia-en,fit,random_0,0.005,1,-0.1,0.00013737959066093287,0.00011620759931683239
2966,10094,10094,wikimedia-en,fit,random_0,0.005,1,0.1,0.00014585684057611426,0.00012698333574732545
2966,10094,10094,wikimedia-en,fit,random_0,0.01,-1,-0.1,0.0002887114128724168,0.00028328052892814045
2966,10094,10094,wikimedia-en,fit,random_0,0.01,-1,0.1,0.0002961957212656787,0.0002915149667342667
2966,10094,10094,wikimedia-en,fit,random_0,0.01,1,-0.1,0.000280999534505304,0.00022151087190108596
2966,10094,10094,wikimedia-en,fit,random_0,0.01,1,0.1,0.0002931230140143652,0.0002303004515266677
2966,10094,10094,wikimedia-en,fit,random_1,0.005,-1,-0.1,5.122394181059183e-05,4.8474744212978105e-05
2966,10094,10094,wikimedia-en,fit,random_1,0.005,-1,0.1,5.395850177729721e-05,5.164224104264766e-05
2966,10094,10094,wikimedia-en,fit,random_1,0.005,1,-0.1,4.2981520598697534e-05,4.266891595641177e-05
2966,10094,10094,wikimedia-en,fit,random_1,0.005,1,0.1,4.670570674127915e-05,4.631019361128212e-05
2966,10094,10094,wikimedia-en,fit,random_1,0.01,-1,-0.1,0.00010872932852269164,9.046052829332639e-05
2966,10094,10094,wikimedia-en,fit,random_1,0.01,-1,0.1,0.0001164898636110779,9.760323756230202e-05
2966,10094,10094,wikimedia-en,fit,random_1,0.01,1,-0.1,8.681317783747678e-05,8.201796285786563e-05
2966,10094,10094,wikimedia-en,fit,random_1,0.01,1,0.1,8.872887642826268e-05,8.037529755789036e-05
2966,10094,10094,wikimedia-en,fit,random_2,0.005,-1,-0.1,0.00019257256221341676,0.0001916606706866001
2966,10094,10094,wikimedia-en,fit,random_2,0.005,-1,0.1,0.00019391097655644359,0.00019353089230590573
2966,10094,10094,wikimedia-en,fit,random_2,0.005,1,-0.1,0.00019329086948897912,0.00018927083557455183
2966,10094,10094,wikimedia-en,fit,random_2,0.005,1,0.1,0.00019107133274654927,0.0001869390517617176
2966,10094,10094,wikimedia-en,fit,random_2,0.01,-1,-0.1,0.000389658826888027,0.00038965877255909333
2966,10094,10094,wikimedia-en,fit,random_2,0.01,-1,0.1,0.0003933545298317021,0.00039333109824072444
2966,10094,10094,wikimedia-en,fit,random_2,0.01,1,-0.1,0.00037682808784352483,0.0003621393301932804
2966,10094,10094,wikimedia-en,fit,random_2,0.01,1,0.1,0.00037085824133377594,0.0003555109659862316
2966,10094,10094,wikimedia-en,fit,approx_spectrum_matched,0.005,-1,-0.1,0.00027360523895185814,0.00015937257231528622
2966,10094,10094,wikimedia-en,fit,approx_spectrum_matched,0.005,-1,0.1,0.0002797717836075601,0.0001646399682250456
2966,10094,10094,wikimedia-en,fit,approx_spectrum_matched,0.005,1,-0.1,0.00021835862042548539,0.00011474562868039529
2966,10094,10094,wikimedia-en,fit,approx_spectrum_matched,0.005,1,0.1,0.0002260273517998748,0.00011748146422181542
2966,10094,10094,wikimedia-en,fit,approx_spectrum_matched,0.01,-1,-0.1,0.0005961458123353346,0.000365415225814907
2966,10094,10094,wikimedia-en,fit,approx_spectrum_matched,0.01,-1,0.1,0.0005924990952029431,0.00036615783290895815
2966,10094,10094,wikimedia-en,fit,approx_spectrum_matched,0.01,1,-0.1,0.00038730949575926373,0.00017952074888613967
2966,10094,10094,wikimedia-en,fit,approx_spectrum_matched,0.01,1,0.1,0.00038744302875083685,0.00018774644579615536
2966,10094,10094,wikimedia-en,fit,leading_pc,0.005,-1,-0.1,0.00025320412297403984,7.67616773563692e-05
2966,10094,10094,wikimedia-en,fit,leading_pc,0.005,-1,0.1,0.0002617801256070866,7.20394593947942e-05
2966,10094,10094,wikimedia-en,fit,leading_pc,0.005,1,-0.1,0.00018398562628358243,2.800031313676112e-06
2966,10094,10094,wikimedia-en,fit,leading_pc,0.005,1,0.1,0.00018956900960811826,8.633020128172299e-06
2966,10094,10094,wikimedia-en,fit,leading_pc,0.01,-1,-0.1,0.0006329614102265161,0.00028655483916981746
2966,10094,10094,wikimedia-en,fit,leading_pc,0.01,-1,0.1,0.0006457227315402478,0.00029499368538900354
2966,10094,10094,wikimedia-en,fit,leading_pc,0.01,1,-0.1,0.0003207593929069927,6.275951820278931e-05
2966,10094,10094,wikimedia-en,fit,leading_pc,0.01,1,0.1,0.0003329173774614804,5.625568459190587e-05
2966,10094,10094,wikimedia-en,fit,shuffled_labels,0.005,-1,-0.1,0.000476263177644583,0.0002934706002730183
2966,10094,10094,wikimedia-en,fit,shuffled_labels,0.005,-1,0.1,0.00047539732033353884,0.0002886552943468035
2966,10094,10094,wikimedia-en,fit,shuffled_labels,0.005,1,-0.1,0.0004891991369829484,0.0002901276180472196
2966,10094,10094,wikimedia-en,fit,shuffled_labels,0.005,1,0.1,0.0004879805730626633,0.00028760008302153344
2966,10094,10094,wikimedia-en,fit,shuffled_labels,0.01,-1,-0.1,0.0009337930204949747,0.0005759924831748766
2966,10094,10094,wikimedia-en,fit,shuffled_labels,0.01,-1,0.1,0.0009343055579800537,0.0005737084583532615
2966,10094,10094,wikimedia-en,fit,shuffled_labels,0.01,1,-0.1,0.0009779586023371564,0.0005764675965133776
2966,10094,10094,wikimedia-en,fit,shuffled_labels,0.01,1,0.1,0.0009835753246848185,0.0005671149612763808
1645,10112,10112,wikimedia-en,fit,learned,0.005,-1,-0.1,0.001307005779614952,0.00023897914682729726
1645,10112,10112,wikimedia-en,fit,learned,0.005,-1,0.1,0.001296087429878926,0.00022596939795207956
1645,10112,10112,wikimedia-en,fit,learned,0.005,1,-0.1,0.0012523201801630185,0.0002620376748724972
1645,10112,10112,wikimedia-en,fit,learned,0.005,1,0.1,0.0012386246978513644,0.00024998988246428914
1645,10112,10112,wikimedia-en,fit,learned,0.01,-1,-0.1,0.002682192230172092,0.00045518926272195627
1645,10112,10112,wikimedia-en,fit,learned,0.01,-1,0.1,0.0026618094886770877,0.00043178882316457037
1645,10112,10112,wikimedia-en,fit,learned,0.01,1,-0.1,0.002452794351724806,0.0005210822927908106
1645,10112,10112,wikimedia-en,fit,learned,0.01,1,0.1,0.0024368023396958475,0.0004974870741206738
1645,10112,10112,wikimedia-en,fit,random_0,0.005,-1,-0.1,0.001045601579294473,0.0007143768025417308
1645,10112,10112,wikimedia-en,fit,random_0,0.005,-1,0.1,0.0010425585117946543,0.000693996723660829
1645,10112,10112,wikimedia-en,fit,random_0,0.005,1,-0.1,0.0010238137966233796,0.0007311107320048947
1645,10112,10112,wikimedia-en,fit,random_0,0.005,1,0.1,0.001019962595212962,0.0007082508463210987
1645,10112,10112,wikimedia-en,fit,random_0,0.01,-1,-0.1,0.002105235405443379,0.0014120589210223629
1645,10112,10112,wikimedia-en,fit,random_0,0.01,-1,0.1,0.002097721773090366,0.0013837390918270162
1645,10112,10112,wikimedia-en,fit,random_0,0.01,1,-0.1,0.0020361849499056068,0.0014907459521647404
1645,10112,10112,wikimedia-en,fit,random_0,0.01,1,0.1,0.0020011234763163627,0.0014348896394458298
1645,10112,10112,wikimedia-en,fit,random_1,0.005,-1,-0.1,0.0006026831218892175,0.0005548651112908439
1645,10112,10112,wikimedia-en,fit,random_1,0.005,-1,0.1,0.000603592408849276,0.0005678624954219591
1645,10112,10112,wikimedia-en,fit,random_1,0.005,1,-0.1,0.0006030180437248296,0.0005511115570461337
1645,10112,10112,wikimedia-en,fit,random_1,0.005,1,0.1,0.00060598123790098,0.0005629527845718412
1645,10112,10112,wikimedia-en,fit,random_1,0.01,-1,-0.1,0.0012039960727704942,0.0011161897722077787
1645,10112,10112,wikimedia-en,fit,random_1,0.01,-1,0.1,0.001195825550392385,0.001134753805143243
1645,10112,10112,wikimedia-en,fit,random_1,0.01,1,-0.1,0.0012099967212194876,0.0010878590201702225
1645,10112,10112,wikimedia-en,fit,random_1,0.01,1,0.1,0.0011921238895201789,0.0011042867898959285
1645,10112,10112,wikimedia-en,fit,random_2,0.005,-1,-0.1,0.0010536617718359888,0.0005460093780116695
1645,10112,10112,wikimedia-en,fit,random_2,0.005,-1,0.1,0.0010429470793356507,0.0005771459382151748
1645,10112,10112,wikimedia-en,fit,random_2,0.005,1,-0.1,0.0009812312358252096,0.000510963953558004
1645,10112,10112,wikimedia-en,fit,random_2,0.005,1,0.1,0.0009769963999259682,0.0005319578090556041
1645,10112,10112,wikimedia-en,fit,random_2,0.01,-1,-0.1,0.0021388192009893434,0.001111132429246196
1645,10112,10112,wikimedia-en,fit,random_2,0.01,-1,0.1,0.002126817368218977,0.0011606098571760742
1645,10112,10112,wikimedia-en,fit,random_2,0.01,1,-0.1,0.0018906132113975511,0.000977071741030774
1645,10112,10112,wikimedia-en,fit,random_2,0.01,1,0.1,0.001850670435180736,0.0010170028468369998
1645,10112,10112,wikimedia-en,fit,approx_spectrum_matched,0.005,-1,-0.1,0.0005840149599662224,0.0005476722981370108
1645,10112,10112,wikimedia-en,fit,approx_spectrum_matched,0.005,-1,0.1,0.0005754857560799789,0.0005364270038431568
1645,10112,10112,wikimedia-en,fit,approx_spectrum_matched,0.005,1,-0.1,0.0005392615068899812,0.0005048082375171581
1645,10112,10112,wikimedia-en,fit,approx_spectrum_matched,0.005,1,0.1,0.0005216005699604396,0.0004888971641578496
1645,10112,10112,wikimedia-en,fit,approx_spectrum_matched,0.01,-1,-0.1,0.0012288323009097123,0.0011426025366831538
1645,10112,10112,wikimedia-en,fit,approx_spectrum_matched,0.01,-1,0.1,0.0012026423962363136,0.0011213099918620977
1645,10112,10112,wikimedia-en,fit,approx_spectrum_matched,0.01,1,-0.1,0.0010281060302686062,0.0009652853338272193
1645,10112,10112,wikimedia-en,fit,approx_spectrum_matched,0.01,1,0.1,0.0009980971739070893,0.0009360250344545207
1645,10112,10112,wikimedia-en,fit,leading_pc,0.005,-1,-0.1,0.0017830639972761756,0.0006067339159407337
1645,10112,10112,wikimedia-en,fit,leading_pc,0.005,-1,0.1,0.0018151113803665541,0.0005920303860384051
1645,10112,10112,wikimedia-en,fit,leading_pc,0.005,1,-0.1,0.0016598306961872415,0.0004837352279093492
1645,10112,10112,wikimedia-en,fit,leading_pc,0.005,1,0.1,0.0016896515280178136,0.0004898620663113992
1645,10112,10112,wikimedia-en,fit,leading_pc,0.01,-1,-0.1,0.003688280891799551,0.0013407107247131547
1645,10112,10112,wikimedia-en,fit,leading_pc,0.01,-1,0.1,0.003761077864152683,0.0013059879246817313
1645,10112,10112,wikimedia-en,fit,leading_pc,0.01,1,-0.1,0.0032158960280174453,0.0008507252375376737
1645,10112,10112,wikimedia-en,fit,leading_pc,0.01,1,0.1,0.0032665432912010158,0.0008501013589320524
1645,10112,10112,wikimedia-en,fit,shuffled_labels,0.005,-1,-0.1,0.00015446580206088012,8.343173936366537e-05
1645,10112,10112,wikimedia-en,fit,shuffled_labels,0.005,-1,0.1,0.00014286665145228278,0.0001140646945853367
1645,10112,10112,wikimedia-en,fit,shuffled_labels,0.005,1,-0.1,0.0001535719195860664,0.00010587208313485405
1645,10112,10112,wikimedia-en,fit,shuffled_labels,0.005,1,0.1,0.00015717553829049596,0.00013486272654075274
1645,10112,10112,wikimedia-en,fit,shuffled_labels,0.01,-1,-0.1,0.00031019677357629937,0.00015112064788757055
1645,10112,10112,wikimedia-en,fit,shuffled_labels,0.01,-1,0.1,0.00026493014149502,0.00019803928275495552
1645,10112,10112,wikimedia-en,fit,shuffled_labels,0.01,1,-0.1,0.00032838331802599217,0.0002486368922793003
1645,10112,10112,wikimedia-en,fit,shuffled_labels,0.01,1,0.1,0.00032526935671100664,0.0002944392186443477
2966,10114,10114,wikimedia-en,check,learned,0.005,-1,-0.1,0.0004255674799183359,6.882857046413983e-05
2966,10114,10114,wikimedia-en,check,learned,0.005,-1,0.1,0.0004182381092057338,7.89895140947709e-05
2966,10114,10114,wikimedia-en,check,learned,0.005,1,-0.1,0.00036128148739665345,4.9697412135065233e-05
2966,10114,10114,wikimedia-en,check,learned,0.005,1,0.1,0.00036535187135924705,4.419305517978603e-05
2966,10114,10114,wikimedia-en,check,learned,0.01,-1,-0.1,0.0008862118326610562,0.00015843664374178188
2966,10114,10114,wikimedia-en,check,learned,0.01,-1,0.1,0.0008801318645009583,0.00016918910728963338
2966,10114,10114,wikimedia-en,check,learned,0.01,1,-0.1,0.0006580857243758753,5.901990707758541e-05
2966,10114,10114,wikimedia-en,check,learned,0.01,1,0.1,0.0006530058123219405,4.672925821530766e-05
2966,10114,10114,wikimedia-en,check,random_0,0.005,-1,-0.1,0.0008494759957122233,9.357483096969802e-05
2966,10114,10114,wikimedia-en,check,random_0,0.005,-1,0.1,0.0008432924123745977,0.00010869362273973264
2966,10114,10114,wikimedia-en,check,random_0,0.005,1,-0.1,0.0008377625841619733,0.0001444786535107472
2966,10114,10114,wikimedia-en,check,random_0,0.005,1,0.1,0.0008226827145304787,0.0001386117717057289
2966,10114,10114,wikimedia-en,check,random_0,0.01,-1,-0.1,0.0016663733380775658,0.00013477166772843217
2966,10114,10114,wikimedia-en,check,random_0,0.01,-1,0.1,0.0016653092480101884,0.00015826749943873833
2966,10114,10114,wikimedia-en,check,random_0,0.01,1,-0.1,0.0016114751092202717,0.0002999624485606478
2966,10114,10114,wikimedia-en,check,random_0,0.01,1,0.1,0.00158139849834265,0.0002952940157408307
2966,10114,10114,wikimedia-en,check,random_1,0.005,-1,-0.1,0.0002120269171919784,4.5506308389749536e-05
2966,10114,10114,wikimedia-en,check,random_1,0.005,-1,0.1,0.00022013356673884014,3.8090952732426456e-05
2966,10114,10114,wikimedia-en,check,random_1,0.005,1,-0.1,0.00024385174409180638,4.280033251138209e-05
2966,10114,10114,wikimedia-en,check,random_1,0.005,1,0.1,0.00024828155770569336,3.2227152621359197e-05
2966,10114,10114,wikimedia-en,check,random_1,0.01,-1,-0.1,0.00044249049525055283,0.0001365532272814542
2966,10114,10114,wikimedia-en,check,random_1,0.01,-1,0.1,0.00044892945932514664,0.00012017222889003698
2966,10114,10114,wikimedia-en,check,random_1,0.01,1,-0.1,0.000555893969500197,0.00015980278935684203
2966,10114,10114,wikimedia-en,check,random_1,0.01,1,0.1,0.0005461190804933367,0.00015340358221066537
2966,10114,10114,wikimedia-en,check,random_2,0.005,-1,-0.1,0.0002661503237788459,0.00022442970945609254
2966,10114,10114,wikimedia-en,check,random_2,0.005,-1,0.1,0.0002759482630964334,0.0002345875750243756
2966,10114,10114,wikimedia-en,check,random_2,0.005,1,-0.1,0.0002461606883838712,0.0002121361396247571
2966,10114,10114,wikimedia-en,check,random_2,0.005,1,0.1,0.00023694536910529157,0.00019478142117947947
2966,10114,10114,wikimedia-en,check,random_2,0.01,-1,-0.1,0.0005682466633719508,0.0004754548192515279
2966,10114,10114,wikimedia-en,check,random_2,0.01,-1,0.1,0.0005770801413113062,0.00048549423385306706
2966,10114,10114,wikimedia-en,check,random_2,0.01,1,-0.1,0.00045706775536810907,0.00037403023148811836
2966,10114,10114,wikimedia-en,check,random_2,0.01,1,0.1,0.00045478567382843666,0.0003617922929637774
2966,10114,10114,wikimedia-en,check,approx_spectrum_matched,0.005,-1,-0.1,0.0005271576582314028,0.0005090489768187937
2966,10114,10114,wikimedia-en,check,approx_spectrum_matched,0.005,-1,0.1,0.0005386740546259341,0.0005204276292270437
2966,10114,10114,wikimedia-en,check,approx_spectrum_matched,0.005,1,-0.1,0.0005198793518941304,0.0004730620677350602
2966,10114,10114,wikimedia-en,check,approx_spectrum_matched,0.005,1,0.1,0.0005092344026506911,0.0004640706687711001
2966,10114,10114,wikimedia-en,check,approx_spectrum_matched,0.01,-1,-0.1,0.0010836560594112636,0.001061537534168368
2966,10114,10114,wikimedia-en,check,approx_spectrum_matched,0.01,-1,0.1,0.0010910821932916558,0.0010688468389204629
2966,10114,10114,wikimedia-en,check,approx_spectrum_matched,0.01,1,-0.1,0.0010130167229092687,0.0008876281803571774
2966,10114,10114,wikimedia-en,check,approx_spectrum_matched,0.01,1,0.1,0.0010007765762078888,0.0008807037518475754
2966,10114,10114,wikimedia-en,check,leading_pc,0.005,-1,-0.1,0.0009271764724717595,0.0007479763972027424
2966,10114,10114,wikimedia-en,check,leading_pc,0.005,-1,0.1,0.0009262259550821501,0.0007496127936508272
2966,10114,10114,wikimedia-en,check,leading_pc,0.005,1,-0.1,0.0007398945603164431,0.000553439391421036
2966,10114,10114,wikimedia-en,check,leading_pc,0.005,1,0.1,0.0007213876457416253,0.0005421378150655189
2966,10114,10114,wikimedia-en,check,leading_pc,0.01,-1,-0.1,0.0019657356076632575,0.0016385182092100866
2966,10114,10114,wikimedia-en,check,leading_pc,0.01,-1,0.1,0.0019590357751755267,0.0016249640982004155
2966,10114,10114,wikimedia-en,check,leading_pc,0.01,1,-0.1,0.0012725124808420417,0.0009033219598601725
2966,10114,10114,wikimedia-en,check,leading_pc,0.01,1,0.1,0.0012509473641656096,0.0008890893622732482
2966,10114,10114,wikimedia-en,check,shuffled_labels,0.005,-1,-0.1,4.5855771179852704e-05,4.436809263071755e-05
2966,10114,10114,wikimedia-en,check,shuffled_labels,0.005,-1,0.1,3.914714002947577e-05,3.9101321740659136e-05
2966,10114,10114,wikimedia-en,check,shuffled_labels,0.005,1,-0.1,7.037185979604059e-05,5.976124227868263e-05
2966,10114,10114,wikimedia-en,check,shuffled_labels,0.005,1,0.1,6.479373074135983e-05,6.225838725168861e-05
2966,10114,10114,wikimedia-en,check,shuffled_labels,0.01,-1,-0.1,8.142055564304922e-05,7.306452294123493e-05
2966,10114,10114,wikimedia-en,check,shuffled_labels,0.01,-1,0.1,7.343292236328125e-05,6.274218828473127e-05
2966,10114,10114,wikimedia-en,check,shuffled_labels,0.01,1,-0.1,0.00016567878438173293,0.00013625054953912732
2966,10114,10114,wikimedia-en,check,shuffled_labels,0.01,1,0.1,0.00016715710044107578,0.0001473438354848559
2966,10140,10140,wikimedia-en,fit,learned,0.005,-1,-0.1,0.0005064506739938941,0.00023436402825859236
2966,10140,10140,wikimedia-en,fit,learned,0.005,-1,0.1,0.0004935025011227706,0.0002411206847467276
2966,10140,10140,wikimedia-en,fit,learned,0.005,1,-0.1,0.0005046442236408083,0.0002495326066558622
2966,10140,10140,wikimedia-en,fit,learned,0.005,1,0.1,0.0005225273743506094,0.000271731953818844
2966,10140,10140,wikimedia-en,fit,learned,0.01,-1,-0.1,0.000983202607095413,0.000439850366500361
2966,10140,10140,wikimedia-en,fit,learned,0.01,-1,0.1,0.0009609649454874715,0.0004297460968282958
2966,10140,10140,wikimedia-en,fit,learned,0.01,1,-0.1,0.001012514723753315,0.000544624718332187
2966,10140,10140,wikimedia-en,fit,learned,0.01,1,0.1,0.0010336387760712074,0.0005457238754279633
2966,10140,10140,wikimedia-en,fit,random_0,0.005,-1,-0.1,0.00030674530781516456,0.000242782847144786
2966,10140,10140,wikimedia-en,fit,random_0,0.005,-1,0.1,0.00033173612844326184,0.00025262981962562603
2966,10140,10140,wikimedia-en,fit,random_0,0.005,1,-0.1,0.00035830275117159635,0.0002801298338461303
2966,10140,10140,wikimedia-en,fit,random_0,0.005,1,0.1,0.0003516307908734693,0.0002788774559582056
2966,10140,10140,wikimedia-en,fit,random_0,0.01,-1,-0.1,0.0005838605708041278,0.0004463181087468711
2966,10140,10140,wikimedia-en,fit,random_0,0.01,-1,0.1,0.000615072063682901,0.0004671281694483028
2966,10140,10140,wikimedia-en,fit,random_0,0.01,1,-0.1,0.0007596818099736757,0.0005954383037524274
2966,10140,10140,wikimedia-en,fit,random_0,0.01,1,0.1,0.0007733804802229257,0.0006203504527565365
2966,10140,10140,wikimedia-en,fit,random_1,0.005,-1,-0.1,0.0004554061981675108,0.00012245035999381858
2966,10140,10140,wikimedia-en,fit,random_1,0.005,-1,0.1,0.0004356486157296584,0.00010809893778842521
2966,10140,10140,wikimedia-en,fit,random_1,0.005,1,-0.1,0.0004670784870914907,5.840500735124745e-05
2966,10140,10140,wikimedia-en,fit,random_1,0.005,1,0.1,0.00047342630228979545,6.647367126185498e-05
2966,10140,10140,wikimedia-en,fit,random_1,0.01,-1,-0.1,0.0008675576095019105,0.0002729938094435083
2966,10140,10140,wikimedia-en,fit,random_1,0.01,-1,0.1,0.0008595617710513592,0.00027968519906467794
2966,10140,10140,wikimedia-en,fit,random_1,0.01,1,-0.1,0.0009817437887111404,7.64574043138088e-05
2966,10140,10140,wikimedia-en,fit,random_1,0.01,1,0.1,0.00098529384804388,7.219157176771015e-05
2966,10140,10140,wikimedia-en,fit,random_2,0.005,-1,-0.1,0.00044621182021143427,0.0002520115054910958
2966,10140,10140,wikimedia-en,fit,random_2,0.005,-1,0.1,0.00044893275143138004,0.0002450737548867519
2966,10140,10140,wikimedia-en,fit,random_2,0.005,1,-0.1,0.0004172692963871286,0.00029260004471978843
2966,10140,10140,wikimedia-en,fit,random_2,0.005,1,0.1,0.00039929240065495153,0.0002865523536789465
2966,10140,10140,wikimedia-en,fit,random_2,0.01,-1,-0.1,0.0009433535971881713,0.0004808361440550185
2966,10140,10140,wikimedia-en,fit,random_2,0.01,-1,0.1,0.000960987659755017,0.00048611628821297267
2966,10140,10140,wikimedia-en,fit,random_2,0.01,1,-0.1,0.0008014645422075978,0.0006202920353678337
2966,10140,10140,wikimedia-en,fit,random_2,0.01,1,0.1,0.0007977987274798113,0.0006257391537855985
2966,10140,10140,wikimedia-en,fit,approx_spectrum_matched,0.005,-1,-0.1,0.0004526739486462078,2.982798943750213e-05
2966,10140,10140,wikimedia-en,fit,approx_spectrum_matched,0.005,-1,0.1,0.00045275958102096057,2.760672165221678e-05
2966,10140,10140,wikimedia-en,fit,approx_spectrum_matched,0.005,1,-0.1,0.0003862086626303976,1.1598920180796038e-05
2966,10140,10140,wikimedia-en,fit,approx_spectrum_matched,0.005,1,0.1,0.0003891049646424954,2.1369060671620378e-05
2966,10140,10140,wikimedia-en,fit,approx_spectrum_matched,0.01,-1,-0.1,0.0009333509729374418,6.985468882394626e-05
2966,10140,10140,wikimedia-en,fit,approx_spectrum_matched,0.01,-1,0.1,0.0009426939166961018,6.424367935889741e-05
2966,10140,10140,wikimedia-en,fit,approx_spectrum_matched,0.01,1,-0.1,0.0006928882007439395,1.5489002682302446e-05
2966,10140,10140,wikimedia-en,fit,approx_spectrum_matched,0.01,1,0.1,0.00067189045995014,1.5646342612445739e-06
2966,10140,10140,wikimedia-en,fit,leading_pc,0.005,-1,-0.1,0.00038848740044807305,0.00038846067577312754
2966,10140,10140,wikimedia-en,fit,leading_pc,0.005,-1,0.1,0.000383534802306972,0.00038325991900293565
2966,10140,10140,wikimedia-en,fit,leading_pc,0.005,1,-0.1,0.000322062820164127,0.0003196813835222354
2966,10140,10140,wikimedia-en,fit,leading_pc,0.005,1,0.1,0.0003301049661903314,0.00032544339105517915
2966,10140,10140,wikimedia-en,fit,leading_pc,0.01,-1,-0.1,0.0008591416061742915,0.0008570153520264933
2966,10140,10140,wikimedia-en,fit,leading_pc,0.01,-1,0.1,0.0008500819035053949,0.0008468996445646384
2966,10140,10140,wikimedia-en,fit,leading_pc,0.01,1,-0.1,0.0006147851328544427,0.000600641906353878
2966,10140,10140,wikimedia-en,fit,leading_pc,0.01,1,0.1,0.0006150750210356049,0.0005953692976631301
2966,10140,10140,wikimedia-en,fit,shuffled_labels,0.005,-1,-0.1,0.00030376585466947105,2.1731789523224433e-05
2966,10140,10140,wikimedia-en,fit,shuffled_labels,0.005,-1,0.1,0.0003093761962382608,3.23659290476073e-05
2966,10140,10140,wikimedia-en,fit,shuffled_labels,0.005,1,-0.1,0.00027943511858692427,3.149375678227956e-07
2966,10140,10140,wikimedia-en,fit,shuffled_labels,0.005,1,0.1,0.0002573737119719644,1.3980539731504271e-05
2966,10140,10140,wikimedia-en,fit,shuffled_labels,0.01,-1,-0.1,0.0006290595481724014,5.7859627660627136e-05
2966,10140,10140,wikimedia-en,fit,shuffled_labels,0.01,-1,0.1,0.000637571758677177,5.026795718071203e-05
2966,10140,10140,wikimedia-en,fit,shuffled_labels,0.01,1,-0.1,0.0005306254951827533,1.9949703773592502e-05
2966,10140,10140,wikimedia-en,fit,shuffled_labels,0.01,1,0.1,0.0005206487522669163,1.384993050819135e-05
2966,10156,10156,wikimedia-en,check,learned,0.005,-1,-0.1,0.00029517876265840724,0.00016833233565471988
2966,10156,10156,wikimedia-en,check,learned,0.005,-1,0.1,0.0002951541123029119,0.00016159440976928937
2966,10156,10156,wikimedia-en,check,learned,0.005,1,-0.1,0.0002629721261731105,0.0001374321113805895
2966,10156,10156,wikimedia-en,check,learned,0.005,1,0.1,0.0002897616647929319,0.00014479300838061822
2966,10156,10156,wikimedia-en,check,learned,0.01,-1,-0.1,0.0006062676474053402,0.0003225547728006942
2966,10156,10156,wikimedia-en,check,learned,0.01,-1,0.1,0.0006079454979045221,0.000329309595238502
2966,10156,10156,wikimedia-en,check,learned,0.01,1,-0.1,0.0005119063986202214,0.0002474068766151258
2966,10156,10156,wikimedia-en,check,learned,0.01,1,0.1,0.0005421175052023304,0.000245421214121487
2966,10156,10156,wikimedia-en,check,random_0,0.005,-1,-0.1,0.00022765865912640373,1.4535102730533116e-05
2966,10156,10156,wikimedia-en,check,random_0,0.005,-1,0.1,0.00022699852824114745,2.0178162506400605e-05
2966,10156,10156,wikimedia-en,check,random_0,0.005,1,-0.1,0.0001787268108473622,1.811675329755342e-05
2966,10156,10156,wikimedia-en,check,random_0,0.005,1,0.1,0.0001980269755774282,1.6309466425622893e-05
2966,10156,10156,wikimedia-en,check,random_0,0.01,-1,-0.1,0.0005142108975633778,4.3687113291075086e-05
2966,10156,10156,wikimedia-en,check,random_0,0.01,-1,0.1,0.0005060453296935904,3.462945949958024e-05
2966,10156,10156,wikimedia-en,check,random_0,0.01,1,-0.1,0.0002961569525688632,1.6232501577316258e-05
2966,10156,10156,wikimedia-en,check,random_0,0.01,1,0.1,0.0003069024116963045,1.0494763468470606e-05
2966,10156,10156,wikimedia-en,check,random_1,0.005,-1,-0.1,0.00019073724745214004,0.0001414699564020682
2966,10156,10156,wikimedia-en,check,random_1,0.005,-1,0.1,0.00018809397624317188,0.00013888322365426193
2966,10156,10156,wikimedia-en,check,random_1,0.005,1,-0.1,0.0001730123973151942,0.0001437263187837093
2966,10156,10156,wikimedia-en,check,random_1,0.005,1,0.1,0.00017880312569058175,0.00015356430158968456
2966,10156,10156,wikimedia-en,check,random_1,0.01,-1,-0.1,0.0004299336864031762,0.0002933216407487502
2966,10156,10156,wikimedia-en,check,random_1,0.01,-1,0.1,0.00042578754781300075,0.0002860104894688379
2966,10156,10156,wikimedia-en,check,random_1,0.01,1,-0.1,0.000331752577760815,0.0002988588661450215
2966,10156,10156,wikimedia-en,check,random_1,0.01,1,0.1,0.00031837442582263275,0.0002867337900702823
2966,10156,10156,wikimedia-en,check,random_2,0.005,-1,-0.1,0.000109676692718411,8.1966203111792e-05
2966,10156,10156,wikimedia-en,check,random_2,0.005,-1,0.1,0.00010457855319719938,7.260738197129359e-05
2966,10156,10156,wikimedia-en,check,random_2,0.005,1,-0.1,0.00015841618385133637,0.00010920183237263694
2966,10156,10156,wikimedia-en,check,random_2,0.005,1,0.1,0.0001403489802278523,9.939531213352365e-05
2966,10156,10156,wikimedia-en,check,random_2,0.01,-1,-0.1,0.00016320095692556525,0.0001305242517967228
2966,10156,10156,wikimedia-en,check,random_2,0.01,-1,0.1,0.00017711146847154842,0.00013239774145389215
2966,10156,10156,wikimedia-en,check,random_2,0.01,1,-0.1,0.0003323442109652453,0.00022715931695211855
2966,10156,10156,wikimedia-en,check,random_2,0.01,1,0.1,0.0003332201384459648,0.00022728006532769896
2966,10156,10156,wikimedia-en,check,approx_spectrum_matched,0.005,-1,-0.1,0.0003034692974785475,0.00013169367734131807
2966,10156,10156,wikimedia-en,check,approx_spectrum_matched,0.005,-1,0.1,0.00029131901690729957,0.000124301755191339
2966,10156,10156,wikimedia-en,check,approx_spectrum_matched,0.005,1,-0.1,0.00025488094682211634,0.00012475870130386455
2966,10156,10156,wikimedia-en,check,approx_spectrum_matched,0.005,1,0.1,0.00027830301615861544,0.00013318420351630787
2966,10156,10156,wikimedia-en,check,approx_spectrum_matched,0.01,-1,-0.1,0.0006393950687167107,0.00024333052167216707
2966,10156,10156,wikimedia-en,check,approx_spectrum_matched,0.01,-1,0.1,0.0006185112844025062,0.0002522657431931842
2966,10156,10156,wikimedia-en,check,approx_spectrum_matched,0.01,1,-0.1,0.0004970189694051375,0.00026272220402701
2966,10156,10156,wikimedia-en,check,approx_spectrum_matched,0.01,1,0.1,0.0005080515872945981,0.0002701155342799114
2966,10156,10156,wikimedia-en,check,leading_pc,0.005,-1,-0.1,0.0005782043306046824,0.0004954435841354075
2966,10156,10156,wikimedia-en,check,leading_pc,0.005,-1,0.1,0.0005809935469476504,0.0004827890023913974
2966,10156,10156,wikimedia-en,check,leading_pc,0.005,1,-0.1,0.0005096949834058807,0.00040930190290998294
2966,10156,10156,wikimedia-en,check,leading_pc,0.005,1,0.1,0.0005113153107150674,0.00040002666108395493
2966,10156,10156,wikimedia-en,check,leading_pc,0.01,-1,-0.1,0.0011955215737622046,0.0010572573089218259
2966,10156,10156,wikimedia-en,check,leading_pc,0.01,-1,0.1,0.0012058746951895637,0.0010578510132474466
2966,10156,10156,wikimedia-en,check,leading_pc,0.01,1,-0.1,0.0009416682772264177,0.0007079107963694197
2966,10156,10156,wikimedia-en,check,leading_pc,0.01,1,0.1,0.0009405148486235811,0.0007141163816948785
2966,10156,10156,wikimedia-en,check,shuffled_labels,0.005,-1,-0.1,7.491049532568162e-05,7.336094468114234e-05
2966,10156,10156,wikimedia-en,check,shuffled_labels,0.005,-1,0.1,7.428871953640155e-05,6.88133929948905e-05
2966,10156,10156,wikimedia-en,check,shuffled_labels,0.005,1,-0.1,9.896640057813897e-05,7.776862167044581e-05
2966,10156,10156,wikimedia-en,check,shuffled_labels,0.005,1,0.1,9.527678950508144e-05,8.858293027887894e-05
2966,10156,10156,wikimedia-en,check,shuffled_labels,0.01,-1,-0.1,0.00012907057934469313,0.00012853107852342304
2966,10156,10156,wikimedia-en,check,shuffled_labels,0.01,-1,0.1,0.0001288590112109679,0.00012743379394595074
2966,10156,10156,wikimedia-en,check,shuffled_labels,0.01,1,-0.1,0.0002225026619982502,0.0001687420447601723
2966,10156,10156,wikimedia-en,check,shuffled_labels,0.01,1,0.1,0.0002108138007866993,0.0001702572644844301
1645,10203,10203,wikimedia-en,check,learned,0.005,-1,-0.1,0.005044629140765604,0.00040298478981353977
1645,10203,10203,wikimedia-en,check,learned,0.005,-1,0.1,0.004847917910576771,0.001386983389758286
1645,10203,10203,wikimedia-en,check,learned,0.005,1,-0.1,0.008625139339524808,0.0031148783112381613
1645,10203,10203,wikimedia-en,check,learned,0.005,1,0.1,0.008108737894725583,0.0022662817179630148
1645,10203,10203,wikimedia-en,check,learned,0.01,-1,-0.1,0.00784177186967968,0.003803876266327661
1645,10203,10203,wikimedia-en,check,learned,0.01,-1,0.1,0.008607440850264663,0.005811668979822473
1645,10203,10203,wikimedia-en,check,learned,0.01,1,-0.1,0.020307011089972023,0.007589937300635784
1645,10203,10203,wikimedia-en,check,learned,0.01,1,0.1,0.019597403877837875,0.006314826888827294
1645,10203,10203,wikimedia-en,check,random_0,0.005,-1,-0.1,0.002486869033106915,0.0023492349372269718
1645,10203,10203,wikimedia-en,check,random_0,0.005,-1,0.1,0.002195972206400536,0.00219535644803209
1645,10203,10203,wikimedia-en,check,random_0,0.005,1,-0.1,0.0030393613929613887,0.0029830009327086976
1645,10203,10203,wikimedia-en,check,random_0,0.005,1,0.1,0.0025078996367283294,0.0024741905372677266
1645,10203,10203,wikimedia-en,check,random_0,0.01,-1,-0.1,0.0047902164046427715,0.004380768047682631
1645,10203,10203,wikimedia-en,check,random_0,0.01,-1,0.1,0.004364110502297523,0.004345967867384305
1645,10203,10203,wikimedia-en,check,random_0,0.01,1,-0.1,0.006881348580801805,0.0067989533734328185
1645,10203,10203,wikimedia-en,check,random_0,0.01,1,0.1,0.005638484792371358,0.0055389058337745
1645,10203,10203,wikimedia-en,check,random_1,0.005,-1,-0.1,0.0080392821804817,0.0010897924726730526
1645,10203,10203,wikimedia-en,check,random_1,0.005,-1,0.1,0.008626606403724433,0.0027273097424305296
1645,10203,10203,wikimedia-en,check,random_1,0.005,1,-0.1,0.008651976018527923,0.00016283604254295546
1645,10203,10203,wikimedia-en,check,random_1,0.005,1,0.1,0.009313539930766116,0.001745373096593067
1645,10203,10203,wikimedia-en,check,random_1,0.01,-1,-0.1,0.01502093151346611,0.0024831694505788406
1645,10203,10203,wikimedia-en,check,random_1,0.01,-1,0.1,0.01613296681043765,0.005411389566994018
1645,10203,10203,wikimedia-en,check,random_1,0.01,1,-0.1,0.017577188323234537,0.001867306659327427
1645,10203,10203,wikimedia-en,check,random_1,0.01,1,0.1,0.018809069690006845,0.0020051542413599115
1645,10203,10203,wikimedia-en,check,random_2,0.005,-1,-0.1,0.009695700791356846,0.00846481490143332
1645,10203,10203,wikimedia-en,check,random_2,0.005,-1,0.1,0.00876076003426257,0.0064148369823967735
1645,10203,10203,wikimedia-en,check,random_2,0.005,1,-0.1,0.010619195031066632,0.007647772933916541
1645,10203,10203,wikimedia-en,check,random_2,0.005,1,0.1,0.009688810755528328,0.0052411645391863566
1645,10203,10203,wikimedia-en,check,random_2,0.01,-1,-0.1,0.018934071075159705,0.017674665096958326
1645,10203,10203,wikimedia-en,check,random_2,0.01,-1,0.1,0.016938240649831193,0.014012555392163508
1645,10203,10203,wikimedia-en,check,random_2,0.01,1,-0.1,0.022130959220746396,0.014412684459161907
1645,10203,10203,wikimedia-en,check,random_2,0.01,1,0.1,0.02020807142827514,0.009381434813857751
1645,10203,10203,wikimedia-en,check,approx_spectrum_matched,0.005,-1,-0.1,0.006123106777137328,0.003911600096988185
1645,10203,10203,wikimedia-en,check,approx_spectrum_matched,0.005,-1,0.1,0.005924872620417604,0.004637179341567277
1645,10203,10203,wikimedia-en,check,approx_spectrum_matched,0.005,1,-0.1,0.004359428922023518,0.002917406598092727
1645,10203,10203,wikimedia-en,check,approx_spectrum_matched,0.005,1,0.1,0.00453493165933546,0.00367842583515437
1645,10203,10203,wikimedia-en,check,approx_spectrum_matched,0.01,-1,-0.1,0.013579109566701117,0.009061488399483012
1645,10203,10203,wikimedia-en,check,approx_spectrum_matched,0.01,-1,0.1,0.012933486162431179,0.010327251738714118
1645,10203,10203,wikimedia-en,check,approx_spectrum_matched,0.01,1,-0.1,0.0068636265862984484,0.005053381588199793
1645,10203,10203,wikimedia-en,check,approx_spectrum_matched,0.01,1,0.1,0.00742431921145064,0.006386548953926699
1645,10203,10203,wikimedia-en,check,leading_pc,0.005,-1,-0.1,0.005648541345388483,0.0039021582526416582
1645,10203,10203,wikimedia-en,check,leading_pc,0.005,-1,0.1,0.005414341555526222,0.004718513528381723
1645,10203,10203,wikimedia-en,check,leading_pc,0.005,1,-0.1,0.006662252277286209,0.005176241275540717
1645,10203,10203,wikimedia-en,check,leading_pc,0.005,1,0.1,0.0070094492157414786,0.006213251704748045
1645,10203,10203,wikimedia-en,check,leading_pc,0.01,-1,-0.1,0.008212116783202331,0.004953025759937491
1645,10203,10203,wikimedia-en,check,leading_pc,0.01,-1,0.1,0.007264012251393291,0.00615356232668612
1645,10203,10203,wikimedia-en,check,leading_pc,0.01,1,-0.1,0.012481211705103043,0.01070333071609818
1645,10203,10203,wikimedia-en,check,leading_pc,0.01,1,0.1,0.013647328980282192,0.012630353493411727
1645,10203,10203,wikimedia-en,check,shuffled_labels,0.005,-1,-0.1,0.007095839626182279,0.003972112387702432
1645,10203,10203,wikimedia-en,check,shuffled_labels,0.005,-1,0.1,0.006725468487668304,0.0027133189672662976
1645,10203,10203,wikimedia-en,check,shuffled_labels,0.005,1,-0.1,0.006487133935914204,0.001620150152064665
1645,10203,10203,wikimedia-en,check,shuffled_labels,0.005,1,0.1,0.006309282818873622,0.0003787625233002726
1645,10203,10203,wikimedia-en,check,shuffled_labels,0.01,-1,-0.1,0.014263263836124787,0.009642080329594183
1645,10203,10203,wikimedia-en,check,shuffled_labels,0.01,-1,0.1,0.013489592078924424,0.007326687153217116
1645,10203,10203,wikimedia-en,check,shuffled_labels,0.01,1,-0.1,0.011842390706261646,0.0006323433717206734
1645,10203,10203,wikimedia-en,check,shuffled_labels,0.01,1,0.1,0.01189152428910998,0.0016983539017030383
1645,10223,10223,wikimedia-en,check,learned,0.005,-1,-0.1,0.0053768980873146344,0.0037812312157494495
1645,10223,10223,wikimedia-en,check,learned,0.005,-1,0.1,0.00497454523348883,0.003032942205931308
1645,10223,10223,wikimedia-en,check,learned,0.005,1,-0.1,0.003401229545979093,0.003178501801522046
1645,10223,10223,wikimedia-en,check,learned,0.005,1,0.1,0.0027790522849864174,0.0024625554443143956
1645,10223,10223,wikimedia-en,check,learned,0.01,-1,-0.1,0.01218537465931245,0.007280441553314081
1645,10223,10223,wikimedia-en,check,learned,0.01,-1,0.1,0.011546105803612568,0.005854368709383786
1645,10223,10223,wikimedia-en,check,learned,0.01,1,-0.1,0.005597735253719762,0.005593066556047937
1645,10223,10223,wikimedia-en,check,learned,0.01,1,0.1,0.004373017709949409,0.004369697662835494
1645,10223,10223,wikimedia-en,check,random_0,0.005,-1,-0.1,0.0030316592529375627,0.0026244981858152645
1645,10223,10223,wikimedia-en,check,random_0,0.005,-1,0.1,0.0036507137389041534,0.002857098213784881
1645,10223,10223,wikimedia-en,check,random_0,0.005,1,-0.1,0.0024988178005382767,0.0023273037470157507
1645,10223,10223,wikimedia-en,check,random_0,0.005,1,0.1,0.0028645361946178067,0.0023596336888371287
1645,10223,10223,wikimedia-en,check,random_0,0.01,-1,-0.1,0.006362533457838549,0.00528014015897462
1645,10223,10223,wikimedia-en,check,random_0,0.01,-1,0.1,0.007688709593650002,0.005824300775644165
1645,10223,10223,wikimedia-en,check,random_0,0.01,1,-0.1,0.004283338774285289,0.004120162155573527
1645,10223,10223,wikimedia-en,check,random_0,0.01,1,0.1,0.0047328681058010835,0.00402511844431283
1645,10223,10223,wikimedia-en,check,random_1,0.005,-1,-0.1,0.008500488164923535,0.0074963214969493265
1645,10223,10223,wikimedia-en,check,random_1,0.005,-1,0.1,0.008454925227339307,0.007282148132221652
1645,10223,10223,wikimedia-en,check,random_1,0.005,1,-0.1,0.007678565657210063,0.0055791433848080664
1645,10223,10223,wikimedia-en,check,random_1,0.005,1,0.1,0.007736568376607633,0.0052883210019060555
1645,10223,10223,wikimedia-en,check,random_1,0.01,-1,-0.1,0.01786248188688778,0.01672521545725258
1645,10223,10223,wikimedia-en,check,random_1,0.01,-1,0.1,0.017735483339090807,0.01639971639036891
1645,10223,10223,wikimedia-en,check,random_1,0.01,1,-0.1,0.014430280543220037,0.00922415314941574
1645,10223,10223,wikimedia-en,check,random_1,0.01,1,0.1,0.014738441789734009,0.008682789107107224
1645,10223,10223,wikimedia-en,check,random_2,0.005,-1,-0.1,0.0017810074040293122,0.0016730660069275176
1645,10223,10223,wikimedia-en,check,random_2,0.005,-1,0.1,0.0011259214848586005,0.0008929647283777151
1645,10223,10223,wikimedia-en,check,random_2,0.005,1,-0.1,0.003375278140969472,0.003290110074231627
1645,10223,10223,wikimedia-en,check,random_2,0.005,1,0.1,0.0025561270275907197,0.002406271538952464
1645,10223,10223,wikimedia-en,check,random_2,0.01,-1,-0.1,0.002906629727640437,0.0017074180645999051
1645,10223,10223,wikimedia-en,check,random_2,0.01,-1,0.1,0.002668401358131423,0.000352849837866792
1645,10223,10223,wikimedia-en,check,random_2,0.01,1,-0.1,0.008413779698398792,0.007920077617340425
1645,10223,10223,wikimedia-en,check,random_2,0.01,1,0.1,0.006901916553331072,0.006071801317509932
1645,10223,10223,wikimedia-en,check,approx_spectrum_matched,0.005,-1,-0.1,0.002145815742791574,0.0019617608174320434
1645,10223,10223,wikimedia-en,check,approx_spectrum_matched,0.005,-1,0.1,0.002274579620992262,0.0020667377394470495
1645,10223,10223,wikimedia-en,check,approx_spectrum_matched,0.005,1,-0.1,0.0021034008615656986,0.0019433004806898185
1645,10223,10223,wikimedia-en,check,approx_spectrum_matched,0.005,1,0.1,0.0023931327792425816,0.0022703950053975753
1645,10223,10223,wikimedia-en,check,approx_spectrum_matched,0.01,-1,-0.1,0.0040940780779264545,0.0036834073536021372
1645,10223,10223,wikimedia-en,check,approx_spectrum_matched,0.01,-1,0.1,0.004266067493837722,0.003715815267625267
1645,10223,10223,wikimedia-en,check,approx_spectrum_matched,0.01,1,-0.1,0.003875161794459469,0.003561447856418418
1645,10223,10223,wikimedia-en,check,approx_spectrum_matched,0.01,1,0.1,0.004557423668642726,0.0043587043242592945
1645,10223,10223,wikimedia-en,check,leading_pc,0.005,-1,-0.1,0.0048992545118831275,0.0030378809390709145
1645,10223,10223,wikimedia-en,check,leading_pc,0.005,-1,0.1,0.0045251138840381655,0.002007916587475217
1645,10223,10223,wikimedia-en,check,leading_pc,0.005,1,-0.1,0.0059844479791056554,0.003905183686649892
1645,10223,10223,wikimedia-en,check,leading_pc,0.005,1,0.1,0.005621989365294665,0.0030358242277882313
1645,10223,10223,wikimedia-en,check,leading_pc,0.01,-1,-0.1,0.008596582847075578,0.005356527777797325
1645,10223,10223,wikimedia-en,check,leading_pc,0.01,-1,0.1,0.007656949173608638,0.0029893689460897873
1645,10223,10223,wikimedia-en,check,leading_pc,0.01,1,-0.1,0.012851536184250636,0.008577731231981568
1645,10223,10223,wikimedia-en,check,leading_pc,0.01,1,0.1,0.012217509012362387,0.007116683341044775
1645,10223,10223,wikimedia-en,check,shuffled_labels,0.005,-1,-0.1,0.0017662089535230541,0.0002287001419454994
1645,10223,10223,wikimedia-en,check,shuffled_labels,0.005,-1,0.1,0.0013465131625304565,0.00013915516697208673
1645,10223,10223,wikimedia-en,check,shuffled_labels,0.005,1,-0.1,0.002716532041451243,0.0018887904151417335
1645,10223,10223,wikimedia-en,check,shuffled_labels,0.005,1,0.1,0.002507820758688072,0.0018297115300275053
1645,10223,10223,wikimedia-en,check,shuffled_labels,0.01,-1,-0.1,0.0030875316089448565,0.0010980624254230968
1645,10223,10223,wikimedia-en,check,shuffled_labels,0.01,-1,0.1,0.0023012548570657803,0.0013236753879001485
1645,10223,10223,wikimedia-en,check,shuffled_labels,0.01,1,-0.1,0.006467437845391878,0.005361004688421298
1645,10223,10223,wikimedia-en,check,shuffled_labels,0.01,1,0.1,0.006270237184218577,0.005312964823264519
2966,10297,10297,wikimedia-en,check,learned,0.005,-1,-0.1,4.7647939612334465e-05,3.39387865166965e-05
2966,10297,10297,wikimedia-en,check,learned,0.005,-1,0.1,4.871213069580892e-05,3.972225204244362e-05
2966,10297,10297,wikimedia-en,check,learned,0.005,1,-0.1,5.2478090256491105e-05,4.056159964455003e-05
2966,10297,10297,wikimedia-en,check,learned,0.005,1,0.1,5.237400137995141e-05,3.50938929069001e-05
2966,10297,10297,wikimedia-en,check,learned,0.01,-1,-0.1,0.00010013126181340552,7.587693992430652e-05
2966,10297,10297,wikimedia-en,check,learned,0.01,-1,0.1,9.332861704150198e-05,7.469643754749156e-05
2966,10297,10297,wikimedia-en,check,learned,0.01,1,-0.1,0.00010604669720185659,7.223526849928178e-05
2966,10297,10297,wikimedia-en,check,learned,0.01,1,0.1,0.0001099096720158125,7.29346782030209e-05
2966,10297,10297,wikimedia-en,check,random_0,0.005,-1,-0.1,5.96808899549783e-05,3.543238581912964e-05
2966,10297,10297,wikimedia-en,check,random_0,0.005,-1,0.1,5.331201499700045e-05,2.813614547630028e-05
2966,10297,10297,wikimedia-en,check,random_0,0.005,1,-0.1,8.213234565656705e-05,5.881251878399175e-05
2966,10297,10297,wikimedia-en,check,random_0,0.005,1,0.1,8.31735779882069e-05,6.262806714519825e-05
2966,10297,10297,wikimedia-en,check,random_0,0.01,-1,-0.1,9.30944413657133e-05,3.267813239262398e-05
2966,10297,10297,wikimedia-en,check,random_0,0.01,-1,0.1,8.981263001395795e-05,2.5406424230788177e-05
2966,10297,10297,wikimedia-en,check,random_0,0.01,1,-0.1,0.00018697672105137856,0.0001396936056916476
2966,10297,10297,wikimedia-en,check,random_0,0.01,1,0.1,0.00018461235693531563,0.0001394439144303992
2966,10297,10297,wikimedia-en,check,random_1,0.005,-1,-0.1,0.0001676196220639002,0.00012466594063647899
2966,10297,10297,wikimedia-en,check,random_1,0.005,-1,0.1,0.00016938125742663212,0.00012440052072961805
2966,10297,10297,wikimedia-en,check,random_1,0.005,1,-0.1,0.0001495171554356843,0.00012220471030854353
2966,10297,10297,wikimedia-en,check,random_1,0.005,1,0.1,0.00015525645060596792,0.00013085049291055824
2966,10297,10297,wikimedia-en,check,random_1,0.01,-1,-0.1,0.0003553636719491331,0.0002429701697329364
2966,10297,10297,wikimedia-en,check,random_1,0.01,-1,0.1,0.00035124486657529634,0.00023960417688907512
2966,10297,10297,wikimedia-en,check,random_1,0.01,1,-0.1,0.00029101485446393486,0.0002517577523889989
2966,10297,10297,wikimedia-en,check,random_1,0.01,1,0.1,0.0002930015928019027,0.000256840080339352
2966,10297,10297,wikimedia-en,check,random_2,0.005,-1,-0.1,2.508725440591031e-05,1.6216127454956503e-05
2966,10297,10297,wikimedia-en,check,random_2,0.005,-1,0.1,2.4314019744838642e-05,2.042384893074763e-05
2966,10297,10297,wikimedia-en,check,random_2,0.005,1,-0.1,2.5942746179076088e-05,6.4609137733921256e-06
2966,10297,10297,wikimedia-en,check,random_2,0.005,1,0.1,2.603024304190861e-05,1.4247143236822506e-06
2966,10297,10297,wikimedia-en,check,random_2,0.01,-1,-0.1,5.610491210969058e-05,5.0132487064108826e-05
2966,10297,10297,wikimedia-en,check,random_2,0.01,-1,0.1,6.00985094192505e-05,5.640720708173744e-05
2966,10297,10297,wikimedia-en,check,random_2,0.01,1,-0.1,5.9777961518153455e-05,2.523927449026102e-06
2966,10297,10297,wikimedia-en,check,random_2,0.01,1,0.1,5.938298015803085e-05,2.7145125182279856e-06
2966,10297,10297,wikimedia-en,check,approx_spectrum_matched,0.005,-1,-0.1,0.0002548367851372121,0.00025122147100859865
2966,10297,10297,wikimedia-en,check,approx_spectrum_matched,0.005,-1,0.1,0.00026213946586908473,0.0002574920931961611
2966,10297,10297,wikimedia-en,check,approx_spectrum_matched,0.005,1,-0.1,0.00023991354499085078,0.00023919049916148983
2966,10297,10297,wikimedia-en,check,approx_spectrum_matched,0.005,1,0.1,0.00022903477009868431,0.00022830065828795997
2966,10297,10297,wikimedia-en,check,approx_spectrum_matched,0.01,-1,-0.1,0.0005368178427145956,0.0005235461709161297
2966,10297,10297,wikimedia-en,check,approx_spectrum_matched,0.01,-1,0.1,0.0005468313977302374,0.0005344229022783203
2966,10297,10297,wikimedia-en,check,approx_spectrum_matched,0.01,1,-0.1,0.0004328223856973642,0.00043255300420686296
2966,10297,10297,wikimedia-en,check,approx_spectrum_matched,0.01,1,0.1,0.00042975621806787414,0.0004294144900446348
2966,10297,10297,wikimedia-en,check,leading_pc,0.005,-1,-0.1,0.0001581899636457882,0.0001032628132366632
2966,10297,10297,wikimedia-en,check,leading_pc,0.005,-1,0.1,0.00016014063227641901,0.00010220853460102227
2966,10297,10297,wikimedia-en,check,leading_pc,0.005,1,-0.1,0.0001476879457220318,0.00010274290186176982
2966,10297,10297,wikimedia-en,check,leading_pc,0.005,1,0.1,0.00015670830806388753,0.00010333054619133255
2966,10297,10297,wikimedia-en,check,leading_pc,0.01,-1,-0.1,0.00031158489823662576,0.0001916647717742712
2966,10297,10297,wikimedia-en,check,leading_pc,0.01,-1,0.1,0.0003106476063510172,0.00018854798879094727
2966,10297,10297,wikimedia-en,check,leading_pc,0.01,1,-0.1,0.00029364536614658716,0.00019337805655060463
2966,10297,10297,wikimedia-en,check,leading_pc,0.01,1,0.1,0.0002926661622546567,0.0002000281248702049
2966,10297,10297,wikimedia-en,check,shuffled_labels,0.005,-1,-0.1,0.00010454376036476438,9.640590903006357e-05
2966,10297,10297,wikimedia-en,check,shuffled_labels,0.005,-1,0.1,0.00010321734804076339,9.688548005145177e-05
2966,10297,10297,wikimedia-en,check,shuffled_labels,0.005,1,-0.1,0.00011180484137479276,0.00010289874431419382
2966,10297,10297,wikimedia-en,check,shuffled_labels,0.005,1,0.1,0.00010422573922969246,9.53204529534674e-05
2966,10297,10297,wikimedia-en,check,shuffled_labels,0.01,-1,-0.1,0.00020428507474733992,0.00018925641656412256
2966,10297,10297,wikimedia-en,check,shuffled_labels,0.01,-1,0.1,0.00021098899271443803,0.00019764329831117636
2966,10297,10297,wikimedia-en,check,shuffled_labels,0.01,1,-0.1,0.00022017281304579153,0.00020267572857825606
2966,10297,10297,wikimedia-en,check,shuffled_labels,0.01,1,0.1,0.00021957716896432212,0.00019763299562495127
2966,10978,10978,wikimedia-en,fit,learned,0.005,-1,-0.1,0.00033547790071909505,0.00017521060068269195
2966,10978,10978,wikimedia-en,fit,learned,0.005,-1,0.1,0.0003281554382900248,0.00016331621041899754
2966,10978,10978,wikimedia-en,fit,learned,0.005,1,-0.1,0.00036753598542295715,0.0001918727062488337
2966,10978,10978,wikimedia-en,fit,learned,0.005,1,0.1,0.0003841224465619361,0.00019206100938249211
2966,10978,10978,wikimedia-en,fit,learned,0.01,-1,-0.1,0.0006252504395078641,0.00032625460996139465
2966,10978,10978,wikimedia-en,fit,learned,0.01,-1,0.1,0.0006233631456322098,0.00032088124800635945
2966,10978,10978,wikimedia-en,fit,learned,0.01,1,-0.1,0.0007990544524700053,0.0004188136859665419
2966,10978,10978,wikimedia-en,fit,learned,0.01,1,0.1,0.0008003236908816939,0.0004173429163452674
2966,10978,10978,wikimedia-en,fit,random_0,0.005,-1,-0.1,0.00021113065699536568,0.00020459386956216222
2966,10978,10978,wikimedia-en,fit,random_0,0.005,-1,0.1,0.00020808684066203547,0.00020218369200444914
2966,10978,10978,wikimedia-en,fit,random_0,0.005,1,-0.1,0.00018119310070915826,0.00016325335796038635
2966,10978,10978,wikimedia-en,fit,random_0,0.005,1,0.1,0.0001883669737514176,0.0001677342546581965
2966,10978,10978,wikimedia-en,fit,random_0,0.01,-1,-0.1,0.00042350012419079816,0.00041859564016090347
2966,10978,10978,wikimedia-en,fit,random_0,0.01,-1,0.1,0.00043487757966726587,0.0004276682587657564
2966,10978,10978,wikimedia-en,fit,random_0,0.01,1,-0.1,0.0003602024231884353,0.00030318615440700074
2966,10978,10978,wikimedia-en,fit,random_0,0.01,1,0.1,0.00035997889536555725,0.0003037944653217628
2966,10978,10978,wikimedia-en,fit,random_1,0.005,-1,-0.1,0.00018743521904936828,6.687528721715563e-05
2966,10978,10978,wikimedia-en,fit,random_1,0.005,-1,0.1,0.00019157225844558288,6.703143361702816e-05
2966,10978,10978,wikimedia-en,fit,random_1,0.005,1,-0.1,0.00016837686552393627,3.819785420224103e-05
2966,10978,10978,wikimedia-en,fit,random_1,0.005,1,0.1,0.0001663334867906414,3.394043839077764e-05
2966,10978,10978,wikimedia-en,fit,random_1,0.01,-1,-0.1,0.00041187801500953584,0.00017478971449719203
2966,10978,10978,wikimedia-en,fit,random_1,0.01,-1,0.1,0.00040052504725362207,0.0001728935153632302
2966,10978,10978,wikimedia-en,fit,random_1,0.01,1,-0.1,0.0003262068057343878,5.4228630490132965e-05
2966,10978,10978,wikimedia-en,fit,random_1,0.01,1,0.1,0.0003204700473038016,3.892326229290084e-05
2966,10978,10978,wikimedia-en,fit,random_2,0.005,-1,-0.1,0.00035808533972986984,4.735881912420555e-06
2966,10978,10978,wikimedia-en,fit,random_2,0.005,-1,0.1,0.00036104981112086465,4.1547532369176703e-07
2966,10978,10978,wikimedia-en,fit,random_2,0.005,1,-0.1,0.0004119619167417423,3.559924693699786e-05
2966,10978,10978,wikimedia-en,fit,random_2,0.005,1,0.1,0.00041125926398708954,4.193905836738898e-05
2966,10978,10978,wikimedia-en,fit,random_2,0.01,-1,-0.1,0.0006694827663846285,4.943192687460547e-05
2966,10978,10978,wikimedia-en,fit,random_2,0.01,-1,0.1,0.000672710938847631,3.6523782404524045e-05
2966,10978,10978,wikimedia-en,fit,random_2,0.01,1,-0.1,0.0008604050528260521,0.00011560107411868957
2966,10978,10978,wikimedia-en,fit,random_2,0.01,1,0.1,0.0008620271588833196,0.0001322040661051134
2966,10978,10978,wikimedia-en,fit,approx_spectrum_matched,0.005,-1,-0.1,9.569588367402024e-05,7.494359024280449e-05
2966,10978,10978,wikimedia-en,fit,approx_spectrum_matched,0.005,-1,0.1,9.363508383662092e-05,7.045770294089862e-05
2966,10978,10978,wikimedia-en,fit,approx_spectrum_matched,0.005,1,-0.1,0.00012410963809965088,7.586412671932776e-05
2966,10978,10978,wikimedia-en,fit,approx_spectrum_matched,0.005,1,0.1,0.00012689603498490287,8.747582078724936e-05
2966,10978,10978,wikimedia-en,fit,approx_spectrum_matched,0.01,-1,-0.1,0.0001593977540266127,0.00013859319843568423
2966,10978,10978,wikimedia-en,fit,approx_spectrum_matched,0.01,-1,0.1,0.00015638514165570218,0.00013688797817275285
2966,10978,10978,wikimedia-en,fit,approx_spectrum_matched,0.01,1,-0.1,0.00027456050035729675,0.0001689757678972012
2966,10978,10978,wikimedia-en,fit,approx_spectrum_matched,0.01,1,0.1,0.0002779498478995799,0.0001743141044670752
2966,10978,10978,wikimedia-en,fit,leading_pc,0.005,-1,-0.1,0.00040023542113181847,0.00039525257461698183
2966,10978,10978,wikimedia-en,fit,leading_pc,0.005,-1,0.1,0.0004130642995313237,0.00040819397085552336
2966,10978,10978,wikimedia-en,fit,leading_pc,0.005,1,-0.1,0.00031452462337922194,0.0003118675401999674
2966,10978,10978,wikimedia-en,fit,leading_pc,0.005,1,0.1,0.0003242184119409499,0.00032102585342730144
2966,10978,10978,wikimedia-en,fit,leading_pc,0.01,-1,-0.1,0.0008898399756756992,0.0008795882649065501
2966,10978,10978,wikimedia-en,fit,leading_pc,0.01,-1,0.1,0.0008910982983126483,0.0008794168064125675
2966,10978,10978,wikimedia-en,fit,leading_pc,0.01,1,-0.1,0.0005617174106368549,0.0005569099710878426
2966,10978,10978,wikimedia-en,fit,leading_pc,0.01,1,0.1,0.0005752205837576574,0.0005699646918909525
2966,10978,10978,wikimedia-en,fit,shuffled_labels,0.005,-1,-0.1,0.00020855834702137983,0.00019707296186447572
2966,10978,10978,wikimedia-en,fit,shuffled_labels,0.005,-1,0.1,0.00020586999077723412,0.00019190988610714698
2966,10978,10978,wikimedia-en,fit,shuffled_labels,0.005,1,-0.1,0.0002404261939984535,0.000216763380028311
2966,10978,10978,wikimedia-en,fit,shuffled_labels,0.005,1,0.1,0.0002403807955884568,0.0002140771089319033
2966,10978,10978,wikimedia-en,fit,shuffled_labels,0.01,-1,-0.1,0.00038396140779157264,0.0003730465708126441
2966,10978,10978,wikimedia-en,fit,shuffled_labels,0.01,-1,0.1,0.00039098902407548814,0.00037617857318378463
2966,10978,10978,wikimedia-en,fit,shuffled_labels,0.01,1,-0.1,0.0005003446643324089,0.00044346289758468463
2966,10978,10978,wikimedia-en,fit,shuffled_labels,0.01,1,0.1,0.0005126698024965482,0.00045188026893695635
2966,11147,11147,wikimedia-en,fit,learned,0.005,-1,-0.1,0.0004404883744896208,0.00023848669619050972
2966,11147,11147,wikimedia-en,fit,learned,0.005,-1,0.1,0.0004258356057614114,0.00023597795943439232
2966,11147,11147,wikimedia-en,fit,learned,0.005,1,-0.1,0.0005424001190646036,0.000273417399303988
2966,11147,11147,wikimedia-en,fit,learned,0.005,1,0.1,0.000545298473472388,0.0002809951452446413
2966,11147,11147,wikimedia-en,fit,learned,0.01,-1,-0.1,0.0007849221950557128,0.0004438105641142294
2966,11147,11147,wikimedia-en,fit,learned,0.01,-1,0.1,0.0007539259928246254,0.0004418606596467873
2966,11147,11147,wikimedia-en,fit,learned,0.01,1,-0.1,0.0012296205632612283,0.0005829282777740493
2966,11147,11147,wikimedia-en,fit,learned,0.01,1,0.1,0.0012227179618397132,0.0005971030999395428
2966,11147,11147,wikimedia-en,fit,random_0,0.005,-1,-0.1,0.0003036359593290877,0.00015674714372969053
2966,11147,11147,wikimedia-en,fit,random_0,0.005,-1,0.1,0.00030153343547592706,0.00015264099553606542
2966,11147,11147,wikimedia-en,fit,random_0,0.005,1,-0.1,0.0003280487167895673,0.0001513164294742521
2966,11147,11147,wikimedia-en,fit,random_0,0.005,1,0.1,0.00035375661475066383,0.0001447313068054446
2966,11147,11147,wikimedia-en,fit,random_0,0.01,-1,-0.1,0.0005666470850614308,0.0003292496184428476
2966,11147,11147,wikimedia-en,fit,random_0,0.01,-1,0.1,0.0005586684055078773,0.00033078693178298455
2966,11147,11147,wikimedia-en,fit,random_0,0.01,1,-0.1,0.0006973121892504374,0.00030536623625974685
2966,11147,11147,wikimedia-en,fit,random_0,0.01,1,0.1,0.0007127471483567394,0.0002774220786653087
2966,11147,11147,wikimedia-en,fit,random_1,0.005,-1,-0.1,0.000542284407753396,0.0005408255416183747
2966,11147,11147,wikimedia-en,fit,random_1,0.005,-1,0.1,0.0005604086391579677,0.0005575277010482046
2966,11147,11147,wikimedia-en,fit,random_1,0.005,1,-0.1,0.0005928995986257974,0.0005817313582158306
2966,11147,11147,wikimedia-en,fit,random_1,0.005,1,0.1,0.0005898545032731469,0.0005805677349738188
2966,11147,11147,wikimedia-en,fit,random_1,0.01,-1,-0.1,0.0010068882638513959,0.0010068711153386966
2966,11147,11147,wikimedia-en,fit,random_1,0.01,-1,0.1,0.0010287918330532772,0.001028712136333789
2966,11147,11147,wikimedia-en,fit,random_1,0.01,1,-0.1,0.0011946387762092545,0.001169403686410016
2966,11147,11147,wikimedia-en,fit,random_1,0.01,1,0.1,0.0011920506469869387,0.001170152085226158
2966,11147,11147,wikimedia-en,fit,random_2,0.005,-1,-0.1,0.00017243119981411208,0.00013217520084986465
2966,11147,11147,wikimedia-en,fit,random_2,0.005,-1,0.1,0.00015858617489270763,0.00012529182323148084
2966,11147,11147,wikimedia-en,fit,random_2,0.005,1,-0.1,0.0001303223083777588,0.00012849718654972704
2966,11147,11147,wikimedia-en,fit,random_2,0.005,1,0.1,0.00013959606317465477,0.00013368459211399406
2966,11147,11147,wikimedia-en,fit,random_2,0.01,-1,-0.1,0.00035094437383250126,0.0002530602825071458
2966,11147,11147,wikimedia-en,fit,random_2,0.01,-1,0.1,0.000339013781950845,0.0002424429883380556
2966,11147,11147,wikimedia-en,fit,random_2,0.01,1,-0.1,0.0002482215662372681,0.00023951100135919165
2966,11147,11147,wikimedia-en,fit,random_2,0.01,1,0.1,0.000250838554327337,0.0002491941303586675
2966,11147,11147,wikimedia-en,fit,approx_spectrum_matched,0.005,-1,-0.1,0.0005539126054816541,0.000542519438869547
2966,11147,11147,wikimedia-en,fit,approx_spectrum_matched,0.005,-1,0.1,0.0005540053676750568,0.0005399120124167609
2966,11147,11147,wikimedia-en,fit,approx_spectrum_matched,0.005,1,-0.1,0.0005225969924539212,0.0004969131996646946
2966,11147,11147,wikimedia-en,fit,approx_spectrum_matched,0.005,1,0.1,0.0005276071177925063,0.0005052694221223726
2966,11147,11147,wikimedia-en,fit,approx_spectrum_matched,0.01,-1,-0.1,0.0011103836926868844,0.0010844849942034359
2966,11147,11147,wikimedia-en,fit,approx_spectrum_matched,0.01,-1,0.1,0.0011140149885908548,0.0010838997273258193
2966,11147,11147,wikimedia-en,fit,approx_spectrum_matched,0.01,1,-0.1,0.0009788523822296974,0.0009025740868297922
2966,11147,11147,wikimedia-en,fit,approx_spectrum_matched,0.01,1,0.1,0.000983373260844615,0.000909459519713074
2966,11147,11147,wikimedia-en,fit,leading_pc,0.005,-1,-0.1,0.0005983339284748743,0.0005914641541797324
2966,11147,11147,wikimedia-en,fit,leading_pc,0.005,-1,0.1,0.0005906865406537766,0.0005857611108737038
2966,11147,11147,wikimedia-en,fit,leading_pc,0.005,1,-0.1,0.0004555242617884044,0.00045492617205585245
2966,11147,11147,wikimedia-en,fit,leading_pc,0.005,1,0.1,0.00046537156915262153,0.000464588329929329
2966,11147,11147,wikimedia-en,fit,leading_pc,0.01,-1,-0.1,0.0012839471603154572,0.0012582849221302568
2966,11147,11147,wikimedia-en,fit,leading_pc,0.01,-1,0.1,0.0013112228542953375,0.0012882465074929197
2966,11147,11147,wikimedia-en,fit,leading_pc,0.01,1,-0.1,0.000758276038432473,0.000758038936944499
2966,11147,11147,wikimedia-en,fit,leading_pc,0.01,1,0.1,0.0007974560823347205,0.000796445014696373
2966,11147,11147,wikimedia-en,fit,shuffled_labels,0.005,-1,-0.1,0.00017514729278460042,0.00012763032087919436
2966,11147,11147,wikimedia-en,fit,shuffled_labels,0.005,-1,0.1,0.0001774148246698481,0.00012268403606579477
2966,11147,11147,wikimedia-en,fit,shuffled_labels,0.005,1,-0.1,0.00015608315878199382,0.0001345424839063737
2966,11147,11147,wikimedia-en,fit,shuffled_labels,0.005,1,0.1,0.00013762349786435903,0.00012523738422092859
2966,11147,11147,wikimedia-en,fit,shuffled_labels,0.01,-1,-0.1,0.00037527902296136426,0.00023628823380069042
2966,11147,11147,wikimedia-en,fit,shuffled_labels,0.01,-1,0.1,0.0003716271928481811,0.00023532116774721012
2966,11147,11147,wikimedia-en,fit,shuffled_labels,0.01,1,-0.1,0.0002854355354182809,0.0002714863943748799
2966,11147,11147,wikimedia-en,fit,shuffled_labels,0.01,1,0.1,0.00027378426696218213,0.0002651671350600439
28027,11294,11294,wikimedia-en,fit,learned,0.005,-1,-0.1,0.0021695594467524663,0.001999186910887212
28027,11294,11294,wikimedia-en,fit,learned,0.005,-1,0.1,0.002144844333551413,0.0020024525233317495
28027,11294,11294,wikimedia-en,fit,learned,0.005,1,-0.1,0.001966905188695118,0.0019156020365167811
28027,11294,11294,wikimedia-en,fit,learned,0.005,1,0.1,0.0018665423744730295,0.0018238146221055246
28027,11294,11294,wikimedia-en,fit,learned,0.01,-1,-0.1,0.004434407881796694,0.0038783567263482423
28027,11294,11294,wikimedia-en,fit,learned,0.01,-1,0.1,0.004434720749999458,0.003972359874922324
28027,11294,11294,wikimedia-en,fit,learned,0.01,1,-0.1,0.0036294981437093553,0.0035842823313106636
28027,11294,11294,wikimedia-en,fit,learned,0.01,1,0.1,0.0034301147986337396,0.003396521832761439
28027,11294,11294,wikimedia-en,fit,random_0,0.005,-1,-0.1,0.0016741072869903922,0.0015094936552378767
28027,11294,11294,wikimedia-en,fit,random_0,0.005,-1,0.1,0.0015819284549781105,0.0013613182648630426
28027,11294,11294,wikimedia-en,fit,random_0,0.005,1,-0.1,0.0015123639012298105,0.0013732143546538477
28027,11294,11294,wikimedia-en,fit,random_0,0.005,1,0.1,0.0014294668993255631,0.0012546269178015585
28027,11294,11294,wikimedia-en,fit,random_0,0.01,-1,-0.1,0.00346916371990383,0.0031204884682433025
28027,11294,11294,wikimedia-en,fit,random_0,0.01,-1,0.1,0.0032947914609563673,0.0028393421068588164
28027,11294,11294,wikimedia-en,fit,random_0,0.01,1,-0.1,0.0028483876725403975,0.0026034436340707416
28027,11294,11294,wikimedia-en,fit,random_0,0.01,1,0.1,0.002676062173874331,0.0023646911891696057
28027,11294,11294,wikimedia-en,fit,random_1,0.005,-1,-0.1,0.00021499222686524605,2.751911499420559e-05
28027,11294,11294,wikimedia-en,fit,random_1,0.005,-1,0.1,0.0003216187983032688,5.4153532052893504e-05
28027,11294,11294,wikimedia-en,fit,random_1,0.005,1,-0.1,0.00017757046999928127,1.1458460770598218e-05
28027,11294,11294,wikimedia-en,fit,random_1,0.005,1,0.1,0.0003080604237101809,1.2001027750862342e-05
28027,11294,11294,wikimedia-en,fit,random_1,0.01,-1,-0.1,0.0004815262077651559,9.599544751461798e-05
28027,11294,11294,wikimedia-en,fit,random_1,0.01,-1,0.1,0.0007085498531282467,0.00012206289611681092
28027,11294,11294,wikimedia-en,fit,random_1,0.01,1,-0.1,0.00034143172123884784,8.963391385970441e-05
28027,11294,11294,wikimedia-en,fit,random_1,0.01,1,0.1,0.0005859886351390698,6.45226410652701e-05
28027,11294,11294,wikimedia-en,fit,random_2,0.005,-1,-0.1,0.0020892704293450164,0.0009311736795880801
28027,11294,11294,wikimedia-en,fit,random_2,0.005,-1,0.1,0.00199305611553598,0.0010017338322988979
28027,11294,11294,wikimedia-en,fit,random_2,0.005,1,-0.1,0.0016875302060606404,0.000552104455816141
28027,11294,11294,wikimedia-en,fit,random_2,0.005,1,0.1,0.0015709427496150641,0.0005755926916195135
28027,11294,11294,wikimedia-en,fit,random_2,0.01,-1,-0.1,0.004579935787945024,0.0022403026153723048
28027,11294,11294,wikimedia-en,fit,random_2,0.01,-1,0.1,0.004394564570525792,0.002389412575157632
28027,11294,11294,wikimedia-en,fit,random_2,0.01,1,-0.1,0.0029909720502357823,0.0007195195475887345
28027,11294,11294,wikimedia-en,fit,random_2,0.01,1,0.1,0.0027764604643220536,0.0007740046740218584
28027,11294,11294,wikimedia-en,fit,approx_spectrum_matched,0.005,-1,-0.1,0.0013125088081976113,0.0007717211664067519
28027,11294,11294,wikimedia-en,fit,approx_spectrum_matched,0.005,-1,0.1,0.0012118732649855223,0.0006484079534173819
28027,11294,11294,wikimedia-en,fit,approx_spectrum_matched,0.005,1,-0.1,0.001320548404320627,0.000871666656238751
28027,11294,11294,wikimedia-en,fit,approx_spectrum_matched,0.005,1,0.1,0.001224735424874037,0.0007775446081560299
28027,11294,11294,wikimedia-en,fit,approx_spectrum_matched,0.01,-1,-0.1,0.0025864730519711355,0.0014283518239723255
28027,11294,11294,wikimedia-en,fit,approx_spectrum_matched,0.01,-1,0.1,0.0023711408415468863,0.0011811578990918578
28027,11294,11294,wikimedia-en,fit,approx_spectrum_matched,0.01,1,-0.1,0.0026213715863680157,0.0018203604421637668
28027,11294,11294,wikimedia-en,fit,approx_spectrum_matched,0.01,1,0.1,0.002440785956931872,0.0016338997975490583
28027,11294,11294,wikimedia-en,fit,leading_pc,0.005,-1,-0.1,0.0006023697184746442,7.755882817065569e-05
28027,11294,11294,wikimedia-en,fit,leading_pc,0.005,-1,0.1,0.0006542233614403723,5.3259050121538104e-05
28027,11294,11294,wikimedia-en,fit,leading_pc,0.005,1,-0.1,0.0002853323590088949,0.00013298770024924348
28027,11294,11294,wikimedia-en,fit,leading_pc,0.005,1,0.1,0.00035517327039669296,9.680893199527388e-05
28027,11294,11294,wikimedia-en,fit,leading_pc,0.01,-1,-0.1,0.0016322158213897475,9.551946447720742e-05
28027,11294,11294,wikimedia-en,fit,leading_pc,0.01,-1,0.1,0.001759608714052854,2.839491607682745e-05
28027,11294,11294,wikimedia-en,fit,leading_pc,0.01,1,-0.1,0.0004238103339448365,0.0003315606987072986
28027,11294,11294,wikimedia-en,fit,leading_pc,0.01,1,0.1,0.0005078707487371196,0.0002748477168324916
28027,11294,11294,wikimedia-en,fit,shuffled_labels,0.005,-1,-0.1,0.0007272434203979304,0.0004088916909319699
28027,11294,11294,wikimedia-en,fit,shuffled_labels,0.005,-1,0.1,0.0008037546827239021,0.0004069038921274608
28027,11294,11294,wikimedia-en,fit,shuffled_labels,0.005,1,-0.1,0.0007571358780966281,0.0004781755926444871
28027,11294,11294,wikimedia-en,fit,shuffled_labels,0.005,1,0.1,0.0008491730805105312,0.000511065202413695
28027,11294,11294,wikimedia-en,fit,shuffled_labels,0.01,-1,-0.1,0.0014175643735556006,0.0007312133055424177
28027,11294,11294,wikimedia-en,fit,shuffled_labels,0.01,-1,0.1,0.0015577186929813295,0.0007139695559494597
28027,11294,11294,wikimedia-en,fit,shuffled_labels,0.01,1,-0.1,0.001498258849463686,0.0010119005100187996
28027,11294,11294,wikimedia-en,fit,shuffled_labels,0.01,1,0.1,0.0016938676779873452,0.0010920464043705175
1645,11372,11372,wikimedia-en,check,learned,0.005,-1,-0.1,0.0024612796022999792,0.000178542546440429
1645,11372,11372,wikimedia-en,check,learned,0.005,-1,0.1,0.0026172250719240357,0.0001551110383387331
1645,11372,11372,wikimedia-en,check,learned,0.005,1,-0.1,0.003994970460709962,0.0007670421049596543
1645,11372,11372,wikimedia-en,check,learned,0.005,1,0.1,0.004273608498760271,0.0007780322479357675
1645,11372,11372,wikimedia-en,check,learned,0.01,-1,-0.1,0.0041762762979518885,0.0008812952189635284
1645,11372,11372,wikimedia-en,check,learned,0.01,-1,0.1,0.004357707956993339,0.0008242537814457332
1645,11372,11372,wikimedia-en,check,learned,0.01,1,-0.1,0.010342737354013707,0.0030459354756912863
1645,11372,11372,wikimedia-en,check,learned,0.01,1,0.1,0.011081226262715807,0.003080203027641207
1645,11372,11372,wikimedia-en,check,random_0,0.005,-1,-0.1,0.0010124635220200527,0.0004497015582653369
1645,11372,11372,wikimedia-en,check,random_0,0.005,-1,0.1,0.0009902586456228047,0.00042216720313065367
1645,11372,11372,wikimedia-en,check,random_0,0.005,1,-0.1,0.0008534960563052487,0.0004087967710304073
1645,11372,11372,wikimedia-en,check,random_0,0.005,1,0.1,0.0008435257752103249,0.00039264293763849334
1645,11372,11372,wikimedia-en,check,random_0,0.01,-1,-0.1,0.0021861464739899358,0.0009241679267480027
1645,11372,11372,wikimedia-en,check,random_0,0.01,-1,0.1,0.0021701579395259356,0.0008872620461184847
1645,11372,11372,wikimedia-en,check,random_0,0.01,1,-0.1,0.001558267154197736,0.0007963666347103029
1645,11372,11372,wikimedia-en,check,random_0,0.01,1,0.1,0.0015348997974740529,0.0007391272609019539
1645,11372,11372,wikimedia-en,check,random_1,0.005,-1,-0.1,0.0010689016463560064,0.0001832945305572078
1645,11372,11372,wikimedia-en,check,random_1,0.005,-1,0.1,0.0010672155970391176,0.000148398105215735
1645,11372,11372,wikimedia-en,check,random_1,0.005,1,-0.1,0.0012122044657707956,0.00014381712048443907
1645,11372,11372,wikimedia-en,check,random_1,0.005,1,0.1,0.0011927444584730541,0.00011629995127476589
1645,11372,11372,wikimedia-en,check,random_1,0.01,-1,-0.1,0.0020138129405551483,0.0003704883714327974
1645,11372,11372,wikimedia-en,check,random_1,0.01,-1,0.1,0.00202560346229811,0.0003327443058801745
1645,11372,11372,wikimedia-en,check,random_1,0.01,1,-0.1,0.002566464455373539,0.00024249815433171793
1645,11372,11372,wikimedia-en,check,random_1,0.01,1,0.1,0.002552373236840615,0.00017025379338156437
1645,11372,11372,wikimedia-en,check,random_2,0.005,-1,-0.1,0.0003919952381508141,6.176786534450773e-05
1645,11372,11372,wikimedia-en,check,random_2,0.005,-1,0.1,0.0004531370744202491,6.816489812251354e-05
1645,11372,11372,wikimedia-en,check,random_2,0.005,1,-0.1,0.00019913304345913982,0.0001501234090188855
1645,11372,11372,wikimedia-en,check,random_2,0.005,1,0.1,0.0002544653456978,0.00014836988564176574
1645,11372,11372,wikimedia-en,check,random_2,0.01,-1,-0.1,0.0010259511601329947,5.501097103212144e-05
1645,11372,11372,wikimedia-en,check,random_2,0.01,-1,0.1,0.0011639219230717489,6.97920331153193e-05
1645,11372,11372,wikimedia-en,check,random_2,0.01,1,-0.1,0.00040254659546465034,0.00040242787286761647
1645,11372,11372,wikimedia-en,check,random_2,0.01,1,0.1,0.0004525006253552516,0.0004170380626072407
1645,11372,11372,wikimedia-en,check,approx_spectrum_matched,0.005,-1,-0.1,0.00044967362100688875,0.0003923635790513986
1645,11372,11372,wikimedia-en,check,approx_spectrum_matched,0.005,-1,0.1,0.00042343569229283813,0.0003777253151253365
1645,11372,11372,wikimedia-en,check,approx_spectrum_matched,0.005,1,-0.1,0.00043208426160129017,0.0003996028428212495
1645,11372,11372,wikimedia-en,check,approx_spectrum_matched,0.005,1,0.1,0.0004264945206125549,0.0004027153764197938
1645,11372,11372,wikimedia-en,check,approx_spectrum_matched,0.01,-1,-0.1,0.000878929372365769,0.0007364448101787298
1645,11372,11372,wikimedia-en,check,approx_spectrum_matched,0.01,-1,0.1,0.000852457486098949,0.0007323777902269574
1645,11372,11372,wikimedia-en,check,approx_spectrum_matched,0.01,1,-0.1,0.0008541365145616327,0.0008162432032931407
1645,11372,11372,wikimedia-en,check,approx_spectrum_matched,0.01,1,0.1,0.0008307446583358302,0.0008012139654190612
1645,11372,11372,wikimedia-en,check,leading_pc,0.005,-1,-0.1,0.001498933643908,0.0013156068411254139
1645,11372,11372,wikimedia-en,check,leading_pc,0.005,-1,0.1,0.0017378285582369012,0.0014819346927816735
1645,11372,11372,wikimedia-en,check,leading_pc,0.005,1,-0.1,0.0009382756216635549,0.0008122701431153116
1645,11372,11372,wikimedia-en,check,leading_pc,0.005,1,0.1,0.0011103258691491228,0.000937053761803222
1645,11372,11372,wikimedia-en,check,leading_pc,0.01,-1,-0.1,0.0036759934140923314,0.003189506338435572
1645,11372,11372,wikimedia-en,check,leading_pc,0.01,-1,0.1,0.00422511847476204,0.0035249026757851964
1645,11372,11372,wikimedia-en,check,leading_pc,0.01,1,-0.1,0.0014226987799938486,0.0011804365029001516
1645,11372,11372,wikimedia-en,check,leading_pc,0.01,1,0.1,0.0017506919113611313,0.0014340297133628975
1645,11372,11372,wikimedia-en,check,shuffled_labels,0.005,-1,-0.1,0.0014140853347440363,0.0006283162485364716
1645,11372,11372,wikimedia-en,check,shuffled_labels,0.005,-1,0.1,0.0015413349386558587,0.0006095092693389185
1645,11372,11372,wikimedia-en,check,shuffled_labels,0.005,1,-0.1,0.001200242414970724,0.0005028868315152329
1645,11372,11372,wikimedia-en,check,shuffled_labels,0.005,1,0.1,0.0013273517747488285,0.0004835517865239817
1645,11372,11372,wikimedia-en,check,shuffled_labels,0.01,-1,-0.1,0.003046971568799922,0.0013709383551000472
1645,11372,11372,wikimedia-en,check,shuffled_labels,0.01,-1,0.1,0.003290884798605622,0.0013019088909393072
1645,11372,11372,wikimedia-en,check,shuffled_labels,0.01,1,-0.1,0.0021899223062877156,0.0008672172044005876
1645,11372,11372,wikimedia-en,check,shuffled_labels,0.01,1,0.1,0.002424129998312199,0.0008215178078341136
2966,11437,11437,wikimedia-en,check,learned,0.005,-1,-0.1,6.205481904982544e-05,6.160641304790017e-05
2966,11437,11437,wikimedia-en,check,learned,0.005,-1,0.1,6.123227831837467e-05,6.093538439427368e-05
2966,11437,11437,wikimedia-en,check,learned,0.005,1,-0.1,5.793522414639467e-05,4.0641765254198306e-05
2966,11437,11437,wikimedia-en,check,learned,0.005,1,0.1,6.078317902411059e-05,5.2060379302915844e-05
2966,11437,11437,wikimedia-en,check,learned,0.01,-1,-0.1,0.00017003307017646093,0.0001685647087584279
2966,11437,11437,wikimedia-en,check,learned,0.01,-1,0.1,0.00014982099065136324,0.00014845369061031093
2966,11437,11437,wikimedia-en,check,learned,0.01,1,-0.1,0.00011979626151491739,5.557682393773974e-05
2966,11437,11437,wikimedia-en,check,learned,0.01,1,0.1,0.00011859545023131135,5.366938319082867e-05
2966,11437,11437,wikimedia-en,check,random_0,0.005,-1,-0.1,0.0003222181009025809,0.00028147868094373607
2966,11437,11437,wikimedia-en,check,random_0,0.005,-1,0.1,0.0003247551617946827,0.00029281733292314057
2966,11437,11437,wikimedia-en,check,random_0,0.005,1,-0.1,0.00035919387003745105,0.0003166249877503333
2966,11437,11437,wikimedia-en,check,random_0,0.005,1,0.1,0.00034640570428691935,0.00030419197916468476
2966,11437,11437,wikimedia-en,check,random_0,0.01,-1,-0.1,0.0006059825511545132,0.0005275456485404739
2966,11437,11437,wikimedia-en,check,random_0,0.01,-1,0.1,0.0006186055703182281,0.0005393991175138489
2966,11437,11437,wikimedia-en,check,random_0,0.01,1,-0.1,0.0007621231778798112,0.0006772899474618428
2966,11437,11437,wikimedia-en,check,random_0,0.01,1,0.1,0.0007686746622193765,0.0006884155717313132
2966,11437,11437,wikimedia-en,check,random_1,0.005,-1,-0.1,0.00014354699347963687,7.095358391308421e-05
2966,11437,11437,wikimedia-en,check,random_1,0.005,-1,0.1,0.00015347713398057873,6.913361474046055e-05
2966,11437,11437,wikimedia-en,check,random_1,0.005,1,-0.1,0.00016612899836866213,6.622579845298282e-05
2966,11437,11437,wikimedia-en,check,random_1,0.005,1,0.1,0.00016742621121958003,7.676564764149665e-05
2966,11437,11437,wikimedia-en,check,random_1,0.01,-1,-0.1,0.0002856258557910725,0.00015580829829810433
2966,11437,11437,wikimedia-en,check,random_1,0.01,-1,0.1,0.00028697912638777945,0.00016733266184533043
2966,11437,11437,wikimedia-en,check,random_1,0.01,1,-0.1,0.00034472523439451393,0.00010759905190763177
2966,11437,11437,wikimedia-en,check,random_1,0.01,1,0.1,0.0003556556361241176,0.00011838901138852803
2966,11437,11437,wikimedia-en,check,random_2,0.005,-1,-0.1,0.00020576006838355507,0.00020563691035034804
2966,11437,11437,wikimedia-en,check,random_2,0.005,-1,0.1,0.00017597875431154652,0.00017582643375402838
2966,11437,11437,wikimedia-en,check,random_2,0.005,1,-0.1,0.00019739964127737106,0.00019705316905414008
2966,11437,11437,wikimedia-en,check,random_2,0.005,1,0.1,0.00019477849467986944,0.00019471860018674734
2966,11437,11437,wikimedia-en,check,random_2,0.01,-1,-0.1,0.0004194142655271549,0.0004192234409633108
2966,11437,11437,wikimedia-en,check,random_2,0.01,-1,0.1,0.0004211379241858979,0.000420727258188667
2966,11437,11437,wikimedia-en,check,random_2,0.01,1,-0.1,0.00035331831563084935,0.0003533175962670278
2966,11437,11437,wikimedia-en,check,random_2,0.01,1,0.1,0.00035600325007748593,0.0003559983702031078
2966,11437,11437,wikimedia-en,check,approx_spectrum_matched,0.005,-1,-0.1,0.000161338752666841,0.00012860582527431577
2966,11437,11437,wikimedia-en,check,approx_spectrum_matched,0.005,-1,0.1,0.0001460865947891926,0.00010567887224296743
2966,11437,11437,wikimedia-en,check,approx_spectrum_matched,0.005,1,-0.1,0.00015576526420505905,0.00013171007880718563
2966,11437,11437,wikimedia-en,check,approx_spectrum_matched,0.005,1,0.1,0.0001405764142870262,0.00011009239579633561
2966,11437,11437,wikimedia-en,check,approx_spectrum_matched,0.01,-1,-0.1,0.00027538739206313644,0.00018964701497483703
2966,11437,11437,wikimedia-en,check,approx_spectrum_matched,0.01,-1,0.1,0.00027150506500993077,0.00017928079761496388
2966,11437,11437,wikimedia-en,check,approx_spectrum_matched,0.01,1,-0.1,0.0003252385978504905,0.00028381032369300584
2966,11437,11437,wikimedia-en,check,approx_spectrum_matched,0.01,1,0.1,0.0003059087831399599,0.0002626840926887493
2966,11437,11437,wikimedia-en,check,leading_pc,0.005,-1,-0.1,0.000213263519911949,0.00012135660052733211
2966,11437,11437,wikimedia-en,check,leading_pc,0.005,-1,0.1,0.0002223186453564973,0.00014704435089811567
2966,11437,11437,wikimedia-en,check,leading_pc,0.005,1,-0.1,0.00017246548089532956,0.00011906453729993093
2966,11437,11437,wikimedia-en,check,leading_pc,0.005,1,0.1,0.000157861188480824,9.92085954762367e-05
2966,11437,11437,wikimedia-en,check,leading_pc,0.01,-1,-0.1,0.00047520381614300593,0.0002465095175722452
2966,11437,11437,wikimedia-en,check,leading_pc,0.01,-1,0.1,0.00047942532046235485,0.0002632811560934309
2966,11437,11437,wikimedia-en,check,leading_pc,0.01,1,-0.1,0.0003199495607290328,0.00022386007831843945
2966,11437,11437,wikimedia-en,check,leading_pc,0.01,1,0.1,0.0003078496293449419,0.00022986481949105296
2966,11437,11437,wikimedia-en,check,shuffled_labels,0.005,-1,-0.1,0.00029077215558958696,0.00015956179486512547
2966,11437,11437,wikimedia-en,check,shuffled_labels,0.005,-1,0.1,0.0002862437216569498,0.0001488285576888174
2966,11437,11437,wikimedia-en,check,shuffled_labels,0.005,1,-0.1,0.00025912622834473395,0.00012895093092990268
2966,11437,11437,wikimedia-en,check,shuffled_labels,0.005,1,0.1,0.0002768490423591151,0.0001484111341686071
2966,11437,11437,wikimedia-en,check,shuffled_labels,0.01,-1,-0.1,0.0005894683244752836,0.0003510774570517456
2966,11437,11437,wikimedia-en,check,shuffled_labels,0.01,-1,0.1,0.0005930246046219505,0.00033908814561433757
2966,11437,11437,wikimedia-en,check,shuffled_labels,0.01,1,-0.1,0.0005200984223670123,0.0002581009167651069
2966,11437,11437,wikimedia-en,check,shuffled_labels,0.01,1,0.1,0.0005240180032527107,0.0002535639732962643
2966,11490,11490,wikimedia-en,check,learned,0.005,-1,-0.1,0.0002271767524464262,0.0001790201156131309
2966,11490,11490,wikimedia-en,check,learned,0.005,-1,0.1,0.0002354783917426223,0.00018800479953882122
2966,11490,11490,wikimedia-en,check,learned,0.005,1,-0.1,0.00024108916898298084,0.0002041738294686422
2966,11490,11490,wikimedia-en,check,learned,0.005,1,0.1,0.00022893597042130355,0.00018489209823558108
2966,11490,11490,wikimedia-en,check,learned,0.01,-1,-0.1,0.0004498311007803353,0.0003463740283191362
2966,11490,11490,wikimedia-en,check,learned,0.01,-1,0.1,0.00045221160557877555,0.00036012519466348286
2966,11490,11490,wikimedia-en,check,learned,0.01,1,-0.1,0.00046262740105900454,0.0003944748617068047
2966,11490,11490,wikimedia-en,check,learned,0.01,1,0.1,0.0004522478059973292,0.0003821788466287202
2966,11490,11490,wikimedia-en,check,random_0,0.005,-1,-0.1,0.00026024127836974883,0.00011759153222680696
2966,11490,11490,wikimedia-en,check,random_0,0.005,-1,0.1,0.000266923628255655,0.0001350913694719962
2966,11490,11490,wikimedia-en,check,random_0,0.005,1,-0.1,0.00024227316595528057,9.866235075886505e-05
2966,11490,11490,wikimedia-en,check,random_0,0.005,1,0.1,0.00022634902896621412,7.631181285581542e-05
2966,11490,11490,wikimedia-en,check,random_0,0.01,-1,-0.1,0.0005672119803497983,0.0002813428521235612
2966,11490,11490,wikimedia-en,check,random_0,0.01,-1,0.1,0.0005799980699989732,0.00029954443972438153
2966,11490,11490,wikimedia-en,check,random_0,0.01,1,-0.1,0.0004187675575846655,0.00014857685289082118
2966,11490,11490,wikimedia-en,check,random_0,0.01,1,0.1,0.00043249734834358765,0.00014531366629548165
2966,11490,11490,wikimedia-en,check,random_1,0.005,-1,-0.1,0.00022623800151980454,3.053161285251399e-05
2966,11490,11490,wikimedia-en,check,random_1,0.005,-1,0.1,0.00022342912201543452,3.4968151733312314e-06
2966,11490,11490,wikimedia-en,check,random_1,0.005,1,-0.1,0.00020815512236343776,5.075482479893675e-05
2966,11490,11490,wikimedia-en,check,random_1,0.005,1,0.1,0.00022987557295498873,8.009895631114672e-05
2966,11490,11490,wikimedia-en,check,random_1,0.01,-1,-0.1,0.00049512966722687,1.8653502490236814e-05
2966,11490,11490,wikimedia-en,check,random_1,0.01,-1,0.1,0.0004932435003152418,2.6711032640091582e-06
2966,11490,11490,wikimedia-en,check,random_1,0.01,1,-0.1,0.00042269321267589027,0.0001557375313008747
2966,11490,11490,wikimedia-en,check,random_1,0.01,1,0.1,0.0004424154668112883,0.0001743712492388458
2966,11490,11490,wikimedia-en,check,random_2,0.005,-1,-0.1,5.898920858074995e-05,3.191548810625897e-05
2966,11490,11490,wikimedia-en,check,random_2,0.005,-1,0.1,7.326708062656288e-05,3.846696057724942e-05
2966,11490,11490,wikimedia-en,check,random_2,0.005,1,-0.1,9.022308437724322e-05,4.586733545323719e-05
2966,11490,11490,wikimedia-en,check,random_2,0.005,1,0.1,7.013883975294836e-05,1.200040179521973e-05
2966,11490,11490,wikimedia-en,check,random_2,0.01,-1,-0.1,9.945341751521683e-05,5.234130749412768e-05
2966,11490,11490,wikimedia-en,check,random_2,0.01,-1,0.1,0.00010388485997120835,6.896555202071514e-05
2966,11490,11490,wikimedia-en,check,random_2,0.01,1,-0.1,0.00020118968431825628,7.119907814254354e-05
2966,11490,11490,wikimedia-en,check,random_2,0.01,1,0.1,0.00019049689229595133,5.8340035317164395e-05
2966,11490,11490,wikimedia-en,check,approx_spectrum_matched,0.005,-1,-0.1,0.000102899646831466,6.067578049118098e-05
2966,11490,11490,wikimedia-en,check,approx_spectrum_matched,0.005,-1,0.1,9.960761869275299e-05,8.747329467394828e-05
2966,11490,11490,wikimedia-en,check,approx_spectrum_matched,0.005,1,-0.1,8.469062871331606e-05,6.873772987232225e-05
2966,11490,11490,wikimedia-en,check,approx_spectrum_matched,0.005,1,0.1,6.082618224755087e-05,4.156304795877283e-05
2966,11490,11490,wikimedia-en,check,approx_spectrum_matched,0.01,-1,-0.1,0.00022026831759119165,0.00015586125469749536
2966,11490,11490,wikimedia-en,check,approx_spectrum_matched,0.01,-1,0.1,0.00021145994186291174,0.00016291046762098585
2966,11490,11490,wikimedia-en,check,approx_spectrum_matched,0.01,1,-0.1,0.0001464790663651315,0.00012669956707816776
2966,11490,11490,wikimedia-en,check,approx_spectrum_matched,0.01,1,0.1,0.00011959110150447959,9.81830439606029e-05
2966,11490,11490,wikimedia-en,check,leading_pc,0.005,-1,-0.1,0.0002689213613403551,0.00025315351415150066
2966,11490,11490,wikimedia-en,check,leading_pc,0.005,-1,0.1,0.0002583036172718792,0.00024379409945481423
2966,11490,11490,wikimedia-en,check,leading_pc,0.005,1,-0.1,0.00026910012569648185,0.00023208682417630427
2966,11490,11490,wikimedia-en,check,leading_pc,0.005,1,0.1,0.0002730095743351663,0.0002458636956830688
2966,11490,11490,wikimedia-en,check,leading_pc,0.01,-1,-0.1,0.0005333828068771866,0.0005205812207678866
2966,11490,11490,wikimedia-en,check,leading_pc,0.01,-1,0.1,0.0005135100070778859,0.0004984159901100806
2966,11490,11490,wikimedia-en,check,leading_pc,0.01,1,-0.1,0.0005359089642247569,0.00044492212176675965
2966,11490,11490,wikimedia-en,check,leading_pc,0.01,1,0.1,0.0005394048450955503,0.0004503053125331313
2966,11490,11490,wikimedia-en,check,shuffled_labels,0.005,-1,-0.1,9.23144915796666e-05,8.580873538752773e-05
2966,11490,11490,wikimedia-en,check,shuffled_labels,0.005,-1,0.1,7.792166982961844e-05,7.14817304647157e-05
2966,11490,11490,wikimedia-en,check,shuffled_labels,0.005,1,-0.1,0.000107127174520036,9.236175754491682e-05
2966,11490,11490,wikimedia-en,check,shuffled_labels,0.005,1,0.1,0.00012735748313867702,0.00011764334581546543
2966,11490,11490,wikimedia-en,check,shuffled_labels,0.01,-1,-0.1,0.00017167793300051394,0.00016402600244441943
2966,11490,11490,wikimedia-en,check,shuffled_labels,0.01,-1,0.1,0.0001549918822323555,0.00014830334150840933
2966,11490,11490,wikimedia-en,check,shuffled_labels,0.01,1,-0.1,0.00024194023850138211,0.00022027779963012669
2966,11490,11490,wikimedia-en,check,shuffled_labels,0.01,1,0.1,0.0002595383082920204,0.00023846319039356328
1645,11751,11751,wikimedia-en,check,learned,0.005,-1,-0.1,0.005912068231781002,0.0019690773486534382
1645,11751,11751,wikimedia-en,check,learned,0.005,-1,0.1,0.006325730439238633,0.001982031741371205
1645,11751,11751,wikimedia-en,check,learned,0.005,1,-0.1,0.00621951447903043,0.001582864536290232
1645,11751,11751,wikimedia-en,check,learned,0.005,1,0.1,0.0064809697705503775,0.0015353529083512773
1645,11751,11751,wikimedia-en,check,learned,0.01,-1,-0.1,0.011291570125607971,0.004202479024338295
1645,11751,11751,wikimedia-en,check,learned,0.01,-1,0.1,0.012183584339361862,0.004345618237373667
1645,11751,11751,wikimedia-en,check,learned,0.01,1,-0.1,0.012401686892060157,0.002764801725394996
1645,11751,11751,wikimedia-en,check,learned,0.01,1,0.1,0.012671885925387497,0.002657469653220977
1645,11751,11751,wikimedia-en,check,random_0,0.005,-1,-0.1,0.009502152570450725,0.0024125729947886707
1645,11751,11751,wikimedia-en,check,random_0,0.005,-1,0.1,0.010568902325643004,0.0029196532945098483
1645,11751,11751,wikimedia-en,check,random_0,0.005,1,-0.1,0.006743916879904362,0.0012800034596792886
1645,11751,11751,wikimedia-en,check,random_0,0.005,1,0.1,0.007916709120537536,0.0014827045561759372
1645,11751,11751,wikimedia-en,check,random_0,0.01,-1,-0.1,0.02156195304337679,0.006767200539043893
1645,11751,11751,wikimedia-en,check,random_0,0.01,-1,0.1,0.022906991984281033,0.008051637166830465
1645,11751,11751,wikimedia-en,check,random_0,0.01,1,-0.1,0.01128838929509209,0.002008995513836435
1645,11751,11751,wikimedia-en,check,random_0,0.01,1,0.1,0.013400403713408778,0.0022320624331398837
1645,11751,11751,wikimedia-en,check,random_1,0.005,-1,-0.1,0.004462804660000811,0.00017716460709970482
1645,11751,11751,wikimedia-en,check,random_1,0.005,-1,0.1,0.004698244748268964,9.596674880611063e-06
1645,11751,11751,wikimedia-en,check,random_1,0.005,1,-0.1,0.004478407677594831,0.0001076911236938609
1645,11751,11751,wikimedia-en,check,random_1,0.005,1,0.1,0.004603885974558824,0.00013312315716547965
1645,11751,11751,wikimedia-en,check,random_1,0.01,-1,-0.1,0.008796167688887918,0.00041871107185719147
1645,11751,11751,wikimedia-en,check,random_1,0.01,-1,0.1,0.009335570260225499,0.0001099625566125829
1645,11751,11751,wikimedia-en,check,random_1,0.01,1,-0.1,0.008816801218296784,0.0001505389077210127
1645,11751,11751,wikimedia-en,check,random_1,0.01,1,0.1,0.008956901373709537,0.000378831105249204
1645,11751,11751,wikimedia-en,check,random_2,0.005,-1,-0.1,0.00354513329631474,0.002264746830523412
1645,11751,11751,wikimedia-en,check,random_2,0.005,-1,0.1,0.0043180563018071095,0.0025158373519064735
1645,11751,11751,wikimedia-en,check,random_2,0.005,1,-0.1,0.004379750959368013,0.0026934973517143703
1645,11751,11751,wikimedia-en,check,random_2,0.005,1,0.1,0.0050196107705836905,0.003012573051394555
1645,11751,11751,wikimedia-en,check,random_2,0.01,-1,-0.1,0.006292648472797106,0.00425192815669605
1645,11751,11751,wikimedia-en,check,random_2,0.01,-1,0.1,0.007822067323004948,0.00465528454345377
1645,11751,11751,wikimedia-en,check,random_2,0.01,1,-0.1,0.00943717185024025,0.005907250685922518
1645,11751,11751,wikimedia-en,check,random_2,0.01,1,0.1,0.01048996998092549,0.0065829943266865094
1645,11751,11751,wikimedia-en,check,approx_spectrum_matched,0.005,-1,-0.1,0.00431144271632727,0.0015741532128520504
1645,11751,11751,wikimedia-en,check,approx_spectrum_matched,0.005,-1,0.1,0.004940151154271395,0.001744778410436268
1645,11751,11751,wikimedia-en,check,approx_spectrum_matched,0.005,1,-0.1,0.004692654482149185,0.0018111319720259817
1645,11751,11751,wikimedia-en,check,approx_spectrum_matched,0.005,1,0.1,0.005104916797992964,0.0019629475999321517
1645,11751,11751,wikimedia-en,check,approx_spectrum_matched,0.01,-1,-0.1,0.007963780263486347,0.0028927088029385714
1645,11751,11751,wikimedia-en,check,approx_spectrum_matched,0.01,-1,0.1,0.00934564516763357,0.0032024971904676997
1645,11751,11751,wikimedia-en,check,approx_spectrum_matched,0.01,1,-0.1,0.009404808972207867,0.003756201392433741
1645,11751,11751,wikimedia-en,check,approx_spectrum_matched,0.01,1,0.1,0.009949206391770308,0.003999053291611743
1645,11751,11751,wikimedia-en,check,leading_pc,0.005,-1,-0.1,0.003724565153117365,0.0014096019708479408
1645,11751,11751,wikimedia-en,check,leading_pc,0.005,-1,0.1,0.004269202407488432,0.001057213025006745
1645,11751,11751,wikimedia-en,check,leading_pc,0.005,1,-0.1,0.003337432459275121,0.0008941340571718104
1645,11751,11751,wikimedia-en,check,leading_pc,0.005,1,0.1,0.0038606942579304257,0.0006906342267314643
1645,11751,11751,wikimedia-en,check,leading_pc,0.01,-1,-0.1,0.007976767889043468,0.003426393105685075
1645,11751,11751,wikimedia-en,check,leading_pc,0.01,-1,0.1,0.009063783819608208,0.0024730090038301623
1645,11751,11751,wikimedia-en,check,leading_pc,0.01,1,-0.1,0.006385875289036354,0.0013653747152624536
1645,11751,11751,wikimedia-en,check,leading_pc,0.01,1,0.1,0.007403293205869128,0.0010499188684523516
1645,11751,11751,wikimedia-en,check,shuffled_labels,0.005,-1,-0.1,0.003585349341801428,0.0024423153415892972
1645,11751,11751,wikimedia-en,check,shuffled_labels,0.005,-1,0.1,0.004232842843859076,0.002550744045680868
1645,11751,11751,wikimedia-en,check,shuffled_labels,0.005,1,-0.1,0.003425235751689769,0.0023906709248491084
1645,11751,11751,wikimedia-en,check,shuffled_labels,0.005,1,0.1,0.003978572204138491,0.002528581945099505
1645,11751,11751,wikimedia-en,check,shuffled_labels,0.01,-1,-0.1,0.007176499936357239,0.004900812285945959
1645,11751,11751,wikimedia-en,check,shuffled_labels,0.01,-1,0.1,0.008501139688615383,0.005067586944916451
1645,11751,11751,wikimedia-en,check,shuffled_labels,0.01,1,-0.1,0.006562269629548059,0.004678572933936488
1645,11751,11751,wikimedia-en,check,shuffled_labels,0.01,1,0.1,0.0075471910474363855,0.004987502728145926
28027,11791,11791,wikimedia-en,check,learned,0.005,-1,-0.1,0.0002614817111984152,7.679395815879685e-05
28027,11791,11791,wikimedia-en,check,learned,0.005,-1,0.1,0.00023770846473237744,5.445339401145346e-05
28027,11791,11791,wikimedia-en,check,learned,0.005,1,-0.1,0.0002252778031143408,0.0001248470521557621
28027,11791,11791,wikimedia-en,check,learned,0.005,1,0.1,0.00021006516972451353,9.3881717961033e-05
28027,11791,11791,wikimedia-en,check,learned,0.01,-1,-0.1,0.0005607623226758894,0.0001241043721429602
28027,11791,11791,wikimedia-en,check,learned,0.01,-1,0.1,0.00047610656081283406,8.46274694445197e-05
28027,11791,11791,wikimedia-en,check,learned,0.01,1,-0.1,0.00040975387217073625,0.00027014111261336357
28027,11791,11791,wikimedia-en,check,learned,0.01,1,0.1,0.00038973008273929846,0.00022549097182383
28027,11791,11791,wikimedia-en,check,random_0,0.005,-1,-0.1,0.0005568819568731536,0.0003066494104041896
28027,11791,11791,wikimedia-en,check,random_0,0.005,-1,0.1,0.0005376399752490967,0.0002959920824872988
28027,11791,11791,wikimedia-en,check,random_0,0.005,1,-0.1,0.0006147102814202144,0.0003456351745400132
28027,11791,11791,wikimedia-en,check,random_0,0.005,1,0.1,0.0005920651027852673,0.00033646077278861653
28027,11791,11791,wikimedia-en,check,random_0,0.01,-1,-0.1,0.0010408528638503143,0.0005624987880732548
28027,11791,11791,wikimedia-en,check,random_0,0.01,-1,0.1,0.0010400675423916331,0.0005574732294013145
28027,11791,11791,wikimedia-en,check,random_0,0.01,1,-0.1,0.0012751364740020866,0.0007022146875085082
28027,11791,11791,wikimedia-en,check,random_0,0.01,1,0.1,0.0012355630136728424,0.0006999641682571725
28027,11791,11791,wikimedia-en,check,random_1,0.005,-1,-0.1,0.00041509489427223896,0.00038216634286601675
28027,11791,11791,wikimedia-en,check,random_1,0.005,-1,0.1,0.000441973517222201,0.0004091141133331744
28027,11791,11791,wikimedia-en,check,random_1,0.005,1,-0.1,0.0003880107637768555,0.00033103792423891875
28027,11791,11791,wikimedia-en,check,random_1,0.005,1,0.1,0.0003863450037801826,0.0003316012311921891
28027,11791,11791,wikimedia-en,check,random_1,0.01,-1,-0.1,0.0008856391159128896,0.0008381435512550176
28027,11791,11791,wikimedia-en,check,random_1,0.01,-1,0.1,0.0009210921890389272,0.0008784034553240952
28027,11791,11791,wikimedia-en,check,random_1,0.01,1,-0.1,0.0007182679723202431,0.0005777866285562126
28027,11791,11791,wikimedia-en,check,random_1,0.01,1,0.1,0.0007166983044410485,0.0005964776698677792
28027,11791,11791,wikimedia-en,check,random_2,0.005,-1,-0.1,0.0006160146006649099,0.0006139119011218453
28027,11791,11791,wikimedia-en,check,random_2,0.005,-1,0.1,0.0005979904896673944,0.0005978898936584054
28027,11791,11791,wikimedia-en,check,random_2,0.005,1,-0.1,0.0006487330545590729,0.0006219457077490706
28027,11791,11791,wikimedia-en,check,random_2,0.005,1,0.1,0.0006374176782982455,0.0006233704987490915
28027,11791,11791,wikimedia-en,check,random_2,0.01,-1,-0.1,0.0012038650987377835,0.0012029167396408935
28027,11791,11791,wikimedia-en,check,random_2,0.01,-1,0.1,0.0011855995955859942,0.001179032397636342
28027,11791,11791,wikimedia-en,check,random_2,0.01,1,-0.1,0.0013418994243118265,0.0012484273299895494
28027,11791,11791,wikimedia-en,check,random_2,0.01,1,0.1,0.0013106092009058138,0.0012602543761541813
28027,11791,11791,wikimedia-en,check,approx_spectrum_matched,0.005,-1,-0.1,0.0003827500464435238,0.00017342126941819724
28027,11791,11791,wikimedia-en,check,approx_spectrum_matched,0.005,-1,0.1,0.0003443890972381309,0.00013702537111058588
28027,11791,11791,wikimedia-en,check,approx_spectrum_matched,0.005,1,-0.1,0.00037354774423208303,0.00017436720975019
28027,11791,11791,wikimedia-en,check,approx_spectrum_matched,0.005,1,0.1,0.00036607129009811506,0.00014618602425842475
28027,11791,11791,wikimedia-en,check,approx_spectrum_matched,0.01,-1,-0.1,0.0007112160488629722,0.00032888979360047
28027,11791,11791,wikimedia-en,check,approx_spectrum_matched,0.01,-1,0.1,0.0006683312934726961,0.0002698892768142163
28027,11791,11791,wikimedia-en,check,approx_spectrum_matched,0.01,1,-0.1,0.0007302806223929976,0.0003250313718478295
28027,11791,11791,wikimedia-en,check,approx_spectrum_matched,0.01,1,0.1,0.0007101074345403209,0.0002583492305624744
28027,11791,11791,wikimedia-en,check,leading_pc,0.005,-1,-0.1,0.0001899783210462431,0.00015826847757082575
28027,11791,11791,wikimedia-en,check,leading_pc,0.005,-1,0.1,0.00017763768195877582,0.0001505893335046348
28027,11791,11791,wikimedia-en,check,leading_pc,0.005,1,-0.1,0.00030663632532046777,0.00023488906957444487
28027,11791,11791,wikimedia-en,check,leading_pc,0.005,1,0.1,0.0002718215437894882,0.00022873332761975045
28027,11791,11791,wikimedia-en,check,leading_pc,0.01,-1,-0.1,0.00023913811349891845,0.00021621286557331446
28027,11791,11791,wikimedia-en,check,leading_pc,0.01,-1,0.1,0.00020738853499372085,0.00018373589894579365
28027,11791,11791,wikimedia-en,check,leading_pc,0.01,1,-0.1,0.0006686644471370378,0.0004923265872042479
28027,11791,11791,wikimedia-en,check,leading_pc,0.01,1,0.1,0.0006324081910701893,0.0004989245100232888
28027,11791,11791,wikimedia-en,check,shuffled_labels,0.005,-1,-0.1,0.0007999592824340524,0.00042635864057390235
28027,11791,11791,wikimedia-en,check,shuffled_labels,0.005,-1,0.1,0.0007957967890914503,0.00038405795834588636
28027,11791,11791,wikimedia-en,check,shuffled_labels,0.005,1,-0.1,0.0008214278179221015,0.00038249400389949747
28027,11791,11791,wikimedia-en,check,shuffled_labels,0.005,1,0.1,0.0008123962211327481,0.0003464169608147175
28027,11791,11791,wikimedia-en,check,shuffled_labels,0.01,-1,-0.1,0.001570147435114309,0.0008761212371895045
28027,11791,11791,wikimedia-en,check,shuffled_labels,0.01,-1,0.1,0.0015402528877333371,0.0007908503708222221
28027,11791,11791,wikimedia-en,check,shuffled_labels,0.01,1,-0.1,0.0016664831241098653,0.000746478096333966
28027,11791,11791,wikimedia-en,check,shuffled_labels,0.01,1,0.1,0.0016186918617145908,0.0006552881678168567
1645,11822,11822,wikimedia-en,check,learned,0.005,-1,-0.1,0.006315803563112768,0.006046267443769646
1645,11822,11822,wikimedia-en,check,learned,0.005,-1,0.1,0.006315875420204257,0.0059998588000100776
1645,11822,11822,wikimedia-en,check,learned,0.005,1,-0.1,0.006398119981377738,0.005089924068034116
1645,11822,11822,wikimedia-en,check,learned,0.005,1,0.1,0.006307788526158736,0.004888135140772219
1645,11822,11822,wikimedia-en,check,learned,0.01,-1,-0.1,0.013386680451849915,0.013363761807000434
1645,11822,11822,wikimedia-en,check,learned,0.01,-1,0.1,0.01347679913517842,0.013421821879278586
1645,11822,11822,wikimedia-en,check,learned,0.01,1,-0.1,0.013033428241976758,0.009548598429279367
1645,11822,11822,wikimedia-en,check,learned,0.01,1,0.1,0.012869281878820613,0.009033622213432463
1645,11822,11822,wikimedia-en,check,random_0,0.005,-1,-0.1,0.004195134106222311,0.0022907143993677877
1645,11822,11822,wikimedia-en,check,random_0,0.005,-1,0.1,0.004122731450142029,0.002168372593121914
1645,11822,11822,wikimedia-en,check,random_0,0.005,1,-0.1,0.0028004379586213522,0.0020523597634417743
1645,11822,11822,wikimedia-en,check,random_0,0.005,1,0.1,0.0027856448460549695,0.0020034207565524883
1645,11822,11822,wikimedia-en,check,random_0,0.01,-1,-0.1,0.009649580760602983,0.004645661660335475
1645,11822,11822,wikimedia-en,check,random_0,0.01,-1,0.1,0.009521461641150013,0.004327160250876615
1645,11822,11822,wikimedia-en,check,random_0,0.01,1,-0.1,0.004370134824320631,0.0037690551589687196
1645,11822,11822,wikimedia-en,check,random_0,0.01,1,0.1,0.004339733512371165,0.0037013175298134314
1645,11822,11822,wikimedia-en,check,random_1,0.005,-1,-0.1,0.00027971163650979884,0.00027508320531464194
1645,11822,11822,wikimedia-en,check,random_1,0.005,-1,0.1,0.0005103639137998749,0.00048255475844234165
1645,11822,11822,wikimedia-en,check,random_1,0.005,1,-0.1,0.0006122635532215054,0.00015149137922140278
1645,11822,11822,wikimedia-en,check,random_1,0.005,1,0.1,0.0006236534215602358,0.00034895430060777316
1645,11822,11822,wikimedia-en,check,random_1,0.01,-1,-0.1,0.0009962062919667255,0.0006416870473735525
1645,11822,11822,wikimedia-en,check,random_1,0.01,-1,0.1,0.0014908122916001477,0.0010718564923807552
1645,11822,11822,wikimedia-en,check,random_1,0.01,1,-0.1,0.0017819583239641183,0.0001510419684641392
1645,11822,11822,wikimedia-en,check,random_1,0.01,1,0.1,0.001714526337787736,0.0005131694563250432
1645,11822,11822,wikimedia-en,check,random_2,0.005,-1,-0.1,0.0055276862138842475,0.002651907125235093
1645,11822,11822,wikimedia-en,check,random_2,0.005,-1,0.1,0.005034229407016688,0.0024448350725907904
1645,11822,11822,wikimedia-en,check,random_2,0.005,1,-0.1,0.004584609844963624,0.0024384958150195897
1645,11822,11822,wikimedia-en,check,random_2,0.005,1,0.1,0.0039972090325785655,0.0021711990627288824
1645,11822,11822,wikimedia-en,check,random_2,0.01,-1,-0.1,0.011916342806787111,0.005436152839380954
1645,11822,11822,wikimedia-en,check,random_2,0.01,-1,0.1,0.01103623582299698,0.005118231190145801
1645,11822,11822,wikimedia-en,check,random_2,0.01,1,-0.1,0.008242523753909735,0.0046245940394992946
1645,11822,11822,wikimedia-en,check,random_2,0.01,1,0.1,0.006968523044132184,0.004037690655374097
1645,11822,11822,wikimedia-en,check,approx_spectrum_matched,0.005,-1,-0.1,0.004271991312238258,0.0007130301204223093
1645,11822,11822,wikimedia-en,check,approx_spectrum_matched,0.005,-1,0.1,0.004368312779680159,0.0005889066143044044
1645,11822,11822,wikimedia-en,check,approx_spectrum_matched,0.005,1,-0.1,0.0041306774812306084,0.0010491184700660203
1645,11822,11822,wikimedia-en,check,approx_spectrum_matched,0.005,1,0.1,0.0041819007256246495,0.0009057647710359768
1645,11822,11822,wikimedia-en,check,approx_spectrum_matched,0.01,-1,-0.1,0.008560206375831436,0.0010781613419362922
1645,11822,11822,wikimedia-en,check,approx_spectrum_matched,0.01,-1,0.1,0.008792279837584124,0.00082788426588594
1645,11822,11822,wikimedia-en,check,approx_spectrum_matched,0.01,1,-0.1,0.007960391227099387,0.0023523916436152905
1645,11822,11822,wikimedia-en,check,approx_spectrum_matched,0.01,1,0.1,0.008052103990231199,0.0020775572252728436
1645,11822,11822,wikimedia-en,check,leading_pc,0.005,-1,-0.1,0.0054232007336613925,0.0019505162167405342
1645,11822,11822,wikimedia-en,check,leading_pc,0.005,-1,0.1,0.006332248178267841,0.0016025238873827604
1645,11822,11822,wikimedia-en,check,leading_pc,0.005,1,-0.1,0.004805392651917095,0.0012848332601265308
1645,11822,11822,wikimedia-en,check,leading_pc,0.005,1,0.1,0.005564181068409048,0.0011081008871459805
1645,11822,11822,wikimedia-en,check,leading_pc,0.01,-1,-0.1,0.011056145517175384,0.0052867029420594685
1645,11822,11822,wikimedia-en,check,leading_pc,0.01,-1,0.1,0.01295022742410242,0.004364425287151686
1645,11822,11822,wikimedia-en,check,leading_pc,0.01,1,-0.1,0.008545949953362162,0.0024708065639207294
1645,11822,11822,wikimedia-en,check,leading_pc,0.01,1,0.1,0.009944135553345852,0.002159841646957442
1645,11822,11822,wikimedia-en,check,shuffled_labels,0.005,-1,-0.1,0.0034637111134897623,0.0027937197142572797
1645,11822,11822,wikimedia-en,check,shuffled_labels,0.005,-1,0.1,0.0036343697383516495,0.002883714458700926
1645,11822,11822,wikimedia-en,check,shuffled_labels,0.005,1,-0.1,0.003553582973048802,0.0034412686052931467
1645,11822,11822,wikimedia-en,check,shuffled_labels,0.005,1,0.1,0.003719559839668391,0.0035753713780346304
1645,11822,11822,wikimedia-en,check,shuffled_labels,0.01,-1,-0.1,0.0071968381463382875,0.004778112663656502
1645,11822,11822,wikimedia-en,check,shuffled_labels,0.01,-1,0.1,0.007565706082618622,0.004938900434721332
1645,11822,11822,wikimedia-en,check,shuffled_labels,0.01,1,-0.1,0.007322835915875971,0.007282426210641999
1645,11822,11822,wikimedia-en,check,shuffled_labels,0.01,1,0.1,0.0076714601158756205,0.007608577273982297
2966,11953,11953,wikimedia-en,fit,learned,0.005,-1,-0.1,0.0002465819877268026,2.7812076188115943e-05
2966,11953,11953,wikimedia-en,fit,learned,0.005,-1,0.1,0.0002435547020871848,2.492179962325039e-05
2966,11953,11953,wikimedia-en,fit,learned,0.005,1,-0.1,0.00023960308043946457,4.71382087103874e-05
2966,11953,11953,wikimedia-en,fit,learned,0.005,1,0.1,0.00024247579749283511,4.164055020006764e-05
2966,11953,11953,wikimedia-en,fit,learned,0.01,-1,-0.1,0.00048728400752308685,2.885909776775852e-05
2966,11953,11953,wikimedia-en,fit,learned,0.01,-1,0.1,0.0004884035289845775,3.498038365955444e-05
2966,11953,11953,wikimedia-en,fit,learned,0.01,1,-0.1,0.0004682057718959754,0.00010525591846655957
2966,11953,11953,wikimedia-en,fit,learned,0.01,1,0.1,0.0004639691708162651,9.23766398990463e-05
2966,11953,11953,wikimedia-en,fit,random_0,0.005,-1,-0.1,0.00020082332478527304,0.00014629578514139014
2966,11953,11953,wikimedia-en,fit,random_0,0.005,-1,0.1,0.00020177030650745095,0.0001562058346633409
2966,11953,11953,wikimedia-en,fit,random_0,0.005,1,-0.1,0.00021387887435192528,0.00017883760826538454
2966,11953,11953,wikimedia-en,fit,random_0,0.005,1,0.1,0.0002016215016752769,0.00016992488658361033
2966,11953,11953,wikimedia-en,fit,random_0,0.01,-1,-0.1,0.0004121142899218537,0.00027817014249288127
2966,11953,11953,wikimedia-en,fit,random_0,0.01,-1,0.1,0.0004091380218786552,0.00028347417082786274
2966,11953,11953,wikimedia-en,fit,random_0,0.01,1,-0.1,0.0004012284349794195,0.00035444847152514704
2966,11953,11953,wikimedia-en,fit,random_0,0.01,1,0.1,0.00039201155149071453,0.0003464144590090421
2966,11953,11953,wikimedia-en,fit,random_1,0.005,-1,-0.1,0.00030083710728921254,0.00015760885058422886
2966,11953,11953,wikimedia-en,fit,random_1,0.005,-1,0.1,0.00029521765981351466,0.00014983323352124058
2966,11953,11953,wikimedia-en,fit,random_1,0.005,1,-0.1,0.0003256229620560557,0.0001235464752463423
2966,11953,11953,wikimedia-en,fit,random_1,0.005,1,0.1,0.00033549721633776826,0.0001315051116382382
2966,11953,11953,wikimedia-en,fit,random_1,0.01,-1,-0.1,0.0005532447517319375,0.00032180461693852395
2966,11953,11953,wikimedia-en,fit,random_1,0.01,-1,0.1,0.0005507097603289576,0.00031779442714704987
2966,11953,11953,wikimedia-en,fit,random_1,0.01,1,-0.1,0.0007066432677136279,0.00022769225651695396
2966,11953,11953,wikimedia-en,fit,random_1,0.01,1,0.1,0.0007019698913131123,0.00023480394110881502
2966,11953,11953,wikimedia-en,fit,random_2,0.005,-1,-0.1,0.00018728230875839015,0.0001431749958854204
2966,11953,11953,wikimedia-en,fit,random_2,0.005,-1,0.1,0.00018481746294805003,0.00013635665443411944
2966,11953,11953,wikimedia-en,fit,random_2,0.005,1,-0.1,0.0001483814265348566,0.00011466592271862293
2966,11953,11953,wikimedia-en,fit,random_2,0.005,1,0.1,0.00016217669184145816,0.00012368526916067246
2966,11953,11953,wikimedia-en,fit,random_2,0.01,-1,-0.1,0.00040130231088533004,0.0003038407570535034
2966,11953,11953,wikimedia-en,fit,random_2,0.01,-1,0.1,0.00039325307116288216,0.00029446220731260865
2966,11953,11953,wikimedia-en,fit,random_2,0.01,1,-0.1,0.0002685558558839611,0.0002058513100600281
2966,11953,11953,wikimedia-en,fit,random_2,0.01,1,0.1,0.0002794876983826649,0.00021419358981943442
2966,11953,11953,wikimedia-en,fit,approx_spectrum_matched,0.005,-1,-0.1,0.00026094888976404944,0.0002609482998793471
2966,11953,11953,wikimedia-en,fit,approx_spectrum_matched,0.005,-1,0.1,0.000271038619804039,0.00027090816201179524
2966,11953,11953,wikimedia-en,fit,approx_spectrum_matched,0.005,1,-0.1,0.0002677983027794422,0.00026569145479589135
2966,11953,11953,wikimedia-en,fit,approx_spectrum_matched,0.005,1,0.1,0.000254442112728962,0.00025164411531926285
2966,11953,11953,wikimedia-en,fit,approx_spectrum_matched,0.01,-1,-0.1,0.0005472968980147776,0.0005435721811207402
2966,11953,11953,wikimedia-en,fit,approx_spectrum_matched,0.01,-1,0.1,0.0005521603916847127,0.0005492718421096772
2966,11953,11953,wikimedia-en,fit,approx_spectrum_matched,0.01,1,-0.1,0.0005258684296089315,0.0005151933724815505
2966,11953,11953,wikimedia-en,fit,approx_spectrum_matched,0.01,1,0.1,0.000523184895558236,0.0005112585421387357
2966,11953,11953,wikimedia-en,fit,leading_pc,0.005,-1,-0.1,0.0005249091358632511,0.0003577031225718299
2966,11953,11953,wikimedia-en,fit,leading_pc,0.005,-1,0.1,0.0005314681165643774,0.00036726599935747115
2966,11953,11953,wikimedia-en,fit,leading_pc,0.005,1,-0.1,0.0004949875755072147,0.00034995668899409513
2966,11953,11953,wikimedia-en,fit,leading_pc,0.005,1,0.1,0.0004898028140494471,0.000338103091522917
2966,11953,11953,wikimedia-en,fit,leading_pc,0.01,-1,-0.1,0.001087591892283142,0.0007497235901301444
2966,11953,11953,wikimedia-en,fit,leading_pc,0.01,-1,0.1,0.0011029986891654795,0.0007615706883386009
2966,11953,11953,wikimedia-en,fit,leading_pc,0.01,1,-0.1,0.0009487589286130458,0.0006680315981400662
2966,11953,11953,wikimedia-en,fit,leading_pc,0.01,1,0.1,0.0009526499969286841,0.0006618000980196836
2966,11953,11953,wikimedia-en,fit,shuffled_labels,0.005,-1,-0.1,0.0001155740056457635,3.693222824025544e-05
2966,11953,11953,wikimedia-en,fit,shuffled_labels,0.005,-1,0.1,0.00010761951625856415,1.814245605378177e-05
2966,11953,11953,wikimedia-en,fit,shuffled_labels,0.005,1,-0.1,0.00010653469494415063,4.882794129820994e-06
2966,11953,11953,wikimedia-en,fit,shuffled_labels,0.005,1,0.1,0.00011367266797776101,2.860890581979215e-06
2966,11953,11953,wikimedia-en,fit,shuffled_labels,0.01,-1,-0.1,0.00022498680960347328,9.581190372695378e-05
2966,11953,11953,wikimedia-en,fit,shuffled_labels,0.01,-1,0.1,0.00021908786452190377,7.220908369301068e-05
2966,11953,11953,wikimedia-en,fit,shuffled_labels,0.01,1,-0.1,0.00024205768408577008,3.2168470816834034e-05
2966,11953,11953,wikimedia-en,fit,shuffled_labels,0.01,1,0.1,0.00023311680612797886,2.081832269359e-05
28027,11989,11989,wikimedia-en,check,learned,0.005,-1,-0.1,0.001072908295241369,0.00014883542051681784
28027,11989,11989,wikimedia-en,check,learned,0.005,-1,0.1,0.001109938535063005,0.00012912170631659416
28027,11989,11989,wikimedia-en,check,learned,0.005,1,-0.1,0.0010945552625029047,0.00011599401564025572
28027,11989,11989,wikimedia-en,check,learned,0.005,1,0.1,0.0011607717959179655,9.951943160003611e-05
28027,11989,11989,wikimedia-en,check,learned,0.01,-1,-0.1,0.002078464473666345,0.00035797376364846617
28027,11989,11989,wikimedia-en,check,learned,0.01,-1,0.1,0.0021469706233741346,0.00030748424887602185
28027,11989,11989,wikimedia-en,check,learned,0.01,1,-0.1,0.0021922029697628814,0.00020178257295630508
28027,11989,11989,wikimedia-en,check,learned,0.01,1,0.1,0.002306104245559223,0.00017444779025876386
28027,11989,11989,wikimedia-en,check,random_0,0.005,-1,-0.1,0.0007951792551850632,0.0003058546675703569
28027,11989,11989,wikimedia-en,check,random_0,0.005,-1,0.1,0.0008174286597995045,0.0002982077693495613
28027,11989,11989,wikimedia-en,check,random_0,0.005,1,-0.1,0.000638469107547296,0.00025675448430019336
28027,11989,11989,wikimedia-en,check,random_0,0.005,1,0.1,0.0006523160209373078,0.0002571686007641787
28027,11989,11989,wikimedia-en,check,random_0,0.01,-1,-0.1,0.0017120621525390269,0.0006352669863035588
28027,11989,11989,wikimedia-en,check,random_0,0.01,-1,0.1,0.0017469289013748786,0.0006288625287837526
28027,11989,11989,wikimedia-en,check,random_0,0.01,1,-0.1,0.0010806678667724145,0.0004516220313891026
28027,11989,11989,wikimedia-en,check,random_0,0.01,1,0.1,0.0011197817869510642,0.0004637423700277946
28027,11989,11989,wikimedia-en,check,random_1,0.005,-1,-0.1,0.00037321334928137575,5.907936036091968e-05
28027,11989,11989,wikimedia-en,check,random_1,0.005,-1,0.1,0.0003795650736075672,8.54430694332389e-05
28027,11989,11989,wikimedia-en,check,random_1,0.005,1,-0.1,0.00037693788852497786,4.43998104428015e-05
28027,11989,11989,wikimedia-en,check,random_1,0.005,1,0.1,0.0004088516469548014,8.866468519592657e-05
28027,11989,11989,wikimedia-en,check,random_1,0.01,-1,-0.1,0.0007243570789290931,0.00010986818283195587
28027,11989,11989,wikimedia-en,check,random_1,0.01,-1,0.1,0.0007500612121804235,0.00018299584759506098
28027,11989,11989,wikimedia-en,check,random_1,0.01,1,-0.1,0.000767823471220386,8.987464108906782e-05
28027,11989,11989,wikimedia-en,check,random_1,0.01,1,0.1,0.0008149264219277417,0.00016492374719812697
28027,11989,11989,wikimedia-en,check,random_2,0.005,-1,-0.1,0.0006437520623897413,6.664336508745474e-05
28027,11989,11989,wikimedia-en,check,random_2,0.005,-1,0.1,0.0006239969467890045,6.930613421271114e-05
28027,11989,11989,wikimedia-en,check,random_2,0.005,1,-0.1,0.0006558244649373062,6.783271614866677e-05
28027,11989,11989,wikimedia-en,check,random_2,0.005,1,0.1,0.0006495553059468847,7.465964629199416e-05
28027,11989,11989,wikimedia-en,check,random_2,0.01,-1,-0.1,0.0012687106364555746,0.00012577665545947177
28027,11989,11989,wikimedia-en,check,random_2,0.01,-1,0.1,0.0012251049079745487,0.00013503719457407318
28027,11989,11989,wikimedia-en,check,random_2,0.01,1,-0.1,0.001319996189681295,0.00012843006178112908
28027,11989,11989,wikimedia-en,check,random_2,0.01,1,0.1,0.0013181124617128272,0.00013773272137754467
28027,11989,11989,wikimedia-en,check,approx_spectrum_matched,0.005,-1,-0.1,0.0010379001276487985,0.00038089993401044063
28027,11989,11989,wikimedia-en,check,approx_spectrum_matched,0.005,-1,0.1,0.0010266218747618948,0.00040060748395429
28027,11989,11989,wikimedia-en,check,approx_spectrum_matched,0.005,1,-0.1,0.0009038690774071529,0.00041508627716872965
28027,11989,11989,wikimedia-en,check,approx_spectrum_matched,0.005,1,0.1,0.0009060389104310661,0.0004188727060906567
28027,11989,11989,wikimedia-en,check,approx_spectrum_matched,0.01,-1,-0.1,0.002257309283981973,0.000723608001077752
28027,11989,11989,wikimedia-en,check,approx_spectrum_matched,0.01,-1,0.1,0.002232950617730113,0.0007607207436415736
28027,11989,11989,wikimedia-en,check,approx_spectrum_matched,0.01,1,-0.1,0.0017399678134545835,0.0008423630150390854
28027,11989,11989,wikimedia-en,check,approx_spectrum_matched,0.01,1,0.1,0.0017435183424063352,0.0008587878050143046
28027,11989,11989,wikimedia-en,check,leading_pc,0.005,-1,-0.1,0.0012772249511255114,0.0008764706552241328
28027,11989,11989,wikimedia-en,check,leading_pc,0.005,-1,0.1,0.0013210788742976367,0.0008929866703931766
28027,11989,11989,wikimedia-en,check,leading_pc,0.005,1,-0.1,0.001184144510784962,0.0008348083145317174
28027,11989,11989,wikimedia-en,check,leading_pc,0.005,1,0.1,0.0012217405500448552,0.0008406234017126091
28027,11989,11989,wikimedia-en,check,leading_pc,0.01,-1,-0.1,0.002664922236116042,0.0018094832800598574
28027,11989,11989,wikimedia-en,check,leading_pc,0.01,-1,0.1,0.0027508371971980915,0.0018353099201440443
28027,11989,11989,wikimedia-en,check,leading_pc,0.01,1,-0.1,0.002283092379666208,0.0016141234900013562
28027,11989,11989,wikimedia-en,check,leading_pc,0.01,1,0.1,0.0023413763002912303,0.0016168566166459184
28027,11989,11989,wikimedia-en,check,shuffled_labels,0.005,-1,-0.1,0.0006854591784027608,0.00010453912429837016
28027,11989,11989,wikimedia-en,check,shuffled_labels,0.005,-1,0.1,0.000715443427573397,0.0001298235279751405
28027,11989,11989,wikimedia-en,check,shuffled_labels,0.005,1,-0.1,0.0006590181073751992,8.59199459089363e-05
28027,11989,11989,wikimedia-en,check,shuffled_labels,0.005,1,0.1,0.0006695758174099165,9.37750702961302e-05
28027,11989,11989,wikimedia-en,check,shuffled_labels,0.01,-1,-0.1,0.0014038477897355065,0.00024275728207662195
28027,11989,11989,wikimedia-en,check,shuffled_labels,0.01,-1,0.1,0.0014511764724120814,0.0002778353903309505
28027,11989,11989,wikimedia-en,check,shuffled_labels,0.01,1,-0.1,0.001267492007345691,0.00012104544086857476
28027,11989,11989,wikimedia-en,check,shuffled_labels,0.01,1,0.1,0.0013059367604689243,0.00016144719870805227
